Time (s), Node Label, Z Position (m), U1 Displacement (m)
0.0,2,-3600.0,0.0
0.0,3,-4100.0,0.0
0.0,6,-2500.0,0.0
0.0,35,-3601.0,0.0
0.0,36,-3602.03662109375,0.0
0.0,37,-3603.11108398438,0.0
0.0,38,-3604.22485351562,0.0
0.0,39,-3605.37939453125,0.0
0.0,40,-3606.57592773438,0.0
0.0,41,-3607.81640625,0.0
0.0,42,-3609.10229492188,0.0
0.0,43,-3610.43505859375,0.0
0.0,44,-3611.81665039062,0.0
0.0,45,-3613.24877929688,0.0
0.0,46,-3614.7333984375,0.0
0.0,47,-3616.27221679688,0.0
0.0,48,-3617.8671875,0.0
0.0,49,-3619.5205078125,0.0
0.0,50,-3621.234375,0.0
0.0,51,-3623.0107421875,0.0
0.0,52,-3624.85229492188,0.0
0.0,53,-3626.76098632812,0.0
0.0,54,-3628.73974609375,0.0
0.0,55,-3630.79052734375,0.0
0.0,56,-3632.91650390625,0.0
0.0,57,-3635.1201171875,0.0
0.0,58,-3637.40454101562,0.0
0.0,59,-3639.77221679688,0.0
0.0,60,-3642.2265625,0.0
0.0,61,-3644.77075195312,0.0
0.0,62,-3647.40795898438,0.0
0.0,63,-3650.1416015625,0.0
0.0,64,-3652.97509765625,0.0
0.0,65,-3655.91235351562,0.0
0.0,66,-3658.95678710938,0.0
0.0,67,-3662.11279296875,0.0
0.0,68,-3665.38403320312,0.0
0.0,69,-3668.77514648438,0.0
0.0,70,-3672.2900390625,0.0
0.0,71,-3675.93359375,0.0
0.0,72,-3679.71020507812,0.0
0.0,73,-3683.625,0.0
0.0,74,-3687.68310546875,0.0
0.0,75,-3691.88940429688,0.0
0.0,76,-3696.24951171875,0.0
0.0,77,-3700.76928710938,0.0
0.0,78,-3705.4541015625,0.0
0.0,79,-3710.31030273438,0.0
0.0,80,-3715.34423828125,0.0
0.0,81,-3720.56201171875,0.0
0.0,82,-3725.970703125,0.0
0.0,83,-3731.5771484375,0.0
0.0,84,-3737.388671875,0.0
0.0,85,-3743.41259765625,0.0
0.0,86,-3749.65698242188,0.0
0.0,87,-3756.12939453125,0.0
0.0,88,-3762.8388671875,0.0
0.0,89,-3769.79345703125,0.0
0.0,90,-3777.00244140625,0.0
0.0,91,-3784.47509765625,0.0
0.0,92,-3792.220703125,0.0
0.0,93,-3800.25,0.0
0.0,94,-3808.57250976562,0.0
0.0,95,-3817.19970703125,0.0
0.0,96,-3826.14208984375,0.0
0.0,97,-3835.41162109375,0.0
0.0,98,-3845.02001953125,0.0
0.0,99,-3854.97998046875,0.0
0.0,100,-3864.58837890625,0.0
0.0,101,-3873.85791015625,0.0
0.0,102,-3882.80029296875,0.0
0.0,103,-3891.42749023438,0.0
0.0,104,-3899.75,0.0
0.0,105,-3907.779296875,0.0
0.0,106,-3915.52490234375,0.0
0.0,107,-3922.99755859375,0.0
0.0,108,-3930.20654296875,0.0
0.0,109,-3937.1611328125,0.0
0.0,110,-3943.87060546875,0.0
0.0,111,-3950.34301757812,0.0
0.0,112,-3956.58740234375,0.0
0.0,113,-3962.611328125,0.0
0.0,114,-3968.4228515625,0.0
0.0,115,-3974.029296875,0.0
0.0,116,-3979.43798828125,0.0
0.0,117,-3984.65576171875,0.0
0.0,118,-3989.68969726562,0.0
0.0,119,-3994.5458984375,0.0
0.0,120,-3999.23071289062,0.0
0.0,121,-4003.75048828125,0.0
0.0,122,-4008.11059570312,0.0
0.0,123,-4012.31689453125,0.0
0.0,124,-4016.375,0.0
0.0,125,-4020.28979492188,0.0
0.0,126,-4024.06640625,0.0
0.0,127,-4027.7099609375,0.0
0.0,128,-4031.22485351562,0.0
0.0,129,-4034.61596679688,0.0
0.0,130,-4037.88720703125,0.0
0.0,131,-4041.04321289062,0.0
0.0,132,-4044.08764648438,0.0
0.0,133,-4047.02490234375,0.0
0.0,134,-4049.8583984375,0.0
0.0,135,-4052.59204101562,0.0
0.0,136,-4055.22924804688,0.0
0.0,137,-4057.7734375,0.0
0.0,138,-4060.22778320312,0.0
0.0,139,-4062.59545898438,0.0
0.0,140,-4064.8798828125,0.0
0.0,141,-4067.08349609375,0.0
0.0,142,-4069.20947265625,0.0
0.0,143,-4071.26025390625,0.0
0.0,144,-4073.23901367188,0.0
0.0,145,-4075.14770507812,0.0
0.0,146,-4076.9892578125,0.0
0.0,147,-4078.765625,0.0
0.0,148,-4080.4794921875,0.0
0.0,149,-4082.1328125,0.0
0.0,150,-4083.72778320312,0.0
0.0,151,-4085.2666015625,0.0
0.0,152,-4086.75122070312,0.0
0.0,153,-4088.18334960938,0.0
0.0,154,-4089.56494140625,0.0
0.0,155,-4090.89770507812,0.0
0.0,156,-4092.18359375,0.0
0.0,157,-4093.42407226562,0.0
0.0,158,-4094.62060546875,0.0
0.0,159,-4095.77514648438,0.0
0.0,160,-4096.88916015625,0.0
0.0,161,-4097.96337890625,0.0
0.0,162,-4099.0,0.0
0.0,626,-2501.0,0.0
0.0,627,-2502.01684570312,0.0
0.0,628,-2503.05053710938,0.0
0.0,629,-2504.1015625,0.0
0.0,630,-2505.17016601562,0.0
0.0,631,-2506.25659179688,0.0
0.0,632,-2507.361328125,0.0
0.0,633,-2508.484375,0.0
0.0,634,-2509.62622070312,0.0
0.0,635,-2510.78735351562,0.0
0.0,636,-2511.9677734375,0.0
0.0,637,-2513.16796875,0.0
0.0,638,-2514.38818359375,0.0
0.0,639,-2515.62890625,0.0
0.0,640,-2516.89013671875,0.0
0.0,641,-2518.1728515625,0.0
0.0,642,-2519.47680664062,0.0
0.0,643,-2520.80249023438,0.0
0.0,644,-2522.150390625,0.0
0.0,645,-2523.52099609375,0.0
0.0,646,-2524.91430664062,0.0
0.0,647,-2526.3310546875,0.0
0.0,648,-2527.771484375,0.0
0.0,649,-2529.23608398438,0.0
0.0,650,-2530.72509765625,0.0
0.0,651,-2532.23901367188,0.0
0.0,652,-2533.7783203125,0.0
0.0,653,-2535.34326171875,0.0
0.0,654,-2536.93432617188,0.0
0.0,655,-2538.55224609375,0.0
0.0,656,-2540.19702148438,0.0
0.0,657,-2541.86938476562,0.0
0.0,658,-2543.56982421875,0.0
0.0,659,-2545.29858398438,0.0
0.0,660,-2547.05615234375,0.0
0.0,661,-2548.84326171875,0.0
0.0,662,-2550.66015625,0.0
0.0,663,-2552.50756835938,0.0
0.0,664,-2554.38598632812,0.0
0.0,665,-2556.29565429688,0.0
0.0,666,-2558.2373046875,0.0
0.0,667,-2560.21142578125,0.0
0.0,668,-2562.21850585938,0.0
0.0,669,-2564.25903320312,0.0
0.0,670,-2566.333984375,0.0
0.0,671,-2568.44360351562,0.0
0.0,672,-2570.58837890625,0.0
0.0,673,-2572.76904296875,0.0
0.0,674,-2574.98608398438,0.0
0.0,675,-2577.24047851562,0.0
0.0,676,-2579.53247070312,0.0
0.0,677,-2581.86279296875,0.0
0.0,678,-2584.23193359375,0.0
0.0,679,-2586.64086914062,0.0
0.0,680,-2589.09008789062,0.0
0.0,681,-2591.58032226562,0.0
0.0,682,-2594.11206054688,0.0
0.0,683,-2596.68627929688,0.0
0.0,684,-2599.30346679688,0.0
0.0,685,-2601.96459960938,0.0
0.0,686,-2604.67016601562,0.0
0.0,687,-2607.4208984375,0.0
0.0,688,-2610.21752929688,0.0
0.0,689,-2613.06127929688,0.0
0.0,690,-2615.95239257812,0.0
0.0,691,-2618.89184570312,0.0
0.0,692,-2621.88037109375,0.0
0.0,693,-2624.9189453125,0.0
0.0,694,-2628.00854492188,0.0
0.0,695,-2631.14965820312,0.0
0.0,696,-2634.34326171875,0.0
0.0,697,-2637.59033203125,0.0
0.0,698,-2640.89184570312,0.0
0.0,699,-2644.24853515625,0.0
0.0,700,-2647.66137695312,0.0
0.0,701,-2651.13110351562,0.0
0.0,702,-2654.65893554688,0.0
0.0,703,-2658.24584960938,0.0
0.0,704,-2661.89282226562,0.0
0.0,705,-2665.60083007812,0.0
0.0,706,-2669.37060546875,0.0
0.0,707,-2673.20361328125,0.0
0.0,708,-2677.10083007812,0.0
0.0,709,-2681.06298828125,0.0
0.0,710,-2685.09155273438,0.0
0.0,711,-2689.1875,0.0
0.0,712,-2693.35205078125,0.0
0.0,713,-2697.58618164062,0.0
0.0,714,-2701.89111328125,0.0
0.0,715,-2706.26806640625,0.0
0.0,716,-2710.71826171875,0.0
0.0,717,-2715.24267578125,0.0
0.0,718,-2719.84301757812,0.0
0.0,719,-2724.52026367188,0.0
0.0,720,-2729.27563476562,0.0
0.0,721,-2734.11059570312,0.0
0.0,722,-2739.02661132812,0.0
0.0,723,-2744.02465820312,0.0
0.0,724,-2749.1064453125,0.0
0.0,725,-2754.27294921875,0.0
0.0,726,-2759.52612304688,0.0
0.0,727,-2764.8671875,0.0
0.0,728,-2770.29736328125,0.0
0.0,729,-2775.81860351562,0.0
0.0,730,-2781.43212890625,0.0
0.0,731,-2787.13940429688,0.0
0.0,732,-2792.9423828125,0.0
0.0,733,-2798.84228515625,0.0
0.0,734,-2804.8408203125,0.0
0.0,735,-2810.93969726562,0.0
0.0,736,-2817.14086914062,0.0
0.0,737,-2823.4453125,0.0
0.0,738,-2829.85546875,0.0
0.0,739,-2836.37280273438,0.0
0.0,740,-2842.99926757812,0.0
0.0,741,-2849.73657226562,0.0
0.0,742,-2856.58642578125,0.0
0.0,743,-2863.55078125,0.0
0.0,744,-2870.6318359375,0.0
0.0,745,-2877.8310546875,0.0
0.0,746,-2885.15087890625,0.0
0.0,747,-2892.59326171875,0.0
0.0,748,-2900.15991210938,0.0
0.0,749,-2907.85327148438,0.0
0.0,750,-2915.67529296875,0.0
0.0,751,-2923.6279296875,0.0
0.0,752,-2931.7138671875,0.0
0.0,753,-2939.93505859375,0.0
0.0,754,-2948.29345703125,0.0
0.0,755,-2956.7919921875,0.0
0.0,756,-2965.4326171875,0.0
0.0,757,-2974.21752929688,0.0
0.0,758,-2983.14965820312,0.0
0.0,759,-2992.23095703125,0.0
0.0,760,-3001.46435546875,0.0
0.0,761,-3010.85229492188,0.0
0.0,762,-3020.39697265625,0.0
0.0,763,-3030.10131835938,0.0
0.0,764,-3039.96826171875,0.0
0.0,765,-3050.0,0.0
0.0,766,-3060.03173828125,0.0
0.0,767,-3069.89868164062,0.0
0.0,768,-3079.60302734375,0.0
0.0,769,-3089.14770507812,0.0
0.0,770,-3098.53564453125,0.0
0.0,771,-3107.76904296875,0.0
0.0,772,-3116.85034179688,0.0
0.0,773,-3125.78247070312,0.0
0.0,774,-3134.5673828125,0.0
0.0,775,-3143.2080078125,0.0
0.0,776,-3151.70654296875,0.0
0.0,777,-3160.06494140625,0.0
0.0,778,-3168.2861328125,0.0
0.0,779,-3176.3720703125,0.0
0.0,780,-3184.32470703125,0.0
0.0,781,-3192.14672851562,0.0
0.0,782,-3199.84008789062,0.0
0.0,783,-3207.40673828125,0.0
0.0,784,-3214.84912109375,0.0
0.0,785,-3222.1689453125,0.0
0.0,786,-3229.3681640625,0.0
0.0,787,-3236.44921875,0.0
0.0,788,-3243.41357421875,0.0
0.0,789,-3250.26342773438,0.0
0.0,790,-3257.00073242188,0.0
0.0,791,-3263.62719726562,0.0
0.0,792,-3270.14453125,0.0
0.0,793,-3276.5546875,0.0
0.0,794,-3282.85913085938,0.0
0.0,795,-3289.06030273438,0.0
0.0,796,-3295.1591796875,0.0
0.0,797,-3301.15771484375,0.0
0.0,798,-3307.0576171875,0.0
0.0,799,-3312.86059570312,0.0
0.0,800,-3318.56787109375,0.0
0.0,801,-3324.18139648438,0.0
0.0,802,-3329.70263671875,0.0
0.0,803,-3335.1328125,0.0
0.0,804,-3340.47387695312,0.0
0.0,805,-3345.72705078125,0.0
0.0,806,-3350.8935546875,0.0
0.0,807,-3355.97534179688,0.0
0.0,808,-3360.97338867188,0.0
0.0,809,-3365.88940429688,0.0
0.0,810,-3370.72436523438,0.0
0.0,811,-3375.47973632812,0.0
0.0,812,-3380.15698242188,0.0
0.0,813,-3384.75732421875,0.0
0.0,814,-3389.28173828125,0.0
0.0,815,-3393.73193359375,0.0
0.0,816,-3398.10888671875,0.0
0.0,817,-3402.41381835938,0.0
0.0,818,-3406.64794921875,0.0
0.0,819,-3410.8125,0.0
0.0,820,-3414.90844726562,0.0
0.0,821,-3418.93701171875,0.0
0.0,822,-3422.89916992188,0.0
0.0,823,-3426.79638671875,0.0
0.0,824,-3430.62939453125,0.0
0.0,825,-3434.39916992188,0.0
0.0,826,-3438.10717773438,0.0
0.0,827,-3441.75415039062,0.0
0.0,828,-3445.34106445312,0.0
0.0,829,-3448.86889648438,0.0
0.0,830,-3452.33862304688,0.0
0.0,831,-3455.75146484375,0.0
0.0,832,-3459.10815429688,0.0
0.0,833,-3462.40966796875,0.0
0.0,834,-3465.65673828125,0.0
0.0,835,-3468.85034179688,0.0
0.0,836,-3471.99145507812,0.0
0.0,837,-3475.0810546875,0.0
0.0,838,-3478.11962890625,0.0
0.0,839,-3481.10815429688,0.0
0.0,840,-3484.04760742188,0.0
0.0,841,-3486.93872070312,0.0
0.0,842,-3489.78247070312,0.0
0.0,843,-3492.5791015625,0.0
0.0,844,-3495.32983398438,0.0
0.0,845,-3498.03540039062,0.0
0.0,846,-3500.69653320312,0.0
0.0,847,-3503.31372070312,0.0
0.0,848,-3505.88793945312,0.0
0.0,849,-3508.41967773438,0.0
0.0,850,-3510.90991210938,0.0
0.0,851,-3513.35913085938,0.0
0.0,852,-3515.76806640625,0.0
0.0,853,-3518.13720703125,0.0
0.0,854,-3520.46752929688,0.0
0.0,855,-3522.75952148438,0.0
0.0,856,-3525.01391601562,0.0
0.0,857,-3527.23095703125,0.0
0.0,858,-3529.41162109375,0.0
0.0,859,-3531.55639648438,0.0
0.0,860,-3533.666015625,0.0
0.0,861,-3535.74096679688,0.0
0.0,862,-3537.78149414062,0.0
0.0,863,-3539.78857421875,0.0
0.0,864,-3541.7626953125,0.0
0.0,865,-3543.70434570312,0.0
0.0,866,-3545.61401367188,0.0
0.0,867,-3547.49243164062,0.0
0.0,868,-3549.33984375,0.0
0.0,869,-3551.15673828125,0.0
0.0,870,-3552.94384765625,0.0
0.0,871,-3554.70141601562,0.0
0.0,872,-3556.43017578125,0.0
0.0,873,-3558.13061523438,0.0
0.0,874,-3559.80297851562,0.0
0.0,875,-3561.44775390625,0.0
0.0,876,-3563.06567382812,0.0
0.0,877,-3564.65673828125,0.0
0.0,878,-3566.2216796875,0.0
0.0,879,-3567.76098632812,0.0
0.0,880,-3569.27490234375,0.0
0.0,881,-3570.76391601562,0.0
0.0,882,-3572.228515625,0.0
0.0,883,-3573.6689453125,0.0
0.0,884,-3575.08569335938,0.0
0.0,885,-3576.47900390625,0.0
0.0,886,-3577.849609375,0.0
0.0,887,-3579.19750976562,0.0
0.0,888,-3580.52319335938,0.0
0.0,889,-3581.8271484375,0.0
0.0,890,-3583.10986328125,0.0
0.0,891,-3584.37109375,0.0
0.0,892,-3585.61181640625,0.0
0.0,893,-3586.83203125,0.0
0.0,894,-3588.0322265625,0.0
0.0,895,-3589.21264648438,0.0
0.0,896,-3590.37377929688,0.0
0.0,897,-3591.515625,0.0
0.0,898,-3592.638671875,0.0
0.0,899,-3593.74340820312,0.0
0.0,900,-3594.82983398438,0.0
0.0,901,-3595.8984375,0.0
0.0,902,-3596.94946289062,0.0
0.0,903,-3597.98315429688,0.0
0.0,904,-3599.0,0.0
1.0,2,-3600.0,-2.7404493522189e-29
1.0,3,-4100.0,4.70870220098828e-36
1.0,6,-2500.0,-6.41390799843874e-36
1.0,35,-3601.0,-2.84301354770103e-29
1.0,36,-3602.03662109375,-2.94797281762493e-29
1.0,37,-3603.11108398438,-3.05709450364114e-29
1.0,38,-3604.22485351562,-3.17036295756886e-29
1.0,39,-3605.37939453125,-3.28715827070724e-29
1.0,40,-3606.57592773438,-3.40944368789334e-29
1.0,41,-3607.81640625,-3.53591499344295e-29
1.0,42,-3609.10229492188,-3.66666878477983e-29
1.0,43,-3610.43505859375,-3.80293133761076e-29
1.0,44,-3611.81665039062,-3.94414292854566e-29
1.0,45,-3613.24877929688,-4.09095506357353e-29
1.0,46,-3614.7333984375,-4.2427264682082e-29
1.0,47,-3616.27221679688,-4.40013934294715e-29
1.0,48,-3617.8671875,-4.56390688372292e-29
1.0,49,-3619.5205078125,-4.73405406743947e-29
1.0,50,-3621.234375,-4.90988936487615e-29
1.0,51,-3623.0107421875,-5.09354122954806e-29
1.0,52,-3624.85229492188,-5.28299556003054e-29
1.0,53,-3626.76098632812,-5.48091254705928e-29
1.0,54,-3628.73974609375,-5.68469760188732e-29
1.0,55,-3630.79052734375,-5.8977409630699e-29
1.0,56,-3632.91650390625,-6.11811609880952e-29
1.0,57,-3635.1201171875,-6.34778204097148e-29
1.0,58,-3637.40454101562,-6.58486883195041e-29
1.0,59,-3639.77221679688,-6.83204027360063e-29
1.0,60,-3642.2265625,-7.08876733704056e-29
1.0,61,-3644.77075195312,-7.35505303153572e-29
1.0,62,-3647.40795898438,-7.63162921046499e-29
1.0,63,-3650.1416015625,-7.91861925371542e-29
1.0,64,-3652.97509765625,-8.21738094189782e-29
1.0,65,-3655.91235351562,-8.52673343921502e-29
1.0,66,-3658.95678710938,-8.84936582535187e-29
1.0,67,-3662.11279296875,-9.18343402238664e-29
1.0,68,-3665.38403320312,-9.53172882317935e-29
1.0,69,-3668.77514648438,-9.89224786244095e-29
1.0,70,-3672.2900390625,-1.02679149425683e-28
1.0,71,-3675.93359375,-1.065749807025e-28
1.0,72,-3679.71020507812,-1.10630724350012e-28
1.0,73,-3683.625,-1.14849209077825e-28
1.0,74,-3687.68310546875,-1.19223718205257e-28
1.0,75,-3691.88940429688,-1.23777916596501e-28
1.0,76,-3696.24951171875,-1.28519520008396e-28
1.0,77,-3700.76928710938,-1.33436455267603e-28
1.0,78,-3705.4541015625,-1.38559152067244e-28
1.0,79,-3710.31030273438,-1.43889488189014e-28
1.0,80,-3715.34423828125,-1.49422323807374e-28
1.0,81,-3720.56201171875,-1.55188738616801e-28
1.0,82,-3725.970703125,-1.6118421871899e-28
1.0,83,-3731.5771484375,-1.67425122481403e-28
1.0,84,-3737.388671875,-1.73915361949243e-28
1.0,85,-3743.41259765625,-1.80678433467829e-28
1.0,86,-3749.65698242188,-1.87704562942693e-28
1.0,87,-3756.12939453125,-1.95039840284819e-28
1.0,88,-3762.8388671875,-2.02659372849674e-28
1.0,89,-3769.79345703125,-2.1060354498078e-28
1.0,90,-3777.00244140625,-2.1887741224424e-28
1.0,91,-3784.47509765625,-2.2748513946356e-28
1.0,92,-3792.220703125,-2.36476198964186e-28
1.0,93,-3800.25,-2.45819655496386e-28
1.0,94,-3808.57250976562,-2.55579883268552e-28
1.0,95,-3817.19970703125,-2.65734372974458e-28
1.0,96,-3826.14208984375,-2.76334233980003e-28
1.0,97,-3835.41162109375,-2.87379875545302e-28
1.0,98,-3845.02001953125,-2.98908660711274e-28
1.0,99,-3854.97998046875,-2.8933606666394e-28
1.0,100,-3864.58837890625,-2.80042034308938e-28
1.0,101,-3873.85791015625,-2.71005691380494e-28
1.0,102,-3882.80029296875,-2.62242421244041e-28
1.0,103,-3891.42749023438,-2.5371454789504e-28
1.0,104,-3899.75,-2.45458928817803e-28
1.0,105,-3907.779296875,-2.37421734270383e-28
1.0,106,-3915.52490234375,-2.29647019900259e-28
1.0,107,-3922.99755859375,-2.2209429303035e-28
1.0,108,-3930.20654296875,-2.14769451821111e-28
1.0,109,-3937.1611328125,-2.07676949985537e-28
1.0,110,-3943.87060546875,-2.00782818934236e-28
1.0,111,-3950.34301757812,-1.94122110592194e-28
1.0,112,-3956.58740234375,-1.87653321169111e-28
1.0,113,-3962.611328125,-1.81394277554033e-28
1.0,114,-3968.4228515625,-1.75326466745371e-28
1.0,115,-3974.029296875,-1.69451983191939e-28
1.0,116,-3979.43798828125,-1.63758970387517e-28
1.0,117,-3984.65576171875,-1.58257948724425e-28
1.0,118,-3989.68969726562,-1.52919981105251e-28
1.0,119,-3994.5458984375,-1.47755491625817e-28
1.0,120,-3999.23071289062,-1.42766983995052e-28
1.0,121,-4003.75048828125,-1.37924871114184e-28
1.0,122,-4008.11059570312,-1.33246474315652e-28
1.0,123,-4012.31689453125,-1.2872690655222e-28
1.0,124,-4016.375,-1.24343032590433e-28
1.0,125,-4020.28979492188,-1.20105529304419e-28
1.0,126,-4024.06640625,-1.16014228175309e-28
1.0,127,-4027.7099609375,-1.12048461567386e-28
1.0,128,-4031.22485351562,-1.082247202558e-28
1.0,129,-4034.61596679688,-1.04512225472626e-28
1.0,130,-4037.88720703125,-1.00935960140362e-28
1.0,131,-4041.04321289062,-9.74662228081475e-29
1.0,132,-4044.08764648438,-9.41259862090995e-29
1.0,133,-4047.02490234375,-9.08863132458039e-29
1.0,134,-4049.8583984375,-8.77624067277592e-29
1.0,135,-4052.59204101562,-8.47402434775578e-29
1.0,136,-4055.22924804688,-8.18198535878552e-29
1.0,137,-4057.7734375,-7.89941412105124e-29
1.0,138,-4060.22778320312,-7.62643401444001e-29
1.0,139,-4062.59545898438,-7.36377689233069e-29
1.0,140,-4064.8798828125,-7.10846478554678e-29
1.0,141,-4067.08349609375,-6.86276848586333e-29
1.0,142,-4069.20947265625,-6.62450627576522e-29
1.0,143,-4071.26025390625,-6.3960127434569e-29
1.0,144,-4073.23901367188,-6.17341496419084e-29
1.0,145,-4075.14770507812,-5.95982090741479e-29
1.0,146,-4076.9892578125,-5.75218940937594e-29
1.0,147,-4078.765625,-5.55294653995111e-29
1.0,148,-4080.4794921875,-5.35966021073241e-29
1.0,149,-4082.1328125,-5.17319889575413e-29
1.0,150,-4083.72778320312,-4.99358817377334e-29
1.0,151,-4085.2666015625,-4.82003991814563e-29
1.0,152,-4086.75122070312,-4.65179639580848e-29
1.0,153,-4088.18334960938,-4.48965626583572e-29
1.0,154,-4089.56494140625,-4.33289128596712e-29
1.0,155,-4090.89770507812,-4.18220141136685e-29
1.0,156,-4092.18359375,-4.03617258815855e-29
1.0,157,-4093.42407226562,-3.89472115876026e-29
1.0,158,-4094.62060546875,-3.75942397831394e-29
1.0,159,-4095.77514648438,-3.62876437698841e-29
1.0,160,-4096.88916015625,-3.50037556743792e-29
1.0,161,-4097.96337890625,-3.37899323083981e-29
1.0,162,-4099.0,-3.26068515991543e-29
1.0,626,-2501.0,-1.52854213606916e-29
1.0,627,-2502.01684570312,-1.55542887040919e-29
1.0,628,-2503.05053710938,-1.58235683168709e-29
1.0,629,-2504.1015625,-1.61009338261508e-29
1.0,630,-2505.17016601562,-1.63828899700091e-29
1.0,631,-2506.25659179688,-1.66688454277675e-29
1.0,632,-2507.361328125,-1.69632734726485e-29
1.0,633,-2508.484375,-1.7258219111202e-29
1.0,634,-2509.62622070312,-1.75612295813977e-29
1.0,635,-2510.78735351562,-1.78726479395068e-29
1.0,636,-2511.9677734375,-1.81848095862038e-29
1.0,637,-2513.16796875,-1.85052813196843e-29
1.0,638,-2514.38818359375,-1.88300894048052e-29
1.0,639,-2515.62890625,-1.91635867441674e-29
1.0,640,-2516.89013671875,-1.94976152188971e-29
1.0,641,-2518.1728515625,-1.98476710418827e-29
1.0,642,-2519.47680664062,-2.01950741972964e-29
1.0,643,-2520.80249023438,-2.05506836198326e-29
1.0,644,-2522.150390625,-2.09150078753671e-29
1.0,645,-2523.52099609375,-2.12879371257079e-29
1.0,646,-2524.91430664062,-2.16617405676875e-29
1.0,647,-2526.3310546875,-2.20479572300117e-29
1.0,648,-2527.771484375,-2.24393227456716e-29
1.0,649,-2529.23608398438,-2.28393083024655e-29
1.0,650,-2530.72509765625,-2.32443674809566e-29
1.0,651,-2532.23901367188,-2.36579804967397e-29
1.0,652,-2533.7783203125,-2.40808214252955e-29
1.0,653,-2535.34326171875,-2.45085599335145e-29
1.0,654,-2536.93432617188,-2.49454691784609e-29
1.0,655,-2538.55224609375,-2.53950594683849e-29
1.0,656,-2540.19702148438,-2.58460911965016e-29
1.0,657,-2541.86938476562,-2.63102282760368e-29
1.0,658,-2543.56982421875,-2.67836158378361e-29
1.0,659,-2545.29858398438,-2.72623719293554e-29
1.0,660,-2547.05615234375,-2.77504868366982e-29
1.0,661,-2548.84326171875,-2.82518244568154e-29
1.0,662,-2550.66015625,-2.87588706536584e-29
1.0,663,-2552.50756835938,-2.92791245169482e-29
1.0,664,-2554.38598632812,-2.98091825673611e-29
1.0,665,-2556.29565429688,-3.03448228053471e-29
1.0,666,-2558.2373046875,-3.0894380896447e-29
1.0,667,-2560.21142578125,-3.14538063692462e-29
1.0,668,-2562.21850585938,-3.20228554732364e-29
1.0,669,-2564.25903320312,-3.26019284407339e-29
1.0,670,-2566.333984375,-3.31991081589743e-29
1.0,671,-2568.44360351562,-3.38025020105508e-29
1.0,672,-2570.58837890625,-3.44161815317365e-29
1.0,673,-2572.76904296875,-3.5043935387844e-29
1.0,674,-2574.98608398438,-3.56823330161598e-29
1.0,675,-2577.24047851562,-3.63392075348795e-29
1.0,676,-2579.53247070312,-3.70025820671615e-29
1.0,677,-2581.86279296875,-3.76807832507498e-29
1.0,678,-2584.23193359375,-3.83698839941171e-29
1.0,679,-2586.64086914062,-3.90779340825778e-29
1.0,680,-2589.09008789062,-3.97969649809871e-29
1.0,681,-2591.58032226562,-4.05311505406463e-29
1.0,682,-2594.11206054688,-4.1276870615113e-29
1.0,683,-2596.68627929688,-4.20419252206621e-29
1.0,684,-2599.30346679688,-4.28186226745781e-29
1.0,685,-2601.96459960938,-4.36149525768647e-29
1.0,686,-2604.67016601562,-4.44233646802868e-29
1.0,687,-2607.4208984375,-4.52476115389704e-29
1.0,688,-2610.21752929688,-4.60881746354016e-29
1.0,689,-2613.06127929688,-4.69531458846123e-29
1.0,690,-2615.95239257812,-4.7826522012471e-29
1.0,691,-2618.89184570312,-4.87208546655371e-29
1.0,692,-2621.88037109375,-4.96316931400796e-29
1.0,693,-2624.9189453125,-5.0564038835423e-29
1.0,694,-2628.00854492188,-5.15172718428664e-29
1.0,695,-2631.14965820312,-5.2484419694158e-29
1.0,696,-2634.34326171875,-5.3472843052804e-29
1.0,697,-2637.59033203125,-5.44834386799347e-29
1.0,698,-2640.89184570312,-5.55162787979231e-29
1.0,699,-2644.24853515625,-5.65672106203266e-29
1.0,700,-2647.66137695312,-5.76408383234185e-29
1.0,701,-2651.13110351562,-5.87331776396264e-29
1.0,702,-2654.65893554688,-5.98531119208186e-29
1.0,703,-2658.24584960938,-6.09959948610045e-29
1.0,704,-2661.89282226562,-6.21627894251561e-29
1.0,705,-2665.60083007812,-6.33535858912396e-29
1.0,706,-2669.37060546875,-6.45643939731516e-29
1.0,707,-2673.20361328125,-6.58078285120277e-29
1.0,708,-2677.10083007812,-6.70765168072995e-29
1.0,709,-2681.06298828125,-6.83659208865357e-29
1.0,710,-2685.09155273438,-6.96891250362959e-29
1.0,711,-2689.1875,-7.10383713700228e-29
1.0,712,-2693.35205078125,-7.24178126741591e-29
1.0,713,-2697.58618164062,-7.38238197744658e-29
1.0,714,-2701.89111328125,-7.52609306433743e-29
1.0,715,-2706.26806640625,-7.67297170413369e-29
1.0,716,-2710.71826171875,-7.82300585977321e-29
1.0,717,-2715.24267578125,-7.97588316949313e-29
1.0,718,-2719.84301757812,-8.13286391370081e-29
1.0,719,-2724.52026367188,-8.29273957135615e-29
1.0,720,-2729.27563476562,-8.455995837917e-29
1.0,721,-2734.11059570312,-8.62310697363215e-29
1.0,722,-2739.02661132812,-8.7940711729423e-29
1.0,723,-2744.02465820312,-8.9681505639375e-29
1.0,724,-2749.1064453125,-9.14665056600817e-29
1.0,725,-2754.27294921875,-9.32831330615938e-29
1.0,726,-2759.52612304688,-9.51497864934115e-29
1.0,727,-2764.8671875,-9.70538932441164e-29
1.0,728,-2770.29736328125,-9.89954472951775e-29
1.0,729,-2775.81860351562,-1.00989097751234e-28
1.0,730,-2781.43212890625,-1.03021808473976e-28
1.0,731,-2787.13940429688,-1.05098406325325e-28
1.0,732,-2792.9423828125,-1.0722917095636e-28
1.0,733,-2798.84228515625,-1.09400969932272e-28
1.0,734,-2804.8408203125,-1.11623192161541e-28
1.0,735,-2810.93969726562,-1.13897354313998e-28
1.0,736,-2817.14086914062,-1.16228186955068e-28
1.0,737,-2823.4453125,-1.18598477085874e-28
1.0,738,-2829.85546875,-1.21036644210158e-28
1.0,739,-2836.37280273438,-1.23524777179436e-28
1.0,740,-2842.99926757812,-1.260735649049e-28
1.0,741,-2849.73657226562,-1.28678613858865e-28
1.0,742,-2856.58642578125,-1.31341597192969e-28
1.0,743,-2863.55078125,-1.34067329732074e-28
1.0,744,-2870.6318359375,-1.36862431860363e-28
1.0,745,-2877.8310546875,-1.39712868363367e-28
1.0,746,-2885.15087890625,-1.42639680025728e-28
1.0,747,-2892.59326171875,-1.4563355016134e-28
1.0,748,-2900.15991210938,-1.48691457467603e-28
1.0,749,-2907.85327148438,-1.51828737161699e-28
1.0,750,-2915.67529296875,-1.55036999411308e-28
1.0,751,-2923.6279296875,-1.58317652552701e-28
1.0,752,-2931.7138671875,-1.61686380877864e-28
1.0,753,-2939.93505859375,-1.65130027877864e-28
1.0,754,-2948.29345703125,-1.68650098185469e-28
1.0,755,-2956.7919921875,-1.72267427955266e-28
1.0,756,-2965.4326171875,-1.75964370854138e-28
1.0,757,-2974.21752929688,-1.7974664448661e-28
1.0,758,-2983.14965820312,-1.83631437777433e-28
1.0,759,-2992.23095703125,-1.87600105317335e-28
1.0,760,-3001.46435546875,-1.91674566596494e-28
1.0,761,-3010.85229492188,-1.95846311411969e-28
1.0,762,-3020.39697265625,-2.00112703647148e-28
1.0,763,-3030.10131835938,-2.0449028222543e-28
1.0,764,-3039.96826171875,-2.08981117521503e-28
1.0,765,-3050.0,-2.13572197471182e-28
1.0,766,-3060.03173828125,-2.14681942379263e-28
1.0,767,-3069.89868164062,-2.12237744686841e-28
1.0,768,-3079.60302734375,-2.0978762475984e-28
1.0,769,-3089.14770507812,-2.07348891893635e-28
1.0,770,-3098.53564453125,-2.04923640537041e-28
1.0,771,-3107.76904296875,-2.02498509551069e-28
1.0,772,-3116.85034179688,-2.00079842467472e-28
1.0,773,-3125.78247070312,-1.97680458757444e-28
1.0,774,-3134.5673828125,-1.95280437083122e-28
1.0,775,-3143.2080078125,-1.9290340619751e-28
1.0,776,-3151.70654296875,-1.90534115142863e-28
1.0,777,-3160.06494140625,-1.88169313912398e-28
1.0,778,-3168.2861328125,-1.85831896998331e-28
1.0,779,-3176.3720703125,-1.83501726395679e-28
1.0,780,-3184.32470703125,-1.81179897477098e-28
1.0,781,-3192.14672851562,-1.78884393613445e-28
1.0,782,-3199.84008789062,-1.76600168477029e-28
1.0,783,-3207.40673828125,-1.74328209106946e-28
1.0,784,-3214.84912109375,-1.72081034047835e-28
1.0,785,-3222.1689453125,-1.69843259934265e-28
1.0,786,-3229.3681640625,-1.67620809000815e-28
1.0,787,-3236.44921875,-1.65427439609526e-28
1.0,788,-3243.41357421875,-1.63240197082872e-28
1.0,789,-3250.26342773438,-1.61078352757359e-28
1.0,790,-3257.00073242188,-1.58936164954341e-28
1.0,791,-3263.62719726562,-1.56809902184551e-28
1.0,792,-3270.14453125,-1.54699504262678e-28
1.0,793,-3276.5546875,-1.52612554537878e-28
1.0,794,-3282.85913085938,-1.50537545578733e-28
1.0,795,-3289.06030273438,-1.48499249659153e-28
1.0,796,-3295.1591796875,-1.46463337077879e-28
1.0,797,-3301.15771484375,-1.44453556958538e-28
1.0,798,-3307.0576171875,-1.42465696329377e-28
1.0,799,-3312.86059570312,-1.40499562597401e-28
1.0,800,-3318.56787109375,-1.3854447888848e-28
1.0,801,-3324.18139648438,-1.36619319316071e-28
1.0,802,-3329.70263671875,-1.34712179225703e-28
1.0,803,-3335.1328125,-1.32818063236585e-28
1.0,804,-3340.47387695312,-1.30955941758668e-28
1.0,805,-3345.72705078125,-1.29107602716915e-28
1.0,806,-3350.8935546875,-1.27274334076977e-28
1.0,807,-3355.97534179688,-1.25474684951631e-28
1.0,808,-3360.97338867188,-1.23684833994877e-28
1.0,809,-3365.88940429688,-1.21923354393616e-28
1.0,810,-3370.72436523438,-1.20173394260835e-28
1.0,811,-3375.47973632812,-1.18446388805578e-28
1.0,812,-3380.15698242188,-1.16743589882311e-28
1.0,813,-3384.75732421875,-1.15059496553628e-28
1.0,814,-3389.28173828125,-1.13388282881448e-28
1.0,815,-3393.73193359375,-1.11748185014932e-28
1.0,816,-3398.10888671875,-1.10122339030005e-28
1.0,817,-3402.41381835938,-1.08516173641696e-28
1.0,818,-3406.64794921875,-1.06930844407974e-28
1.0,819,-3410.8125,-1.05366483736521e-28
1.0,820,-3414.90844726562,-1.0381739809694e-28
1.0,821,-3418.93701171875,-1.02289774539176e-28
1.0,822,-3422.89916992188,-1.00778364904132e-28
1.0,823,-3426.79638671875,-9.92954891249198e-29
1.0,824,-3430.62939453125,-9.78226221628875e-29
1.0,825,-3434.39916992188,-9.63672029224451e-29
1.0,826,-3438.10717773438,-9.49410517986264e-29
1.0,827,-3441.75415039062,-9.35260590314229e-29
1.0,828,-3445.34106445312,-9.21288931532672e-29
1.0,829,-3448.86889648438,-9.0750089813425e-29
1.0,830,-3452.33862304688,-8.93888786399185e-29
1.0,831,-3455.75146484375,-8.80530175193051e-29
1.0,832,-3459.10815429688,-8.67296087394883e-29
1.0,833,-3462.40966796875,-8.54253388884939e-29
1.0,834,-3465.65673828125,-8.41337079527595e-29
1.0,835,-3468.85034179688,-8.28616793727404e-29
1.0,836,-3471.99145507812,-8.16097346309225e-29
1.0,837,-3475.0810546875,-8.03770672441418e-29
1.0,838,-3478.11962890625,-7.91526933931841e-29
1.0,839,-3481.10815429688,-7.79479820832523e-29
1.0,840,-3484.04760742188,-7.67644499841777e-29
1.0,841,-3486.93872070312,-7.5594724395392e-29
1.0,842,-3489.78247070312,-7.44463104251471e-29
1.0,843,-3492.5791015625,-7.32997321068805e-29
1.0,844,-3495.32983398438,-7.21808269945023e-29
1.0,845,-3498.03540039062,-7.10771969139955e-29
1.0,846,-3500.69653320312,-6.99884687164334e-29
1.0,847,-3503.31372070312,-6.89090030381975e-29
1.0,848,-3505.88793945312,-6.78513124053955e-29
1.0,849,-3508.41967773438,-6.68029023475129e-29
1.0,850,-3510.90991210938,-6.57765622430868e-29
1.0,851,-3513.35913085938,-6.4760038362846e-29
1.0,852,-3515.76806640625,-6.37595177567368e-29
1.0,853,-3518.13720703125,-6.2768506429728e-29
1.0,854,-3520.46752929688,-6.18003835764021e-29
1.0,855,-3522.75952148438,-6.08422815773181e-29
1.0,856,-3525.01391601562,-5.99009411872813e-29
1.0,857,-3527.23095703125,-5.89629230263985e-29
1.0,858,-3529.41162109375,-5.80482627846226e-29
1.0,859,-3531.55639648438,-5.71442974725691e-29
1.0,860,-3533.666015625,-5.62570034915966e-29
1.0,861,-3535.74096679688,-5.53803382365048e-29
1.0,862,-3537.78149414062,-5.4507705397234e-29
1.0,863,-3539.78857421875,-5.36592249231721e-29
1.0,864,-3541.7626953125,-5.28216440088891e-29
1.0,865,-3543.70434570312,-5.19944992274923e-29
1.0,866,-3545.61401367188,-5.11784044691515e-29
1.0,867,-3547.49243164062,-5.03804134522879e-29
1.0,868,-3549.33984375,-4.95866564720363e-29
1.0,869,-3551.15673828125,-4.88044400251235e-29
1.0,870,-3552.94384765625,-4.80397525499701e-29
1.0,871,-3554.70141601562,-4.72800303629545e-29
1.0,872,-3556.43017578125,-4.65382494170772e-29
1.0,873,-3558.13061523438,-4.58080270601317e-29
1.0,874,-3559.80297851562,-4.50826827226234e-29
1.0,875,-3561.44775390625,-4.43690053076064e-29
1.0,876,-3563.06567382812,-4.36738108015245e-29
1.0,877,-3564.65673828125,-4.29771778665153e-29
1.0,878,-3566.2216796875,-4.22986005247348e-29
1.0,879,-3567.76098632812,-4.16321956620559e-29
1.0,880,-3569.27490234375,-4.09707139577973e-29
1.0,881,-3570.76391601562,-4.03217748723016e-29
1.0,882,-3572.228515625,-3.96843462274891e-29
1.0,883,-3573.6689453125,-3.90525148165775e-29
1.0,884,-3575.08569335938,-3.84325579674792e-29
1.0,885,-3576.47900390625,-3.78185474270843e-29
1.0,886,-3577.849609375,-3.72232906295228e-29
1.0,887,-3579.19750976562,-3.66267308199833e-29
1.0,888,-3580.52319335938,-3.60424849250257e-29
1.0,889,-3581.8271484375,-3.54708689175316e-29
1.0,890,-3583.10986328125,-3.49111124255231e-29
1.0,891,-3584.37109375,-3.43441878630029e-29
1.0,892,-3585.61181640625,-3.38030767802686e-29
1.0,893,-3586.83203125,-3.32605754168556e-29
1.0,894,-3588.0322265625,-3.27311583400023e-29
1.0,895,-3589.21264648438,-3.22072241449594e-29
1.0,896,-3590.37377929688,-3.16958957632557e-29
1.0,897,-3591.515625,-3.11838271022296e-29
1.0,898,-3592.638671875,-3.06846922644863e-29
1.0,899,-3593.74340820312,-3.01979856934153e-29
1.0,900,-3594.82983398438,-2.97103342129654e-29
1.0,901,-3595.8984375,-2.92359836861939e-29
1.0,902,-3596.94946289062,-2.87670227540011e-29
1.0,903,-3597.98315429688,-2.83045738724328e-29
1.0,904,-3599.0,-2.78549534898535e-29
0.0,2,-3600.0,-2.7404493522189e-29
0.0,3,-4100.0,4.70870220098828e-36
0.0,6,-2500.0,-6.41390799843874e-36
0.0,35,-3601.0,-2.84301354770103e-29
0.0,36,-3602.03662109375,-2.94797281762493e-29
0.0,37,-3603.11108398438,-3.05709450364114e-29
0.0,38,-3604.22485351562,-3.17036295756886e-29
0.0,39,-3605.37939453125,-3.28715827070724e-29
0.0,40,-3606.57592773438,-3.40944368789334e-29
0.0,41,-3607.81640625,-3.53591499344295e-29
0.0,42,-3609.10229492188,-3.66666878477983e-29
0.0,43,-3610.43505859375,-3.80293133761076e-29
0.0,44,-3611.81665039062,-3.94414292854566e-29
0.0,45,-3613.24877929688,-4.09095506357353e-29
0.0,46,-3614.7333984375,-4.2427264682082e-29
0.0,47,-3616.27221679688,-4.40013934294715e-29
0.0,48,-3617.8671875,-4.56390688372292e-29
0.0,49,-3619.5205078125,-4.73405406743947e-29
0.0,50,-3621.234375,-4.90988936487615e-29
0.0,51,-3623.0107421875,-5.09354122954806e-29
0.0,52,-3624.85229492188,-5.28299556003054e-29
0.0,53,-3626.76098632812,-5.48091254705928e-29
0.0,54,-3628.73974609375,-5.68469760188732e-29
0.0,55,-3630.79052734375,-5.8977409630699e-29
0.0,56,-3632.91650390625,-6.11811609880952e-29
0.0,57,-3635.1201171875,-6.34778204097148e-29
0.0,58,-3637.40454101562,-6.58486883195041e-29
0.0,59,-3639.77221679688,-6.83204027360063e-29
0.0,60,-3642.2265625,-7.08876733704056e-29
0.0,61,-3644.77075195312,-7.35505303153572e-29
0.0,62,-3647.40795898438,-7.63162921046499e-29
0.0,63,-3650.1416015625,-7.91861925371542e-29
0.0,64,-3652.97509765625,-8.21738094189782e-29
0.0,65,-3655.91235351562,-8.52673343921502e-29
0.0,66,-3658.95678710938,-8.84936582535187e-29
0.0,67,-3662.11279296875,-9.18343402238664e-29
0.0,68,-3665.38403320312,-9.53172882317935e-29
0.0,69,-3668.77514648438,-9.89224786244095e-29
0.0,70,-3672.2900390625,-1.02679149425683e-28
0.0,71,-3675.93359375,-1.065749807025e-28
0.0,72,-3679.71020507812,-1.10630724350012e-28
0.0,73,-3683.625,-1.14849209077825e-28
0.0,74,-3687.68310546875,-1.19223718205257e-28
0.0,75,-3691.88940429688,-1.23777916596501e-28
0.0,76,-3696.24951171875,-1.28519520008396e-28
0.0,77,-3700.76928710938,-1.33436455267603e-28
0.0,78,-3705.4541015625,-1.38559152067244e-28
0.0,79,-3710.31030273438,-1.43889488189014e-28
0.0,80,-3715.34423828125,-1.49422323807374e-28
0.0,81,-3720.56201171875,-1.55188738616801e-28
0.0,82,-3725.970703125,-1.6118421871899e-28
0.0,83,-3731.5771484375,-1.67425122481403e-28
0.0,84,-3737.388671875,-1.73915361949243e-28
0.0,85,-3743.41259765625,-1.80678433467829e-28
0.0,86,-3749.65698242188,-1.87704562942693e-28
0.0,87,-3756.12939453125,-1.95039840284819e-28
0.0,88,-3762.8388671875,-2.02659372849674e-28
0.0,89,-3769.79345703125,-2.1060354498078e-28
0.0,90,-3777.00244140625,-2.1887741224424e-28
0.0,91,-3784.47509765625,-2.2748513946356e-28
0.0,92,-3792.220703125,-2.36476198964186e-28
0.0,93,-3800.25,-2.45819655496386e-28
0.0,94,-3808.57250976562,-2.55579883268552e-28
0.0,95,-3817.19970703125,-2.65734372974458e-28
0.0,96,-3826.14208984375,-2.76334233980003e-28
0.0,97,-3835.41162109375,-2.87379875545302e-28
0.0,98,-3845.02001953125,-2.98908660711274e-28
0.0,99,-3854.97998046875,-2.8933606666394e-28
0.0,100,-3864.58837890625,-2.80042034308938e-28
0.0,101,-3873.85791015625,-2.71005691380494e-28
0.0,102,-3882.80029296875,-2.62242421244041e-28
0.0,103,-3891.42749023438,-2.5371454789504e-28
0.0,104,-3899.75,-2.45458928817803e-28
0.0,105,-3907.779296875,-2.37421734270383e-28
0.0,106,-3915.52490234375,-2.29647019900259e-28
0.0,107,-3922.99755859375,-2.2209429303035e-28
0.0,108,-3930.20654296875,-2.14769451821111e-28
0.0,109,-3937.1611328125,-2.07676949985537e-28
0.0,110,-3943.87060546875,-2.00782818934236e-28
0.0,111,-3950.34301757812,-1.94122110592194e-28
0.0,112,-3956.58740234375,-1.87653321169111e-28
0.0,113,-3962.611328125,-1.81394277554033e-28
0.0,114,-3968.4228515625,-1.75326466745371e-28
0.0,115,-3974.029296875,-1.69451983191939e-28
0.0,116,-3979.43798828125,-1.63758970387517e-28
0.0,117,-3984.65576171875,-1.58257948724425e-28
0.0,118,-3989.68969726562,-1.52919981105251e-28
0.0,119,-3994.5458984375,-1.47755491625817e-28
0.0,120,-3999.23071289062,-1.42766983995052e-28
0.0,121,-4003.75048828125,-1.37924871114184e-28
0.0,122,-4008.11059570312,-1.33246474315652e-28
0.0,123,-4012.31689453125,-1.2872690655222e-28
0.0,124,-4016.375,-1.24343032590433e-28
0.0,125,-4020.28979492188,-1.20105529304419e-28
0.0,126,-4024.06640625,-1.16014228175309e-28
0.0,127,-4027.7099609375,-1.12048461567386e-28
0.0,128,-4031.22485351562,-1.082247202558e-28
0.0,129,-4034.61596679688,-1.04512225472626e-28
0.0,130,-4037.88720703125,-1.00935960140362e-28
0.0,131,-4041.04321289062,-9.74662228081475e-29
0.0,132,-4044.08764648438,-9.41259862090995e-29
0.0,133,-4047.02490234375,-9.08863132458039e-29
0.0,134,-4049.8583984375,-8.77624067277592e-29
0.0,135,-4052.59204101562,-8.47402434775578e-29
0.0,136,-4055.22924804688,-8.18198535878552e-29
0.0,137,-4057.7734375,-7.89941412105124e-29
0.0,138,-4060.22778320312,-7.62643401444001e-29
0.0,139,-4062.59545898438,-7.36377689233069e-29
0.0,140,-4064.8798828125,-7.10846478554678e-29
0.0,141,-4067.08349609375,-6.86276848586333e-29
0.0,142,-4069.20947265625,-6.62450627576522e-29
0.0,143,-4071.26025390625,-6.3960127434569e-29
0.0,144,-4073.23901367188,-6.17341496419084e-29
0.0,145,-4075.14770507812,-5.95982090741479e-29
0.0,146,-4076.9892578125,-5.75218940937594e-29
0.0,147,-4078.765625,-5.55294653995111e-29
0.0,148,-4080.4794921875,-5.35966021073241e-29
0.0,149,-4082.1328125,-5.17319889575413e-29
0.0,150,-4083.72778320312,-4.99358817377334e-29
0.0,151,-4085.2666015625,-4.82003991814563e-29
0.0,152,-4086.75122070312,-4.65179639580848e-29
0.0,153,-4088.18334960938,-4.48965626583572e-29
0.0,154,-4089.56494140625,-4.33289128596712e-29
0.0,155,-4090.89770507812,-4.18220141136685e-29
0.0,156,-4092.18359375,-4.03617258815855e-29
0.0,157,-4093.42407226562,-3.89472115876026e-29
0.0,158,-4094.62060546875,-3.75942397831394e-29
0.0,159,-4095.77514648438,-3.62876437698841e-29
0.0,160,-4096.88916015625,-3.50037556743792e-29
0.0,161,-4097.96337890625,-3.37899323083981e-29
0.0,162,-4099.0,-3.26068515991543e-29
0.0,626,-2501.0,-1.52854213606916e-29
0.0,627,-2502.01684570312,-1.55542887040919e-29
0.0,628,-2503.05053710938,-1.58235683168709e-29
0.0,629,-2504.1015625,-1.61009338261508e-29
0.0,630,-2505.17016601562,-1.63828899700091e-29
0.0,631,-2506.25659179688,-1.66688454277675e-29
0.0,632,-2507.361328125,-1.69632734726485e-29
0.0,633,-2508.484375,-1.7258219111202e-29
0.0,634,-2509.62622070312,-1.75612295813977e-29
0.0,635,-2510.78735351562,-1.78726479395068e-29
0.0,636,-2511.9677734375,-1.81848095862038e-29
0.0,637,-2513.16796875,-1.85052813196843e-29
0.0,638,-2514.38818359375,-1.88300894048052e-29
0.0,639,-2515.62890625,-1.91635867441674e-29
0.0,640,-2516.89013671875,-1.94976152188971e-29
0.0,641,-2518.1728515625,-1.98476710418827e-29
0.0,642,-2519.47680664062,-2.01950741972964e-29
0.0,643,-2520.80249023438,-2.05506836198326e-29
0.0,644,-2522.150390625,-2.09150078753671e-29
0.0,645,-2523.52099609375,-2.12879371257079e-29
0.0,646,-2524.91430664062,-2.16617405676875e-29
0.0,647,-2526.3310546875,-2.20479572300117e-29
0.0,648,-2527.771484375,-2.24393227456716e-29
0.0,649,-2529.23608398438,-2.28393083024655e-29
0.0,650,-2530.72509765625,-2.32443674809566e-29
0.0,651,-2532.23901367188,-2.36579804967397e-29
0.0,652,-2533.7783203125,-2.40808214252955e-29
0.0,653,-2535.34326171875,-2.45085599335145e-29
0.0,654,-2536.93432617188,-2.49454691784609e-29
0.0,655,-2538.55224609375,-2.53950594683849e-29
0.0,656,-2540.19702148438,-2.58460911965016e-29
0.0,657,-2541.86938476562,-2.63102282760368e-29
0.0,658,-2543.56982421875,-2.67836158378361e-29
0.0,659,-2545.29858398438,-2.72623719293554e-29
0.0,660,-2547.05615234375,-2.77504868366982e-29
0.0,661,-2548.84326171875,-2.82518244568154e-29
0.0,662,-2550.66015625,-2.87588706536584e-29
0.0,663,-2552.50756835938,-2.92791245169482e-29
0.0,664,-2554.38598632812,-2.98091825673611e-29
0.0,665,-2556.29565429688,-3.03448228053471e-29
0.0,666,-2558.2373046875,-3.0894380896447e-29
0.0,667,-2560.21142578125,-3.14538063692462e-29
0.0,668,-2562.21850585938,-3.20228554732364e-29
0.0,669,-2564.25903320312,-3.26019284407339e-29
0.0,670,-2566.333984375,-3.31991081589743e-29
0.0,671,-2568.44360351562,-3.38025020105508e-29
0.0,672,-2570.58837890625,-3.44161815317365e-29
0.0,673,-2572.76904296875,-3.5043935387844e-29
0.0,674,-2574.98608398438,-3.56823330161598e-29
0.0,675,-2577.24047851562,-3.63392075348795e-29
0.0,676,-2579.53247070312,-3.70025820671615e-29
0.0,677,-2581.86279296875,-3.76807832507498e-29
0.0,678,-2584.23193359375,-3.83698839941171e-29
0.0,679,-2586.64086914062,-3.90779340825778e-29
0.0,680,-2589.09008789062,-3.97969649809871e-29
0.0,681,-2591.58032226562,-4.05311505406463e-29
0.0,682,-2594.11206054688,-4.1276870615113e-29
0.0,683,-2596.68627929688,-4.20419252206621e-29
0.0,684,-2599.30346679688,-4.28186226745781e-29
0.0,685,-2601.96459960938,-4.36149525768647e-29
0.0,686,-2604.67016601562,-4.44233646802868e-29
0.0,687,-2607.4208984375,-4.52476115389704e-29
0.0,688,-2610.21752929688,-4.60881746354016e-29
0.0,689,-2613.06127929688,-4.69531458846123e-29
0.0,690,-2615.95239257812,-4.7826522012471e-29
0.0,691,-2618.89184570312,-4.87208546655371e-29
0.0,692,-2621.88037109375,-4.96316931400796e-29
0.0,693,-2624.9189453125,-5.0564038835423e-29
0.0,694,-2628.00854492188,-5.15172718428664e-29
0.0,695,-2631.14965820312,-5.2484419694158e-29
0.0,696,-2634.34326171875,-5.3472843052804e-29
0.0,697,-2637.59033203125,-5.44834386799347e-29
0.0,698,-2640.89184570312,-5.55162787979231e-29
0.0,699,-2644.24853515625,-5.65672106203266e-29
0.0,700,-2647.66137695312,-5.76408383234185e-29
0.0,701,-2651.13110351562,-5.87331776396264e-29
0.0,702,-2654.65893554688,-5.98531119208186e-29
0.0,703,-2658.24584960938,-6.09959948610045e-29
0.0,704,-2661.89282226562,-6.21627894251561e-29
0.0,705,-2665.60083007812,-6.33535858912396e-29
0.0,706,-2669.37060546875,-6.45643939731516e-29
0.0,707,-2673.20361328125,-6.58078285120277e-29
0.0,708,-2677.10083007812,-6.70765168072995e-29
0.0,709,-2681.06298828125,-6.83659208865357e-29
0.0,710,-2685.09155273438,-6.96891250362959e-29
0.0,711,-2689.1875,-7.10383713700228e-29
0.0,712,-2693.35205078125,-7.24178126741591e-29
0.0,713,-2697.58618164062,-7.38238197744658e-29
0.0,714,-2701.89111328125,-7.52609306433743e-29
0.0,715,-2706.26806640625,-7.67297170413369e-29
0.0,716,-2710.71826171875,-7.82300585977321e-29
0.0,717,-2715.24267578125,-7.97588316949313e-29
0.0,718,-2719.84301757812,-8.13286391370081e-29
0.0,719,-2724.52026367188,-8.29273957135615e-29
0.0,720,-2729.27563476562,-8.455995837917e-29
0.0,721,-2734.11059570312,-8.62310697363215e-29
0.0,722,-2739.02661132812,-8.7940711729423e-29
0.0,723,-2744.02465820312,-8.9681505639375e-29
0.0,724,-2749.1064453125,-9.14665056600817e-29
0.0,725,-2754.27294921875,-9.32831330615938e-29
0.0,726,-2759.52612304688,-9.51497864934115e-29
0.0,727,-2764.8671875,-9.70538932441164e-29
0.0,728,-2770.29736328125,-9.89954472951775e-29
0.0,729,-2775.81860351562,-1.00989097751234e-28
0.0,730,-2781.43212890625,-1.03021808473976e-28
0.0,731,-2787.13940429688,-1.05098406325325e-28
0.0,732,-2792.9423828125,-1.0722917095636e-28
0.0,733,-2798.84228515625,-1.09400969932272e-28
0.0,734,-2804.8408203125,-1.11623192161541e-28
0.0,735,-2810.93969726562,-1.13897354313998e-28
0.0,736,-2817.14086914062,-1.16228186955068e-28
0.0,737,-2823.4453125,-1.18598477085874e-28
0.0,738,-2829.85546875,-1.21036644210158e-28
0.0,739,-2836.37280273438,-1.23524777179436e-28
0.0,740,-2842.99926757812,-1.260735649049e-28
0.0,741,-2849.73657226562,-1.28678613858865e-28
0.0,742,-2856.58642578125,-1.31341597192969e-28
0.0,743,-2863.55078125,-1.34067329732074e-28
0.0,744,-2870.6318359375,-1.36862431860363e-28
0.0,745,-2877.8310546875,-1.39712868363367e-28
0.0,746,-2885.15087890625,-1.42639680025728e-28
0.0,747,-2892.59326171875,-1.4563355016134e-28
0.0,748,-2900.15991210938,-1.48691457467603e-28
0.0,749,-2907.85327148438,-1.51828737161699e-28
0.0,750,-2915.67529296875,-1.55036999411308e-28
0.0,751,-2923.6279296875,-1.58317652552701e-28
0.0,752,-2931.7138671875,-1.61686380877864e-28
0.0,753,-2939.93505859375,-1.65130027877864e-28
0.0,754,-2948.29345703125,-1.68650098185469e-28
0.0,755,-2956.7919921875,-1.72267427955266e-28
0.0,756,-2965.4326171875,-1.75964370854138e-28
0.0,757,-2974.21752929688,-1.7974664448661e-28
0.0,758,-2983.14965820312,-1.83631437777433e-28
0.0,759,-2992.23095703125,-1.87600105317335e-28
0.0,760,-3001.46435546875,-1.91674566596494e-28
0.0,761,-3010.85229492188,-1.95846311411969e-28
0.0,762,-3020.39697265625,-2.00112703647148e-28
0.0,763,-3030.10131835938,-2.0449028222543e-28
0.0,764,-3039.96826171875,-2.08981117521503e-28
0.0,765,-3050.0,-2.13572197471182e-28
0.0,766,-3060.03173828125,-2.14681942379263e-28
0.0,767,-3069.89868164062,-2.12237744686841e-28
0.0,768,-3079.60302734375,-2.0978762475984e-28
0.0,769,-3089.14770507812,-2.07348891893635e-28
0.0,770,-3098.53564453125,-2.04923640537041e-28
0.0,771,-3107.76904296875,-2.02498509551069e-28
0.0,772,-3116.85034179688,-2.00079842467472e-28
0.0,773,-3125.78247070312,-1.97680458757444e-28
0.0,774,-3134.5673828125,-1.95280437083122e-28
0.0,775,-3143.2080078125,-1.9290340619751e-28
0.0,776,-3151.70654296875,-1.90534115142863e-28
0.0,777,-3160.06494140625,-1.88169313912398e-28
0.0,778,-3168.2861328125,-1.85831896998331e-28
0.0,779,-3176.3720703125,-1.83501726395679e-28
0.0,780,-3184.32470703125,-1.81179897477098e-28
0.0,781,-3192.14672851562,-1.78884393613445e-28
0.0,782,-3199.84008789062,-1.76600168477029e-28
0.0,783,-3207.40673828125,-1.74328209106946e-28
0.0,784,-3214.84912109375,-1.72081034047835e-28
0.0,785,-3222.1689453125,-1.69843259934265e-28
0.0,786,-3229.3681640625,-1.67620809000815e-28
0.0,787,-3236.44921875,-1.65427439609526e-28
0.0,788,-3243.41357421875,-1.63240197082872e-28
0.0,789,-3250.26342773438,-1.61078352757359e-28
0.0,790,-3257.00073242188,-1.58936164954341e-28
0.0,791,-3263.62719726562,-1.56809902184551e-28
0.0,792,-3270.14453125,-1.54699504262678e-28
0.0,793,-3276.5546875,-1.52612554537878e-28
0.0,794,-3282.85913085938,-1.50537545578733e-28
0.0,795,-3289.06030273438,-1.48499249659153e-28
0.0,796,-3295.1591796875,-1.46463337077879e-28
0.0,797,-3301.15771484375,-1.44453556958538e-28
0.0,798,-3307.0576171875,-1.42465696329377e-28
0.0,799,-3312.86059570312,-1.40499562597401e-28
0.0,800,-3318.56787109375,-1.3854447888848e-28
0.0,801,-3324.18139648438,-1.36619319316071e-28
0.0,802,-3329.70263671875,-1.34712179225703e-28
0.0,803,-3335.1328125,-1.32818063236585e-28
0.0,804,-3340.47387695312,-1.30955941758668e-28
0.0,805,-3345.72705078125,-1.29107602716915e-28
0.0,806,-3350.8935546875,-1.27274334076977e-28
0.0,807,-3355.97534179688,-1.25474684951631e-28
0.0,808,-3360.97338867188,-1.23684833994877e-28
0.0,809,-3365.88940429688,-1.21923354393616e-28
0.0,810,-3370.72436523438,-1.20173394260835e-28
0.0,811,-3375.47973632812,-1.18446388805578e-28
0.0,812,-3380.15698242188,-1.16743589882311e-28
0.0,813,-3384.75732421875,-1.15059496553628e-28
0.0,814,-3389.28173828125,-1.13388282881448e-28
0.0,815,-3393.73193359375,-1.11748185014932e-28
0.0,816,-3398.10888671875,-1.10122339030005e-28
0.0,817,-3402.41381835938,-1.08516173641696e-28
0.0,818,-3406.64794921875,-1.06930844407974e-28
0.0,819,-3410.8125,-1.05366483736521e-28
0.0,820,-3414.90844726562,-1.0381739809694e-28
0.0,821,-3418.93701171875,-1.02289774539176e-28
0.0,822,-3422.89916992188,-1.00778364904132e-28
0.0,823,-3426.79638671875,-9.92954891249198e-29
0.0,824,-3430.62939453125,-9.78226221628875e-29
0.0,825,-3434.39916992188,-9.63672029224451e-29
0.0,826,-3438.10717773438,-9.49410517986264e-29
0.0,827,-3441.75415039062,-9.35260590314229e-29
0.0,828,-3445.34106445312,-9.21288931532672e-29
0.0,829,-3448.86889648438,-9.0750089813425e-29
0.0,830,-3452.33862304688,-8.93888786399185e-29
0.0,831,-3455.75146484375,-8.80530175193051e-29
0.0,832,-3459.10815429688,-8.67296087394883e-29
0.0,833,-3462.40966796875,-8.54253388884939e-29
0.0,834,-3465.65673828125,-8.41337079527595e-29
0.0,835,-3468.85034179688,-8.28616793727404e-29
0.0,836,-3471.99145507812,-8.16097346309225e-29
0.0,837,-3475.0810546875,-8.03770672441418e-29
0.0,838,-3478.11962890625,-7.91526933931841e-29
0.0,839,-3481.10815429688,-7.79479820832523e-29
0.0,840,-3484.04760742188,-7.67644499841777e-29
0.0,841,-3486.93872070312,-7.5594724395392e-29
0.0,842,-3489.78247070312,-7.44463104251471e-29
0.0,843,-3492.5791015625,-7.32997321068805e-29
0.0,844,-3495.32983398438,-7.21808269945023e-29
0.0,845,-3498.03540039062,-7.10771969139955e-29
0.0,846,-3500.69653320312,-6.99884687164334e-29
0.0,847,-3503.31372070312,-6.89090030381975e-29
0.0,848,-3505.88793945312,-6.78513124053955e-29
0.0,849,-3508.41967773438,-6.68029023475129e-29
0.0,850,-3510.90991210938,-6.57765622430868e-29
0.0,851,-3513.35913085938,-6.4760038362846e-29
0.0,852,-3515.76806640625,-6.37595177567368e-29
0.0,853,-3518.13720703125,-6.2768506429728e-29
0.0,854,-3520.46752929688,-6.18003835764021e-29
0.0,855,-3522.75952148438,-6.08422815773181e-29
0.0,856,-3525.01391601562,-5.99009411872813e-29
0.0,857,-3527.23095703125,-5.89629230263985e-29
0.0,858,-3529.41162109375,-5.80482627846226e-29
0.0,859,-3531.55639648438,-5.71442974725691e-29
0.0,860,-3533.666015625,-5.62570034915966e-29
0.0,861,-3535.74096679688,-5.53803382365048e-29
0.0,862,-3537.78149414062,-5.4507705397234e-29
0.0,863,-3539.78857421875,-5.36592249231721e-29
0.0,864,-3541.7626953125,-5.28216440088891e-29
0.0,865,-3543.70434570312,-5.19944992274923e-29
0.0,866,-3545.61401367188,-5.11784044691515e-29
0.0,867,-3547.49243164062,-5.03804134522879e-29
0.0,868,-3549.33984375,-4.95866564720363e-29
0.0,869,-3551.15673828125,-4.88044400251235e-29
0.0,870,-3552.94384765625,-4.80397525499701e-29
0.0,871,-3554.70141601562,-4.72800303629545e-29
0.0,872,-3556.43017578125,-4.65382494170772e-29
0.0,873,-3558.13061523438,-4.58080270601317e-29
0.0,874,-3559.80297851562,-4.50826827226234e-29
0.0,875,-3561.44775390625,-4.43690053076064e-29
0.0,876,-3563.06567382812,-4.36738108015245e-29
0.0,877,-3564.65673828125,-4.29771778665153e-29
0.0,878,-3566.2216796875,-4.22986005247348e-29
0.0,879,-3567.76098632812,-4.16321956620559e-29
0.0,880,-3569.27490234375,-4.09707139577973e-29
0.0,881,-3570.76391601562,-4.03217748723016e-29
0.0,882,-3572.228515625,-3.96843462274891e-29
0.0,883,-3573.6689453125,-3.90525148165775e-29
0.0,884,-3575.08569335938,-3.84325579674792e-29
0.0,885,-3576.47900390625,-3.78185474270843e-29
0.0,886,-3577.849609375,-3.72232906295228e-29
0.0,887,-3579.19750976562,-3.66267308199833e-29
0.0,888,-3580.52319335938,-3.60424849250257e-29
0.0,889,-3581.8271484375,-3.54708689175316e-29
0.0,890,-3583.10986328125,-3.49111124255231e-29
0.0,891,-3584.37109375,-3.43441878630029e-29
0.0,892,-3585.61181640625,-3.38030767802686e-29
0.0,893,-3586.83203125,-3.32605754168556e-29
0.0,894,-3588.0322265625,-3.27311583400023e-29
0.0,895,-3589.21264648438,-3.22072241449594e-29
0.0,896,-3590.37377929688,-3.16958957632557e-29
0.0,897,-3591.515625,-3.11838271022296e-29
0.0,898,-3592.638671875,-3.06846922644863e-29
0.0,899,-3593.74340820312,-3.01979856934153e-29
0.0,900,-3594.82983398438,-2.97103342129654e-29
0.0,901,-3595.8984375,-2.92359836861939e-29
0.0,902,-3596.94946289062,-2.87670227540011e-29
0.0,903,-3597.98315429688,-2.83045738724328e-29
0.0,904,-3599.0,-2.78549534898535e-29
1.0,2,-3600.0,-2.74044995407201e-29
1.0,3,-4100.0,-7.84308992560143e-39
1.0,6,-2500.0,7.72897098126375e-39
1.0,35,-3601.0,-2.84301414955414e-29
1.0,36,-3602.03662109375,-2.94797341947804e-29
1.0,37,-3603.11108398438,-3.05709510549425e-29
1.0,38,-3604.22485351562,-3.17036386034853e-29
1.0,39,-3605.37939453125,-3.28715917348691e-29
1.0,40,-3606.57592773438,-3.409444590673e-29
1.0,41,-3607.81640625,-3.53591589622261e-29
1.0,42,-3609.10229492188,-3.66666968755949e-29
1.0,43,-3610.43505859375,-3.80293224039042e-29
1.0,44,-3611.81665039062,-3.94414383132532e-29
1.0,45,-3613.24877929688,-4.09095596635319e-29
1.0,46,-3614.7333984375,-4.24272737098786e-29
1.0,47,-3616.27221679688,-4.40014054665337e-29
1.0,48,-3617.8671875,-4.56390778650258e-29
1.0,49,-3619.5205078125,-4.73405527114569e-29
1.0,50,-3621.234375,-4.90989056858237e-29
1.0,51,-3623.0107421875,-5.09354243325427e-29
1.0,52,-3624.85229492188,-5.28299676373675e-29
1.0,53,-3626.76098632812,-5.48091375076549e-29
1.0,54,-3628.73974609375,-5.68469880559354e-29
1.0,55,-3630.79052734375,-5.89774216677611e-29
1.0,56,-3632.91650390625,-6.11811790436884e-29
1.0,57,-3635.1201171875,-6.3477838465308e-29
1.0,58,-3637.40454101562,-6.58487063750973e-29
1.0,59,-3639.77221679688,-6.83204147730685e-29
1.0,60,-3642.2265625,-7.08876854074678e-29
1.0,61,-3644.77075195312,-7.35505483709505e-29
1.0,62,-3647.40795898438,-7.63163101602431e-29
1.0,63,-3650.1416015625,-7.91862105927475e-29
1.0,64,-3652.97509765625,-8.21738274745714e-29
1.0,65,-3655.91235351562,-8.52673524477434e-29
1.0,66,-3658.95678710938,-8.8493676309112e-29
1.0,67,-3662.11279296875,-9.18343582794596e-29
1.0,68,-3665.38403320312,-9.53173123059178e-29
1.0,69,-3668.77514648438,-9.89225026985338e-29
1.0,70,-3672.2900390625,-1.02679161462745e-28
1.0,71,-3675.93359375,-1.06575004776624e-28
1.0,72,-3679.71020507812,-1.10630748424136e-28
1.0,73,-3683.625,-1.14849233151949e-28
1.0,74,-3687.68310546875,-1.19223742279382e-28
1.0,75,-3691.88940429688,-1.23777940670626e-28
1.0,76,-3696.24951171875,-1.28519556119583e-28
1.0,77,-3700.76928710938,-1.33436479341728e-28
1.0,78,-3705.4541015625,-1.38559176141368e-28
1.0,79,-3710.31030273438,-1.438895243002e-28
1.0,80,-3715.34423828125,-1.4942235991856e-28
1.0,81,-3720.56201171875,-1.55188762690926e-28
1.0,82,-3725.970703125,-1.61184242793114e-28
1.0,83,-3731.5771484375,-1.6742515859259e-28
1.0,84,-3737.388671875,-1.73915398060429e-28
1.0,85,-3743.41259765625,-1.80678469579015e-28
1.0,86,-3749.65698242188,-1.8770459905388e-28
1.0,87,-3756.12939453125,-1.95039888433068e-28
1.0,88,-3762.8388671875,-2.02659396923798e-28
1.0,89,-3769.79345703125,-2.10603569054904e-28
1.0,90,-3777.00244140625,-2.18877460392489e-28
1.0,91,-3784.47509765625,-2.27485187611809e-28
1.0,92,-3792.220703125,-2.36476247112435e-28
1.0,93,-3800.25,-2.45819703644635e-28
1.0,94,-3808.57250976562,-2.55579931416801e-28
1.0,95,-3817.19970703125,-2.65734421122707e-28
1.0,96,-3826.14208984375,-2.76334282128252e-28
1.0,97,-3835.41162109375,-2.87379947767675e-28
1.0,98,-3845.02001953125,-2.98908708859522e-28
1.0,99,-3854.97998046875,-2.89336114812189e-28
1.0,100,-3864.58837890625,-2.80042082457186e-28
1.0,101,-3873.85791015625,-2.71005739528743e-28
1.0,102,-3882.80029296875,-2.62242469392289e-28
1.0,103,-3891.42749023438,-2.53714596043289e-28
1.0,104,-3899.75,-2.45458976966051e-28
1.0,105,-3907.779296875,-2.37421758344507e-28
1.0,106,-3915.52490234375,-2.29647068048508e-28
1.0,107,-3922.99755859375,-2.22094341178599e-28
1.0,108,-3930.20654296875,-2.14769499969359e-28
1.0,109,-3937.1611328125,-2.07676998133786e-28
1.0,110,-3943.87060546875,-2.00782855045422e-28
1.0,111,-3950.34301757812,-1.94122146703381e-28
1.0,112,-3956.58740234375,-1.87653357280297e-28
1.0,113,-3962.611328125,-1.81394313665219e-28
1.0,114,-3968.4228515625,-1.75326490819495e-28
1.0,115,-3974.029296875,-1.69452007266063e-28
1.0,116,-3979.43798828125,-1.63758994461641e-28
1.0,117,-3984.65576171875,-1.58257984835612e-28
1.0,118,-3989.68969726562,-1.52920005179375e-28
1.0,119,-3994.5458984375,-1.47755515699942e-28
1.0,120,-3999.23071289062,-1.42767008069176e-28
1.0,121,-4003.75048828125,-1.37924895188309e-28
1.0,122,-4008.11059570312,-1.33246498389776e-28
1.0,123,-4012.31689453125,-1.28726930626345e-28
1.0,124,-4016.375,-1.24343056664558e-28
1.0,125,-4020.28979492188,-1.20105553378544e-28
1.0,126,-4024.06640625,-1.16014252249433e-28
1.0,127,-4027.7099609375,-1.12048473604448e-28
1.0,128,-4031.22485351562,-1.08224732292862e-28
1.0,129,-4034.61596679688,-1.04512237509688e-28
1.0,130,-4037.88720703125,-1.00935978195956e-28
1.0,131,-4041.04321289062,-9.74662408637408e-29
1.0,132,-4044.08764648438,-9.41260042646928e-29
1.0,133,-4047.02490234375,-9.08863313013972e-29
1.0,134,-4049.8583984375,-8.77624247833524e-29
1.0,135,-4052.59204101562,-8.47402615331511e-29
1.0,136,-4055.22924804688,-8.18198656249173e-29
1.0,137,-4057.7734375,-7.89941532475745e-29
1.0,138,-4060.22778320312,-7.62643521814622e-29
1.0,139,-4062.59545898438,-7.36377809603691e-29
1.0,140,-4064.8798828125,-7.108465989253e-29
1.0,141,-4067.08349609375,-6.86276968956955e-29
1.0,142,-4069.20947265625,-6.62450747947143e-29
1.0,143,-4071.26025390625,-6.39601334531001e-29
1.0,144,-4073.23901367188,-6.17341616789706e-29
1.0,145,-4075.14770507812,-5.9598215092679e-29
1.0,146,-4076.9892578125,-5.75219001122905e-29
1.0,147,-4078.765625,-5.55294714180422e-29
1.0,148,-4080.4794921875,-5.35966141443862e-29
1.0,149,-4082.1328125,-5.17319949760724e-29
1.0,150,-4083.72778320312,-4.99358877562645e-29
1.0,151,-4085.2666015625,-4.82004082092529e-29
1.0,152,-4086.75122070312,-4.65179699766159e-29
1.0,153,-4088.18334960938,-4.48965686768882e-29
1.0,154,-4089.56494140625,-4.33289188782023e-29
1.0,155,-4090.89770507812,-4.18220231414651e-29
1.0,156,-4092.18359375,-4.03617319001165e-29
1.0,157,-4093.42407226562,-3.89472176061336e-29
1.0,158,-4094.62060546875,-3.7594242792405e-29
1.0,159,-4095.77514648438,-3.62876497884152e-29
1.0,160,-4096.88916015625,-3.50037616929103e-29
1.0,161,-4097.96337890625,-3.37899383269292e-29
1.0,162,-4099.0,-3.26068576176853e-29
1.0,626,-2501.0,-1.52854138375277e-29
1.0,627,-2502.01684570312,-1.5554281180928e-29
1.0,628,-2503.05053710938,-1.58235622983398e-29
1.0,629,-2504.1015625,-1.61009278076197e-29
1.0,630,-2505.17016601562,-1.6382883951478e-29
1.0,631,-2506.25659179688,-1.66688379046037e-29
1.0,632,-2507.361328125,-1.69632674541174e-29
1.0,633,-2508.484375,-1.72582115880382e-29
1.0,634,-2509.62622070312,-1.75612220582338e-29
1.0,635,-2510.78735351562,-1.78726404163429e-29
1.0,636,-2511.9677734375,-1.818480206304e-29
1.0,637,-2513.16796875,-1.85052737965205e-29
1.0,638,-2514.38818359375,-1.88300818816414e-29
1.0,639,-2515.62890625,-1.91635777163708e-29
1.0,640,-2516.89013671875,-1.94976076957332e-29
1.0,641,-2518.1728515625,-1.98476635187188e-29
1.0,642,-2519.47680664062,-2.01950666741326e-29
1.0,643,-2520.80249023438,-2.05506760966688e-29
1.0,644,-2522.150390625,-2.09150003522033e-29
1.0,645,-2523.52099609375,-2.12879280979113e-29
1.0,646,-2524.91430664062,-2.16617315398908e-29
1.0,647,-2526.3310546875,-2.20479482022151e-29
1.0,648,-2527.771484375,-2.2439313717875e-29
1.0,649,-2529.23608398438,-2.28392992746689e-29
1.0,650,-2530.72509765625,-2.324435845316e-29
1.0,651,-2532.23901367188,-2.36579699643104e-29
1.0,652,-2533.7783203125,-2.40808108928661e-29
1.0,653,-2535.34326171875,-2.45085494010851e-29
1.0,654,-2536.93432617188,-2.49454586460315e-29
1.0,655,-2538.55224609375,-2.53950504405883e-29
1.0,656,-2540.19702148438,-2.58460791594395e-29
1.0,657,-2541.86938476562,-2.63102192482402e-29
1.0,658,-2543.56982421875,-2.67836068100395e-29
1.0,659,-2545.29858398438,-2.72623598922932e-29
1.0,660,-2547.05615234375,-2.77504778089016e-29
1.0,661,-2548.84326171875,-2.82518154290188e-29
1.0,662,-2550.66015625,-2.87588586165963e-29
1.0,663,-2552.50756835938,-2.9279112479886e-29
1.0,664,-2554.38598632812,-2.98091705302989e-29
1.0,665,-2556.29565429688,-3.0344810768285e-29
1.0,666,-2558.2373046875,-3.08943688593848e-29
1.0,667,-2560.21142578125,-3.14537943321841e-29
1.0,668,-2562.21850585938,-3.20228434361742e-29
1.0,669,-2564.25903320312,-3.26019164036718e-29
1.0,670,-2566.333984375,-3.31990961219121e-29
1.0,671,-2568.44360351562,-3.38024869642231e-29
1.0,672,-2570.58837890625,-3.44161694946744e-29
1.0,673,-2572.76904296875,-3.50439233507819e-29
1.0,674,-2574.98608398438,-3.56823209790976e-29
1.0,675,-2577.24047851562,-3.63391924885518e-29
1.0,676,-2579.53247070312,-3.70025700300994e-29
1.0,677,-2581.86279296875,-3.76807712136877e-29
1.0,678,-2584.23193359375,-3.83698689477894e-29
1.0,679,-2586.64086914062,-3.90779220455157e-29
1.0,680,-2589.09008789062,-3.97969499346594e-29
1.0,681,-2591.58032226562,-4.05311354943186e-29
1.0,682,-2594.11206054688,-4.12768585780509e-29
1.0,683,-2596.68627929688,-4.20419131836e-29
1.0,684,-2599.30346679688,-4.28186076282504e-29
1.0,685,-2601.96459960938,-4.3614937530537e-29
1.0,686,-2604.67016601562,-4.44233496339591e-29
1.0,687,-2607.4208984375,-4.52475964926427e-29
1.0,688,-2610.21752929688,-4.60881565798083e-29
1.0,689,-2613.06127929688,-4.69531278290191e-29
1.0,690,-2615.95239257812,-4.78265069661433e-29
1.0,691,-2618.89184570312,-4.87208396192094e-29
1.0,692,-2621.88037109375,-4.96316780937519e-29
1.0,693,-2624.9189453125,-5.05640207798298e-29
1.0,694,-2628.00854492188,-5.15172598058043e-29
1.0,695,-2631.14965820312,-5.24844016385648e-29
1.0,696,-2634.34326171875,-5.34728249972108e-29
1.0,697,-2637.59033203125,-5.44834266428726e-29
1.0,698,-2640.89184570312,-5.55162607423299e-29
1.0,699,-2644.24853515625,-5.65671925647334e-29
1.0,700,-2647.66137695312,-5.76408262863564e-29
1.0,701,-2651.13110351562,-5.87331595840331e-29
1.0,702,-2654.65893554688,-5.98530938652254e-29
1.0,703,-2658.24584960938,-6.09959768054112e-29
1.0,704,-2661.89282226562,-6.21627713695629e-29
1.0,705,-2665.60083007812,-6.33535678356464e-29
1.0,706,-2669.37060546875,-6.45643759175584e-29
1.0,707,-2673.20361328125,-6.58078104564345e-29
1.0,708,-2677.10083007812,-6.70764987517063e-29
1.0,709,-2681.06298828125,-6.83658968124114e-29
1.0,710,-2685.09155273438,-6.96891009621716e-29
1.0,711,-2689.1875,-7.10383472958985e-29
1.0,712,-2693.35205078125,-7.24177946185659e-29
1.0,713,-2697.58618164062,-7.38238017188726e-29
1.0,714,-2701.89111328125,-7.52609125877811e-29
1.0,715,-2706.26806640625,-7.67296989857437e-29
1.0,716,-2710.71826171875,-7.82300405421389e-29
1.0,717,-2715.24267578125,-7.97588136393381e-29
1.0,718,-2719.84301757812,-8.13286150628838e-29
1.0,719,-2724.52026367188,-8.29273776579683e-29
1.0,720,-2729.27563476562,-8.45599403235767e-29
1.0,721,-2734.11059570312,-8.62310516807283e-29
1.0,722,-2739.02661132812,-8.79406936738298e-29
1.0,723,-2744.02465820312,-8.96814815652506e-29
1.0,724,-2749.1064453125,-9.14664876044884e-29
1.0,725,-2754.27294921875,-9.32831089874695e-29
1.0,726,-2759.52612304688,-9.51497684378183e-29
1.0,727,-2764.8671875,-9.70538751885231e-29
1.0,728,-2770.29736328125,-9.89954232210532e-29
1.0,729,-2775.81860351562,-1.0098907367711e-28
1.0,730,-2781.43212890625,-1.03021784399851e-28
1.0,731,-2787.13940429688,-1.05098394288262e-28
1.0,732,-2792.9423828125,-1.07229146882235e-28
1.0,733,-2798.84228515625,-1.09400945858148e-28
1.0,734,-2804.8408203125,-1.11623168087417e-28
1.0,735,-2810.93969726562,-1.13897330239874e-28
1.0,736,-2817.14086914062,-1.16228162880944e-28
1.0,737,-2823.4453125,-1.1859845301175e-28
1.0,738,-2829.85546875,-1.21036620136033e-28
1.0,739,-2836.37280273438,-1.23524753105312e-28
1.0,740,-2842.99926757812,-1.26073540830776e-28
1.0,741,-2849.73657226562,-1.28678589784741e-28
1.0,742,-2856.58642578125,-1.31341585155907e-28
1.0,743,-2863.55078125,-1.3406730565795e-28
1.0,744,-2870.6318359375,-1.36862407786239e-28
1.0,745,-2877.8310546875,-1.39712844289243e-28
1.0,746,-2885.15087890625,-1.42639655951604e-28
1.0,747,-2892.59326171875,-1.45633526087216e-28
1.0,748,-2900.15991210938,-1.48691445430541e-28
1.0,749,-2907.85327148438,-1.51828713087575e-28
1.0,750,-2915.67529296875,-1.55036975337184e-28
1.0,751,-2923.6279296875,-1.58317628478577e-28
1.0,752,-2931.7138671875,-1.61686368840802e-28
1.0,753,-2939.93505859375,-1.65130003803739e-28
1.0,754,-2948.29345703125,-1.68650074111345e-28
1.0,755,-2956.7919921875,-1.72267403881141e-28
1.0,756,-2965.4326171875,-1.75964346780014e-28
1.0,757,-2974.21752929688,-1.79746620412485e-28
1.0,758,-2983.14965820312,-1.83631413703309e-28
1.0,759,-2992.23095703125,-1.87600093280273e-28
1.0,760,-3001.46435546875,-1.91674554559432e-28
1.0,761,-3010.85229492188,-1.95846287337845e-28
1.0,762,-3020.39697265625,-2.00112691610086e-28
1.0,763,-3030.10131835938,-2.04490258151306e-28
1.0,764,-3039.96826171875,-2.08981093447379e-28
1.0,765,-3050.0,-2.13572197471182e-28
1.0,766,-3060.03173828125,-2.14681942379263e-28
1.0,767,-3069.89868164062,-2.12237720612716e-28
1.0,768,-3079.60302734375,-2.0978762475984e-28
1.0,769,-3089.14770507812,-2.07348891893635e-28
1.0,770,-3098.53564453125,-2.04923640537041e-28
1.0,771,-3107.76904296875,-2.02498509551069e-28
1.0,772,-3116.85034179688,-2.00079842467472e-28
1.0,773,-3125.78247070312,-1.97680458757444e-28
1.0,774,-3134.5673828125,-1.95280437083122e-28
1.0,775,-3143.2080078125,-1.9290340619751e-28
1.0,776,-3151.70654296875,-1.90534115142863e-28
1.0,777,-3160.06494140625,-1.88169313912398e-28
1.0,778,-3168.2861328125,-1.85831896998331e-28
1.0,779,-3176.3720703125,-1.83501726395679e-28
1.0,780,-3184.32470703125,-1.81179897477098e-28
1.0,781,-3192.14672851562,-1.78884393613445e-28
1.0,782,-3199.84008789062,-1.76600168477029e-28
1.0,783,-3207.40673828125,-1.74328209106946e-28
1.0,784,-3214.84912109375,-1.72081046084897e-28
1.0,785,-3222.1689453125,-1.69843259934265e-28
1.0,786,-3229.3681640625,-1.67620821037878e-28
1.0,787,-3236.44921875,-1.65427439609526e-28
1.0,788,-3243.41357421875,-1.63240197082872e-28
1.0,789,-3250.26342773438,-1.61078364794421e-28
1.0,790,-3257.00073242188,-1.58936176991404e-28
1.0,791,-3263.62719726562,-1.56809902184551e-28
1.0,792,-3270.14453125,-1.54699516299741e-28
1.0,793,-3276.5546875,-1.5261256657494e-28
1.0,794,-3282.85913085938,-1.50537557615795e-28
1.0,795,-3289.06030273438,-1.48499261696215e-28
1.0,796,-3295.1591796875,-1.46463337077879e-28
1.0,797,-3301.15771484375,-1.444535689956e-28
1.0,798,-3307.0576171875,-1.42465708366439e-28
1.0,799,-3312.86059570312,-1.40499574634463e-28
1.0,800,-3318.56787109375,-1.3854447888848e-28
1.0,801,-3324.18139648438,-1.36619331353133e-28
1.0,802,-3329.70263671875,-1.34712191262765e-28
1.0,803,-3335.1328125,-1.32818075273647e-28
1.0,804,-3340.47387695312,-1.3095595379573e-28
1.0,805,-3345.72705078125,-1.29107614753977e-28
1.0,806,-3350.8935546875,-1.27274334076977e-28
1.0,807,-3355.97534179688,-1.25474696988693e-28
1.0,808,-3360.97338867188,-1.23684846031939e-28
1.0,809,-3365.88940429688,-1.21923354393616e-28
1.0,810,-3370.72436523438,-1.20173406297897e-28
1.0,811,-3375.47973632812,-1.18446400842641e-28
1.0,812,-3380.15698242188,-1.16743601919373e-28
1.0,813,-3384.75732421875,-1.1505950859069e-28
1.0,814,-3389.28173828125,-1.1338829491851e-28
1.0,815,-3393.73193359375,-1.11748197051994e-28
1.0,816,-3398.10888671875,-1.10122351067067e-28
1.0,817,-3402.41381835938,-1.08516185678759e-28
1.0,818,-3406.64794921875,-1.06930844407974e-28
1.0,819,-3410.8125,-1.05366495773583e-28
1.0,820,-3414.90844726562,-1.03817410134002e-28
1.0,821,-3418.93701171875,-1.02289786576238e-28
1.0,822,-3422.89916992188,-1.00778376941194e-28
1.0,823,-3426.79638671875,-9.92954951434508e-29
1.0,824,-3430.62939453125,-9.78226341999496e-29
1.0,825,-3434.39916992188,-9.63672089409762e-29
1.0,826,-3438.10717773438,-9.49410638356885e-29
1.0,827,-3441.75415039062,-9.35260710684851e-29
1.0,828,-3445.34106445312,-9.21289051903293e-29
1.0,829,-3448.86889648438,-9.07500958319561e-29
1.0,830,-3452.33862304688,-8.93888906769807e-29
1.0,831,-3455.75146484375,-8.80530235378362e-29
1.0,832,-3459.10815429688,-8.67296147580194e-29
1.0,833,-3462.40966796875,-8.5425344907025e-29
1.0,834,-3465.65673828125,-8.41337199898217e-29
1.0,835,-3468.85034179688,-8.28616853912715e-29
1.0,836,-3471.99145507812,-8.16097406494536e-29
1.0,837,-3475.0810546875,-8.03770792812039e-29
1.0,838,-3478.11962890625,-7.91526994117151e-29
1.0,839,-3481.10815429688,-7.79479881017834e-29
1.0,840,-3484.04760742188,-7.67644560027088e-29
1.0,841,-3486.93872070312,-7.55947304139231e-29
1.0,842,-3489.78247070312,-7.44463164436782e-29
1.0,843,-3492.5791015625,-7.32997381254116e-29
1.0,844,-3495.32983398438,-7.21808330130333e-29
1.0,845,-3498.03540039062,-7.10772029325265e-29
1.0,846,-3500.69653320312,-6.99884747349644e-29
1.0,847,-3503.31372070312,-6.89090090567286e-29
1.0,848,-3505.88793945312,-6.78513184239265e-29
1.0,849,-3508.41967773438,-6.6802908366044e-29
1.0,850,-3510.90991210938,-6.57765742801489e-29
1.0,851,-3513.35913085938,-6.4760044381377e-29
1.0,852,-3515.76806640625,-6.37595237752679e-29
1.0,853,-3518.13720703125,-6.27685184667902e-29
1.0,854,-3520.46752929688,-6.18003895949332e-29
1.0,855,-3522.75952148438,-6.08422875958491e-29
1.0,856,-3525.01391601562,-5.99009532243434e-29
1.0,857,-3527.23095703125,-5.89629290449296e-29
1.0,858,-3529.41162109375,-5.80482688031537e-29
1.0,859,-3531.55639648438,-5.71443095096312e-29
1.0,860,-3533.666015625,-5.62570095101277e-29
1.0,861,-3535.74096679688,-5.53803442550359e-29
1.0,862,-3537.78149414062,-5.45077114157651e-29
1.0,863,-3539.78857421875,-5.36592309417031e-29
1.0,864,-3541.7626953125,-5.28216500274202e-29
1.0,865,-3543.70434570312,-5.19945052460234e-29
1.0,866,-3545.61401367188,-5.11784104876826e-29
1.0,867,-3547.49243164062,-5.03804194708189e-29
1.0,868,-3549.33984375,-4.95866624905674e-29
1.0,869,-3551.15673828125,-4.88044490529201e-29
1.0,870,-3552.94384765625,-4.80397585685011e-29
1.0,871,-3554.70141601562,-4.72800363814856e-29
1.0,872,-3556.43017578125,-4.65382554356082e-29
1.0,873,-3558.13061523438,-4.58080330786627e-29
1.0,874,-3559.80297851562,-4.50826887411545e-29
1.0,875,-3561.44775390625,-4.43690113261375e-29
1.0,876,-3563.06567382812,-4.36738168200556e-29
1.0,877,-3564.65673828125,-4.29771838850464e-29
1.0,878,-3566.2216796875,-4.22986065432659e-29
1.0,879,-3567.76098632812,-4.1632201680587e-29
1.0,880,-3569.27490234375,-4.09707199763284e-29
1.0,881,-3570.76391601562,-4.03217778815671e-29
1.0,882,-3572.228515625,-3.96843522460202e-29
1.0,883,-3573.6689453125,-3.90525208351085e-29
1.0,884,-3575.08569335938,-3.84325609767448e-29
1.0,885,-3576.47900390625,-3.78185534456153e-29
1.0,886,-3577.849609375,-3.72232966480539e-29
1.0,887,-3579.19750976562,-3.66267368385144e-29
1.0,888,-3580.52319335938,-3.60424909435568e-29
1.0,889,-3581.8271484375,-3.54708749360627e-29
1.0,890,-3583.10986328125,-3.49111184440542e-29
1.0,891,-3584.37109375,-3.4344193881534e-29
1.0,892,-3585.61181640625,-3.38030797895341e-29
1.0,893,-3586.83203125,-3.32605784261211e-29
1.0,894,-3588.0322265625,-3.27311613492678e-29
1.0,895,-3589.21264648438,-3.2207227154225e-29
1.0,896,-3590.37377929688,-3.16958987725213e-29
1.0,897,-3591.515625,-3.11838301114951e-29
1.0,898,-3592.638671875,-3.06846982830173e-29
1.0,899,-3593.74340820312,-3.01979887026809e-29
1.0,900,-3594.82983398438,-2.97103402314965e-29
1.0,901,-3595.8984375,-2.92359866954594e-29
1.0,902,-3596.94946289062,-2.87670257632667e-29
1.0,903,-3597.98315429688,-2.83045768816984e-29
1.0,904,-3599.0,-2.78549595083846e-29
2.0,2,-3600.0,-2.74044995407201e-29
2.0,3,-4100.0,7.84314457624154e-39
2.0,6,-2500.0,-7.72897238256221e-39
2.0,35,-3601.0,-2.84301414955414e-29
2.0,36,-3602.03662109375,-2.94797341947804e-29
2.0,37,-3603.11108398438,-3.05709510549425e-29
2.0,38,-3604.22485351562,-3.17036386034853e-29
2.0,39,-3605.37939453125,-3.28715917348691e-29
2.0,40,-3606.57592773438,-3.409444590673e-29
2.0,41,-3607.81640625,-3.53591589622261e-29
2.0,42,-3609.10229492188,-3.66666968755949e-29
2.0,43,-3610.43505859375,-3.80293224039042e-29
2.0,44,-3611.81665039062,-3.94414383132532e-29
2.0,45,-3613.24877929688,-4.09095596635319e-29
2.0,46,-3614.7333984375,-4.24272737098786e-29
2.0,47,-3616.27221679688,-4.40014054665337e-29
2.0,48,-3617.8671875,-4.56390778650258e-29
2.0,49,-3619.5205078125,-4.73405527114569e-29
2.0,50,-3621.234375,-4.90989056858237e-29
2.0,51,-3623.0107421875,-5.09354243325427e-29
2.0,52,-3624.85229492188,-5.28299676373675e-29
2.0,53,-3626.76098632812,-5.48091375076549e-29
2.0,54,-3628.73974609375,-5.68469880559354e-29
2.0,55,-3630.79052734375,-5.89774216677611e-29
2.0,56,-3632.91650390625,-6.11811790436884e-29
2.0,57,-3635.1201171875,-6.3477838465308e-29
2.0,58,-3637.40454101562,-6.58487063750973e-29
2.0,59,-3639.77221679688,-6.83204147730685e-29
2.0,60,-3642.2265625,-7.08876854074678e-29
2.0,61,-3644.77075195312,-7.35505483709505e-29
2.0,62,-3647.40795898438,-7.63163101602431e-29
2.0,63,-3650.1416015625,-7.91862105927475e-29
2.0,64,-3652.97509765625,-8.21738274745714e-29
2.0,65,-3655.91235351562,-8.52673524477434e-29
2.0,66,-3658.95678710938,-8.8493676309112e-29
2.0,67,-3662.11279296875,-9.18343582794596e-29
2.0,68,-3665.38403320312,-9.53173123059178e-29
2.0,69,-3668.77514648438,-9.89225026985338e-29
2.0,70,-3672.2900390625,-1.02679161462745e-28
2.0,71,-3675.93359375,-1.06575004776624e-28
2.0,72,-3679.71020507812,-1.10630748424136e-28
2.0,73,-3683.625,-1.14849233151949e-28
2.0,74,-3687.68310546875,-1.19223742279382e-28
2.0,75,-3691.88940429688,-1.23777940670626e-28
2.0,76,-3696.24951171875,-1.28519544082521e-28
2.0,77,-3700.76928710938,-1.33436479341728e-28
2.0,78,-3705.4541015625,-1.38559176141368e-28
2.0,79,-3710.31030273438,-1.438895243002e-28
2.0,80,-3715.34423828125,-1.4942235991856e-28
2.0,81,-3720.56201171875,-1.55188762690926e-28
2.0,82,-3725.970703125,-1.61184242793114e-28
2.0,83,-3731.5771484375,-1.67425146555528e-28
2.0,84,-3737.388671875,-1.73915398060429e-28
2.0,85,-3743.41259765625,-1.80678469579015e-28
2.0,86,-3749.65698242188,-1.8770459905388e-28
2.0,87,-3756.12939453125,-1.95039888433068e-28
2.0,88,-3762.8388671875,-2.02659396923798e-28
2.0,89,-3769.79345703125,-2.10603569054904e-28
2.0,90,-3777.00244140625,-2.18877460392489e-28
2.0,91,-3784.47509765625,-2.27485187611809e-28
2.0,92,-3792.220703125,-2.36476247112435e-28
2.0,93,-3800.25,-2.45819703644635e-28
2.0,94,-3808.57250976562,-2.55579931416801e-28
2.0,95,-3817.19970703125,-2.65734421122707e-28
2.0,96,-3826.14208984375,-2.76334282128252e-28
2.0,97,-3835.41162109375,-2.87379947767675e-28
2.0,98,-3845.02001953125,-2.98908708859522e-28
2.0,99,-3854.97998046875,-2.89336114812189e-28
2.0,100,-3864.58837890625,-2.80042082457186e-28
2.0,101,-3873.85791015625,-2.71005739528743e-28
2.0,102,-3882.80029296875,-2.62242469392289e-28
2.0,103,-3891.42749023438,-2.53714596043289e-28
2.0,104,-3899.75,-2.45458976966051e-28
2.0,105,-3907.779296875,-2.37421758344507e-28
2.0,106,-3915.52490234375,-2.29647068048508e-28
2.0,107,-3922.99755859375,-2.22094341178599e-28
2.0,108,-3930.20654296875,-2.14769499969359e-28
2.0,109,-3937.1611328125,-2.07676998133786e-28
2.0,110,-3943.87060546875,-2.00782855045422e-28
2.0,111,-3950.34301757812,-1.94122146703381e-28
2.0,112,-3956.58740234375,-1.87653357280297e-28
2.0,113,-3962.611328125,-1.81394313665219e-28
2.0,114,-3968.4228515625,-1.75326490819495e-28
2.0,115,-3974.029296875,-1.69452007266063e-28
2.0,116,-3979.43798828125,-1.63758994461641e-28
2.0,117,-3984.65576171875,-1.58257984835612e-28
2.0,118,-3989.68969726562,-1.52920005179375e-28
2.0,119,-3994.5458984375,-1.47755515699942e-28
2.0,120,-3999.23071289062,-1.42767008069176e-28
2.0,121,-4003.75048828125,-1.37924895188309e-28
2.0,122,-4008.11059570312,-1.33246498389776e-28
2.0,123,-4012.31689453125,-1.28726930626345e-28
2.0,124,-4016.375,-1.24343056664558e-28
2.0,125,-4020.28979492188,-1.20105553378544e-28
2.0,126,-4024.06640625,-1.16014252249433e-28
2.0,127,-4027.7099609375,-1.12048473604448e-28
2.0,128,-4031.22485351562,-1.08224732292862e-28
2.0,129,-4034.61596679688,-1.04512237509688e-28
2.0,130,-4037.88720703125,-1.00935978195956e-28
2.0,131,-4041.04321289062,-9.74662408637408e-29
2.0,132,-4044.08764648438,-9.41260042646928e-29
2.0,133,-4047.02490234375,-9.08863313013972e-29
2.0,134,-4049.8583984375,-8.77624247833524e-29
2.0,135,-4052.59204101562,-8.47402615331511e-29
2.0,136,-4055.22924804688,-8.18198656249173e-29
2.0,137,-4057.7734375,-7.89941532475745e-29
2.0,138,-4060.22778320312,-7.62643521814622e-29
2.0,139,-4062.59545898438,-7.36377809603691e-29
2.0,140,-4064.8798828125,-7.108465989253e-29
2.0,141,-4067.08349609375,-6.86276968956955e-29
2.0,142,-4069.20947265625,-6.62450747947143e-29
2.0,143,-4071.26025390625,-6.39601334531001e-29
2.0,144,-4073.23901367188,-6.17341616789706e-29
2.0,145,-4075.14770507812,-5.9598215092679e-29
2.0,146,-4076.9892578125,-5.75219001122905e-29
2.0,147,-4078.765625,-5.55294714180422e-29
2.0,148,-4080.4794921875,-5.35966141443862e-29
2.0,149,-4082.1328125,-5.17319949760724e-29
2.0,150,-4083.72778320312,-4.99358877562645e-29
2.0,151,-4085.2666015625,-4.82004082092529e-29
2.0,152,-4086.75122070312,-4.65179699766159e-29
2.0,153,-4088.18334960938,-4.48965686768882e-29
2.0,154,-4089.56494140625,-4.33289188782023e-29
2.0,155,-4090.89770507812,-4.18220231414651e-29
2.0,156,-4092.18359375,-4.03617319001165e-29
2.0,157,-4093.42407226562,-3.89472176061336e-29
2.0,158,-4094.62060546875,-3.7594242792405e-29
2.0,159,-4095.77514648438,-3.62876497884152e-29
2.0,160,-4096.88916015625,-3.50037616929103e-29
2.0,161,-4097.96337890625,-3.37899383269292e-29
2.0,162,-4099.0,-3.26068576176853e-29
2.0,626,-2501.0,-1.52854138375277e-29
2.0,627,-2502.01684570312,-1.5554281180928e-29
2.0,628,-2503.05053710938,-1.58235622983398e-29
2.0,629,-2504.1015625,-1.61009278076197e-29
2.0,630,-2505.17016601562,-1.6382883951478e-29
2.0,631,-2506.25659179688,-1.66688379046037e-29
2.0,632,-2507.361328125,-1.69632674541174e-29
2.0,633,-2508.484375,-1.72582115880382e-29
2.0,634,-2509.62622070312,-1.75612220582338e-29
2.0,635,-2510.78735351562,-1.78726404163429e-29
2.0,636,-2511.9677734375,-1.818480206304e-29
2.0,637,-2513.16796875,-1.85052737965205e-29
2.0,638,-2514.38818359375,-1.88300818816414e-29
2.0,639,-2515.62890625,-1.91635777163708e-29
2.0,640,-2516.89013671875,-1.94976076957332e-29
2.0,641,-2518.1728515625,-1.98476635187188e-29
2.0,642,-2519.47680664062,-2.01950666741326e-29
2.0,643,-2520.80249023438,-2.05506760966688e-29
2.0,644,-2522.150390625,-2.09150003522033e-29
2.0,645,-2523.52099609375,-2.12879280979113e-29
2.0,646,-2524.91430664062,-2.16617315398908e-29
2.0,647,-2526.3310546875,-2.20479482022151e-29
2.0,648,-2527.771484375,-2.2439313717875e-29
2.0,649,-2529.23608398438,-2.28392992746689e-29
2.0,650,-2530.72509765625,-2.324435845316e-29
2.0,651,-2532.23901367188,-2.36579699643104e-29
2.0,652,-2533.7783203125,-2.40808108928661e-29
2.0,653,-2535.34326171875,-2.45085494010851e-29
2.0,654,-2536.93432617188,-2.49454586460315e-29
2.0,655,-2538.55224609375,-2.53950504405883e-29
2.0,656,-2540.19702148438,-2.58460791594395e-29
2.0,657,-2541.86938476562,-2.63102192482402e-29
2.0,658,-2543.56982421875,-2.67836068100395e-29
2.0,659,-2545.29858398438,-2.72623598922932e-29
2.0,660,-2547.05615234375,-2.77504778089016e-29
2.0,661,-2548.84326171875,-2.82518154290188e-29
2.0,662,-2550.66015625,-2.87588586165963e-29
2.0,663,-2552.50756835938,-2.9279112479886e-29
2.0,664,-2554.38598632812,-2.98091705302989e-29
2.0,665,-2556.29565429688,-3.0344810768285e-29
2.0,666,-2558.2373046875,-3.08943688593848e-29
2.0,667,-2560.21142578125,-3.14537943321841e-29
2.0,668,-2562.21850585938,-3.20228434361742e-29
2.0,669,-2564.25903320312,-3.26019164036718e-29
2.0,670,-2566.333984375,-3.31990961219121e-29
2.0,671,-2568.44360351562,-3.38024869642231e-29
2.0,672,-2570.58837890625,-3.44161694946744e-29
2.0,673,-2572.76904296875,-3.50439233507819e-29
2.0,674,-2574.98608398438,-3.56823209790976e-29
2.0,675,-2577.24047851562,-3.63391924885518e-29
2.0,676,-2579.53247070312,-3.70025700300994e-29
2.0,677,-2581.86279296875,-3.76807712136877e-29
2.0,678,-2584.23193359375,-3.83698689477894e-29
2.0,679,-2586.64086914062,-3.90779220455157e-29
2.0,680,-2589.09008789062,-3.97969499346594e-29
2.0,681,-2591.58032226562,-4.05311354943186e-29
2.0,682,-2594.11206054688,-4.12768585780509e-29
2.0,683,-2596.68627929688,-4.20419131836e-29
2.0,684,-2599.30346679688,-4.28186076282504e-29
2.0,685,-2601.96459960938,-4.3614937530537e-29
2.0,686,-2604.67016601562,-4.44233496339591e-29
2.0,687,-2607.4208984375,-4.52475964926427e-29
2.0,688,-2610.21752929688,-4.60881595890739e-29
2.0,689,-2613.06127929688,-4.69531278290191e-29
2.0,690,-2615.95239257812,-4.78265069661433e-29
2.0,691,-2618.89184570312,-4.87208396192094e-29
2.0,692,-2621.88037109375,-4.96316780937519e-29
2.0,693,-2624.9189453125,-5.05640207798298e-29
2.0,694,-2628.00854492188,-5.15172598058043e-29
2.0,695,-2631.14965820312,-5.24844016385648e-29
2.0,696,-2634.34326171875,-5.34728249972108e-29
2.0,697,-2637.59033203125,-5.44834266428726e-29
2.0,698,-2640.89184570312,-5.55162607423299e-29
2.0,699,-2644.24853515625,-5.65671925647334e-29
2.0,700,-2647.66137695312,-5.76408262863564e-29
2.0,701,-2651.13110351562,-5.87331595840331e-29
2.0,702,-2654.65893554688,-5.98530938652254e-29
2.0,703,-2658.24584960938,-6.09959768054112e-29
2.0,704,-2661.89282226562,-6.21627713695629e-29
2.0,705,-2665.60083007812,-6.33535678356464e-29
2.0,706,-2669.37060546875,-6.45643759175584e-29
2.0,707,-2673.20361328125,-6.58078104564345e-29
2.0,708,-2677.10083007812,-6.70764987517063e-29
2.0,709,-2681.06298828125,-6.83658968124114e-29
2.0,710,-2685.09155273438,-6.96891009621716e-29
2.0,711,-2689.1875,-7.10383472958985e-29
2.0,712,-2693.35205078125,-7.24177946185659e-29
2.0,713,-2697.58618164062,-7.38238017188726e-29
2.0,714,-2701.89111328125,-7.52609125877811e-29
2.0,715,-2706.26806640625,-7.67296989857437e-29
2.0,716,-2710.71826171875,-7.82300405421389e-29
2.0,717,-2715.24267578125,-7.97588136393381e-29
2.0,718,-2719.84301757812,-8.13286150628838e-29
2.0,719,-2724.52026367188,-8.29273776579683e-29
2.0,720,-2729.27563476562,-8.45599403235767e-29
2.0,721,-2734.11059570312,-8.62310516807283e-29
2.0,722,-2739.02661132812,-8.79406936738298e-29
2.0,723,-2744.02465820312,-8.96814815652506e-29
2.0,724,-2749.1064453125,-9.14664876044884e-29
2.0,725,-2754.27294921875,-9.32831089874695e-29
2.0,726,-2759.52612304688,-9.51497684378183e-29
2.0,727,-2764.8671875,-9.70538751885231e-29
2.0,728,-2770.29736328125,-9.89954292395842e-29
2.0,729,-2775.81860351562,-1.0098907367711e-28
2.0,730,-2781.43212890625,-1.03021784399851e-28
2.0,731,-2787.13940429688,-1.05098394288262e-28
2.0,732,-2792.9423828125,-1.07229146882235e-28
2.0,733,-2798.84228515625,-1.09400945858148e-28
2.0,734,-2804.8408203125,-1.11623168087417e-28
2.0,735,-2810.93969726562,-1.13897330239874e-28
2.0,736,-2817.14086914062,-1.16228162880944e-28
2.0,737,-2823.4453125,-1.1859845301175e-28
2.0,738,-2829.85546875,-1.21036620136033e-28
2.0,739,-2836.37280273438,-1.23524753105312e-28
2.0,740,-2842.99926757812,-1.26073540830776e-28
2.0,741,-2849.73657226562,-1.28678589784741e-28
2.0,742,-2856.58642578125,-1.31341585155907e-28
2.0,743,-2863.55078125,-1.3406730565795e-28
2.0,744,-2870.6318359375,-1.36862407786239e-28
2.0,745,-2877.8310546875,-1.39712844289243e-28
2.0,746,-2885.15087890625,-1.42639655951604e-28
2.0,747,-2892.59326171875,-1.45633526087216e-28
2.0,748,-2900.15991210938,-1.48691445430541e-28
2.0,749,-2907.85327148438,-1.51828713087575e-28
2.0,750,-2915.67529296875,-1.55036975337184e-28
2.0,751,-2923.6279296875,-1.58317628478577e-28
2.0,752,-2931.7138671875,-1.61686368840802e-28
2.0,753,-2939.93505859375,-1.65130003803739e-28
2.0,754,-2948.29345703125,-1.68650074111345e-28
2.0,755,-2956.7919921875,-1.72267403881141e-28
2.0,756,-2965.4326171875,-1.75964346780014e-28
2.0,757,-2974.21752929688,-1.79746620412485e-28
2.0,758,-2983.14965820312,-1.83631413703309e-28
2.0,759,-2992.23095703125,-1.87600093280273e-28
2.0,760,-3001.46435546875,-1.91674554559432e-28
2.0,761,-3010.85229492188,-1.95846287337845e-28
2.0,762,-3020.39697265625,-2.00112691610086e-28
2.0,763,-3030.10131835938,-2.04490258151306e-28
2.0,764,-3039.96826171875,-2.08981093447379e-28
2.0,765,-3050.0,-2.13572197471182e-28
2.0,766,-3060.03173828125,-2.14681942379263e-28
2.0,767,-3069.89868164062,-2.12237720612716e-28
2.0,768,-3079.60302734375,-2.0978762475984e-28
2.0,769,-3089.14770507812,-2.07348891893635e-28
2.0,770,-3098.53564453125,-2.04923640537041e-28
2.0,771,-3107.76904296875,-2.02498509551069e-28
2.0,772,-3116.85034179688,-2.00079842467472e-28
2.0,773,-3125.78247070312,-1.97680458757444e-28
2.0,774,-3134.5673828125,-1.95280437083122e-28
2.0,775,-3143.2080078125,-1.9290340619751e-28
2.0,776,-3151.70654296875,-1.90534115142863e-28
2.0,777,-3160.06494140625,-1.88169313912398e-28
2.0,778,-3168.2861328125,-1.85831896998331e-28
2.0,779,-3176.3720703125,-1.83501726395679e-28
2.0,780,-3184.32470703125,-1.81179897477098e-28
2.0,781,-3192.14672851562,-1.78884393613445e-28
2.0,782,-3199.84008789062,-1.76600168477029e-28
2.0,783,-3207.40673828125,-1.74328209106946e-28
2.0,784,-3214.84912109375,-1.72081046084897e-28
2.0,785,-3222.1689453125,-1.69843259934265e-28
2.0,786,-3229.3681640625,-1.67620821037878e-28
2.0,787,-3236.44921875,-1.65427439609526e-28
2.0,788,-3243.41357421875,-1.63240197082872e-28
2.0,789,-3250.26342773438,-1.61078364794421e-28
2.0,790,-3257.00073242188,-1.58936176991404e-28
2.0,791,-3263.62719726562,-1.56809902184551e-28
2.0,792,-3270.14453125,-1.54699516299741e-28
2.0,793,-3276.5546875,-1.5261256657494e-28
2.0,794,-3282.85913085938,-1.50537557615795e-28
2.0,795,-3289.06030273438,-1.48499261696215e-28
2.0,796,-3295.1591796875,-1.46463337077879e-28
2.0,797,-3301.15771484375,-1.444535689956e-28
2.0,798,-3307.0576171875,-1.42465708366439e-28
2.0,799,-3312.86059570312,-1.40499574634463e-28
2.0,800,-3318.56787109375,-1.3854447888848e-28
2.0,801,-3324.18139648438,-1.36619331353133e-28
2.0,802,-3329.70263671875,-1.34712191262765e-28
2.0,803,-3335.1328125,-1.32818075273647e-28
2.0,804,-3340.47387695312,-1.3095595379573e-28
2.0,805,-3345.72705078125,-1.29107614753977e-28
2.0,806,-3350.8935546875,-1.27274334076977e-28
2.0,807,-3355.97534179688,-1.25474696988693e-28
2.0,808,-3360.97338867188,-1.23684846031939e-28
2.0,809,-3365.88940429688,-1.21923354393616e-28
2.0,810,-3370.72436523438,-1.20173406297897e-28
2.0,811,-3375.47973632812,-1.18446400842641e-28
2.0,812,-3380.15698242188,-1.16743601919373e-28
2.0,813,-3384.75732421875,-1.1505950859069e-28
2.0,814,-3389.28173828125,-1.1338829491851e-28
2.0,815,-3393.73193359375,-1.11748197051994e-28
2.0,816,-3398.10888671875,-1.10122351067067e-28
2.0,817,-3402.41381835938,-1.08516185678759e-28
2.0,818,-3406.64794921875,-1.06930844407974e-28
2.0,819,-3410.8125,-1.05366495773583e-28
2.0,820,-3414.90844726562,-1.03817410134002e-28
2.0,821,-3418.93701171875,-1.02289786576238e-28
2.0,822,-3422.89916992188,-1.00778376941194e-28
2.0,823,-3426.79638671875,-9.92954951434508e-29
2.0,824,-3430.62939453125,-9.78226341999496e-29
2.0,825,-3434.39916992188,-9.63672089409762e-29
2.0,826,-3438.10717773438,-9.49410638356885e-29
2.0,827,-3441.75415039062,-9.35260710684851e-29
2.0,828,-3445.34106445312,-9.21289051903293e-29
2.0,829,-3448.86889648438,-9.07500958319561e-29
2.0,830,-3452.33862304688,-8.93888906769807e-29
2.0,831,-3455.75146484375,-8.80530235378362e-29
2.0,832,-3459.10815429688,-8.67296147580194e-29
2.0,833,-3462.40966796875,-8.5425344907025e-29
2.0,834,-3465.65673828125,-8.41337199898217e-29
2.0,835,-3468.85034179688,-8.28616853912715e-29
2.0,836,-3471.99145507812,-8.16097406494536e-29
2.0,837,-3475.0810546875,-8.03770792812039e-29
2.0,838,-3478.11962890625,-7.91526994117151e-29
2.0,839,-3481.10815429688,-7.79479881017834e-29
2.0,840,-3484.04760742188,-7.67644560027088e-29
2.0,841,-3486.93872070312,-7.55947304139231e-29
2.0,842,-3489.78247070312,-7.44463164436782e-29
2.0,843,-3492.5791015625,-7.32997381254116e-29
2.0,844,-3495.32983398438,-7.21808330130333e-29
2.0,845,-3498.03540039062,-7.10772029325265e-29
2.0,846,-3500.69653320312,-6.99884747349644e-29
2.0,847,-3503.31372070312,-6.89090090567286e-29
2.0,848,-3505.88793945312,-6.78513184239265e-29
2.0,849,-3508.41967773438,-6.6802908366044e-29
2.0,850,-3510.90991210938,-6.57765742801489e-29
2.0,851,-3513.35913085938,-6.4760044381377e-29
2.0,852,-3515.76806640625,-6.37595237752679e-29
2.0,853,-3518.13720703125,-6.27685184667902e-29
2.0,854,-3520.46752929688,-6.18003895949332e-29
2.0,855,-3522.75952148438,-6.08422875958491e-29
2.0,856,-3525.01391601562,-5.99009532243434e-29
2.0,857,-3527.23095703125,-5.89629290449296e-29
2.0,858,-3529.41162109375,-5.80482688031537e-29
2.0,859,-3531.55639648438,-5.71443095096312e-29
2.0,860,-3533.666015625,-5.62570095101277e-29
2.0,861,-3535.74096679688,-5.53803442550359e-29
2.0,862,-3537.78149414062,-5.45077114157651e-29
2.0,863,-3539.78857421875,-5.36592309417031e-29
2.0,864,-3541.7626953125,-5.28216500274202e-29
2.0,865,-3543.70434570312,-5.19945052460234e-29
2.0,866,-3545.61401367188,-5.11784104876826e-29
2.0,867,-3547.49243164062,-5.03804194708189e-29
2.0,868,-3549.33984375,-4.95866624905674e-29
2.0,869,-3551.15673828125,-4.88044490529201e-29
2.0,870,-3552.94384765625,-4.80397585685011e-29
2.0,871,-3554.70141601562,-4.72800363814856e-29
2.0,872,-3556.43017578125,-4.65382554356082e-29
2.0,873,-3558.13061523438,-4.58080330786627e-29
2.0,874,-3559.80297851562,-4.50826887411545e-29
2.0,875,-3561.44775390625,-4.43690113261375e-29
2.0,876,-3563.06567382812,-4.36738168200556e-29
2.0,877,-3564.65673828125,-4.29771838850464e-29
2.0,878,-3566.2216796875,-4.22986065432659e-29
2.0,879,-3567.76098632812,-4.1632201680587e-29
2.0,880,-3569.27490234375,-4.09707199763284e-29
2.0,881,-3570.76391601562,-4.03217778815671e-29
2.0,882,-3572.228515625,-3.96843522460202e-29
2.0,883,-3573.6689453125,-3.90525208351085e-29
2.0,884,-3575.08569335938,-3.84325609767448e-29
2.0,885,-3576.47900390625,-3.78185534456153e-29
2.0,886,-3577.849609375,-3.72232966480539e-29
2.0,887,-3579.19750976562,-3.66267368385144e-29
2.0,888,-3580.52319335938,-3.60424909435568e-29
2.0,889,-3581.8271484375,-3.54708749360627e-29
2.0,890,-3583.10986328125,-3.49111184440542e-29
2.0,891,-3584.37109375,-3.4344193881534e-29
2.0,892,-3585.61181640625,-3.38030797895341e-29
2.0,893,-3586.83203125,-3.32605784261211e-29
2.0,894,-3588.0322265625,-3.27311613492678e-29
2.0,895,-3589.21264648438,-3.2207227154225e-29
2.0,896,-3590.37377929688,-3.16958987725213e-29
2.0,897,-3591.515625,-3.11838301114951e-29
2.0,898,-3592.638671875,-3.06846982830173e-29
2.0,899,-3593.74340820312,-3.01979887026809e-29
2.0,900,-3594.82983398438,-2.97103402314965e-29
2.0,901,-3595.8984375,-2.92359866954594e-29
2.0,902,-3596.94946289062,-2.87670257632667e-29
2.0,903,-3597.98315429688,-2.83045768816984e-29
2.0,904,-3599.0,-2.78549595083846e-29
0.0,2,-3600.0,-2.74044995407201e-29
0.0,3,-4100.0,7.84314457624154e-39
0.0,6,-2500.0,-7.72897238256221e-39
0.0,35,-3601.0,-2.84301414955414e-29
0.0,36,-3602.03662109375,-2.94797341947804e-29
0.0,37,-3603.11108398438,-3.05709510549425e-29
0.0,38,-3604.22485351562,-3.17036386034853e-29
0.0,39,-3605.37939453125,-3.28715917348691e-29
0.0,40,-3606.57592773438,-3.409444590673e-29
0.0,41,-3607.81640625,-3.53591589622261e-29
0.0,42,-3609.10229492188,-3.66666968755949e-29
0.0,43,-3610.43505859375,-3.80293224039042e-29
0.0,44,-3611.81665039062,-3.94414383132532e-29
0.0,45,-3613.24877929688,-4.09095596635319e-29
0.0,46,-3614.7333984375,-4.24272737098786e-29
0.0,47,-3616.27221679688,-4.40014054665337e-29
0.0,48,-3617.8671875,-4.56390778650258e-29
0.0,49,-3619.5205078125,-4.73405527114569e-29
0.0,50,-3621.234375,-4.90989056858237e-29
0.0,51,-3623.0107421875,-5.09354243325427e-29
0.0,52,-3624.85229492188,-5.28299676373675e-29
0.0,53,-3626.76098632812,-5.48091375076549e-29
0.0,54,-3628.73974609375,-5.68469880559354e-29
0.0,55,-3630.79052734375,-5.89774216677611e-29
0.0,56,-3632.91650390625,-6.11811790436884e-29
0.0,57,-3635.1201171875,-6.3477838465308e-29
0.0,58,-3637.40454101562,-6.58487063750973e-29
0.0,59,-3639.77221679688,-6.83204147730685e-29
0.0,60,-3642.2265625,-7.08876854074678e-29
0.0,61,-3644.77075195312,-7.35505483709505e-29
0.0,62,-3647.40795898438,-7.63163101602431e-29
0.0,63,-3650.1416015625,-7.91862105927475e-29
0.0,64,-3652.97509765625,-8.21738274745714e-29
0.0,65,-3655.91235351562,-8.52673524477434e-29
0.0,66,-3658.95678710938,-8.8493676309112e-29
0.0,67,-3662.11279296875,-9.18343582794596e-29
0.0,68,-3665.38403320312,-9.53173123059178e-29
0.0,69,-3668.77514648438,-9.89225026985338e-29
0.0,70,-3672.2900390625,-1.02679161462745e-28
0.0,71,-3675.93359375,-1.06575004776624e-28
0.0,72,-3679.71020507812,-1.10630748424136e-28
0.0,73,-3683.625,-1.14849233151949e-28
0.0,74,-3687.68310546875,-1.19223742279382e-28
0.0,75,-3691.88940429688,-1.23777940670626e-28
0.0,76,-3696.24951171875,-1.28519544082521e-28
0.0,77,-3700.76928710938,-1.33436479341728e-28
0.0,78,-3705.4541015625,-1.38559176141368e-28
0.0,79,-3710.31030273438,-1.438895243002e-28
0.0,80,-3715.34423828125,-1.4942235991856e-28
0.0,81,-3720.56201171875,-1.55188762690926e-28
0.0,82,-3725.970703125,-1.61184242793114e-28
0.0,83,-3731.5771484375,-1.67425146555528e-28
0.0,84,-3737.388671875,-1.73915398060429e-28
0.0,85,-3743.41259765625,-1.80678469579015e-28
0.0,86,-3749.65698242188,-1.8770459905388e-28
0.0,87,-3756.12939453125,-1.95039888433068e-28
0.0,88,-3762.8388671875,-2.02659396923798e-28
0.0,89,-3769.79345703125,-2.10603569054904e-28
0.0,90,-3777.00244140625,-2.18877460392489e-28
0.0,91,-3784.47509765625,-2.27485187611809e-28
0.0,92,-3792.220703125,-2.36476247112435e-28
0.0,93,-3800.25,-2.45819703644635e-28
0.0,94,-3808.57250976562,-2.55579931416801e-28
0.0,95,-3817.19970703125,-2.65734421122707e-28
0.0,96,-3826.14208984375,-2.76334282128252e-28
0.0,97,-3835.41162109375,-2.87379947767675e-28
0.0,98,-3845.02001953125,-2.98908708859522e-28
0.0,99,-3854.97998046875,-2.89336114812189e-28
0.0,100,-3864.58837890625,-2.80042082457186e-28
0.0,101,-3873.85791015625,-2.71005739528743e-28
0.0,102,-3882.80029296875,-2.62242469392289e-28
0.0,103,-3891.42749023438,-2.53714596043289e-28
0.0,104,-3899.75,-2.45458976966051e-28
0.0,105,-3907.779296875,-2.37421758344507e-28
0.0,106,-3915.52490234375,-2.29647068048508e-28
0.0,107,-3922.99755859375,-2.22094341178599e-28
0.0,108,-3930.20654296875,-2.14769499969359e-28
0.0,109,-3937.1611328125,-2.07676998133786e-28
0.0,110,-3943.87060546875,-2.00782855045422e-28
0.0,111,-3950.34301757812,-1.94122146703381e-28
0.0,112,-3956.58740234375,-1.87653357280297e-28
0.0,113,-3962.611328125,-1.81394313665219e-28
0.0,114,-3968.4228515625,-1.75326490819495e-28
0.0,115,-3974.029296875,-1.69452007266063e-28
0.0,116,-3979.43798828125,-1.63758994461641e-28
0.0,117,-3984.65576171875,-1.58257984835612e-28
0.0,118,-3989.68969726562,-1.52920005179375e-28
0.0,119,-3994.5458984375,-1.47755515699942e-28
0.0,120,-3999.23071289062,-1.42767008069176e-28
0.0,121,-4003.75048828125,-1.37924895188309e-28
0.0,122,-4008.11059570312,-1.33246498389776e-28
0.0,123,-4012.31689453125,-1.28726930626345e-28
0.0,124,-4016.375,-1.24343056664558e-28
0.0,125,-4020.28979492188,-1.20105553378544e-28
0.0,126,-4024.06640625,-1.16014252249433e-28
0.0,127,-4027.7099609375,-1.12048473604448e-28
0.0,128,-4031.22485351562,-1.08224732292862e-28
0.0,129,-4034.61596679688,-1.04512237509688e-28
0.0,130,-4037.88720703125,-1.00935978195956e-28
0.0,131,-4041.04321289062,-9.74662408637408e-29
0.0,132,-4044.08764648438,-9.41260042646928e-29
0.0,133,-4047.02490234375,-9.08863313013972e-29
0.0,134,-4049.8583984375,-8.77624247833524e-29
0.0,135,-4052.59204101562,-8.47402615331511e-29
0.0,136,-4055.22924804688,-8.18198656249173e-29
0.0,137,-4057.7734375,-7.89941532475745e-29
0.0,138,-4060.22778320312,-7.62643521814622e-29
0.0,139,-4062.59545898438,-7.36377809603691e-29
0.0,140,-4064.8798828125,-7.108465989253e-29
0.0,141,-4067.08349609375,-6.86276968956955e-29
0.0,142,-4069.20947265625,-6.62450747947143e-29
0.0,143,-4071.26025390625,-6.39601334531001e-29
0.0,144,-4073.23901367188,-6.17341616789706e-29
0.0,145,-4075.14770507812,-5.9598215092679e-29
0.0,146,-4076.9892578125,-5.75219001122905e-29
0.0,147,-4078.765625,-5.55294714180422e-29
0.0,148,-4080.4794921875,-5.35966141443862e-29
0.0,149,-4082.1328125,-5.17319949760724e-29
0.0,150,-4083.72778320312,-4.99358877562645e-29
0.0,151,-4085.2666015625,-4.82004082092529e-29
0.0,152,-4086.75122070312,-4.65179699766159e-29
0.0,153,-4088.18334960938,-4.48965686768882e-29
0.0,154,-4089.56494140625,-4.33289188782023e-29
0.0,155,-4090.89770507812,-4.18220231414651e-29
0.0,156,-4092.18359375,-4.03617319001165e-29
0.0,157,-4093.42407226562,-3.89472176061336e-29
0.0,158,-4094.62060546875,-3.7594242792405e-29
0.0,159,-4095.77514648438,-3.62876497884152e-29
0.0,160,-4096.88916015625,-3.50037616929103e-29
0.0,161,-4097.96337890625,-3.37899383269292e-29
0.0,162,-4099.0,-3.26068576176853e-29
0.0,626,-2501.0,-1.52854138375277e-29
0.0,627,-2502.01684570312,-1.5554281180928e-29
0.0,628,-2503.05053710938,-1.58235622983398e-29
0.0,629,-2504.1015625,-1.61009278076197e-29
0.0,630,-2505.17016601562,-1.6382883951478e-29
0.0,631,-2506.25659179688,-1.66688379046037e-29
0.0,632,-2507.361328125,-1.69632674541174e-29
0.0,633,-2508.484375,-1.72582115880382e-29
0.0,634,-2509.62622070312,-1.75612220582338e-29
0.0,635,-2510.78735351562,-1.78726404163429e-29
0.0,636,-2511.9677734375,-1.818480206304e-29
0.0,637,-2513.16796875,-1.85052737965205e-29
0.0,638,-2514.38818359375,-1.88300818816414e-29
0.0,639,-2515.62890625,-1.91635777163708e-29
0.0,640,-2516.89013671875,-1.94976076957332e-29
0.0,641,-2518.1728515625,-1.98476635187188e-29
0.0,642,-2519.47680664062,-2.01950666741326e-29
0.0,643,-2520.80249023438,-2.05506760966688e-29
0.0,644,-2522.150390625,-2.09150003522033e-29
0.0,645,-2523.52099609375,-2.12879280979113e-29
0.0,646,-2524.91430664062,-2.16617315398908e-29
0.0,647,-2526.3310546875,-2.20479482022151e-29
0.0,648,-2527.771484375,-2.2439313717875e-29
0.0,649,-2529.23608398438,-2.28392992746689e-29
0.0,650,-2530.72509765625,-2.324435845316e-29
0.0,651,-2532.23901367188,-2.36579699643104e-29
0.0,652,-2533.7783203125,-2.40808108928661e-29
0.0,653,-2535.34326171875,-2.45085494010851e-29
0.0,654,-2536.93432617188,-2.49454586460315e-29
0.0,655,-2538.55224609375,-2.53950504405883e-29
0.0,656,-2540.19702148438,-2.58460791594395e-29
0.0,657,-2541.86938476562,-2.63102192482402e-29
0.0,658,-2543.56982421875,-2.67836068100395e-29
0.0,659,-2545.29858398438,-2.72623598922932e-29
0.0,660,-2547.05615234375,-2.77504778089016e-29
0.0,661,-2548.84326171875,-2.82518154290188e-29
0.0,662,-2550.66015625,-2.87588586165963e-29
0.0,663,-2552.50756835938,-2.9279112479886e-29
0.0,664,-2554.38598632812,-2.98091705302989e-29
0.0,665,-2556.29565429688,-3.0344810768285e-29
0.0,666,-2558.2373046875,-3.08943688593848e-29
0.0,667,-2560.21142578125,-3.14537943321841e-29
0.0,668,-2562.21850585938,-3.20228434361742e-29
0.0,669,-2564.25903320312,-3.26019164036718e-29
0.0,670,-2566.333984375,-3.31990961219121e-29
0.0,671,-2568.44360351562,-3.38024869642231e-29
0.0,672,-2570.58837890625,-3.44161694946744e-29
0.0,673,-2572.76904296875,-3.50439233507819e-29
0.0,674,-2574.98608398438,-3.56823209790976e-29
0.0,675,-2577.24047851562,-3.63391924885518e-29
0.0,676,-2579.53247070312,-3.70025700300994e-29
0.0,677,-2581.86279296875,-3.76807712136877e-29
0.0,678,-2584.23193359375,-3.83698689477894e-29
0.0,679,-2586.64086914062,-3.90779220455157e-29
0.0,680,-2589.09008789062,-3.97969499346594e-29
0.0,681,-2591.58032226562,-4.05311354943186e-29
0.0,682,-2594.11206054688,-4.12768585780509e-29
0.0,683,-2596.68627929688,-4.20419131836e-29
0.0,684,-2599.30346679688,-4.28186076282504e-29
0.0,685,-2601.96459960938,-4.3614937530537e-29
0.0,686,-2604.67016601562,-4.44233496339591e-29
0.0,687,-2607.4208984375,-4.52475964926427e-29
0.0,688,-2610.21752929688,-4.60881595890739e-29
0.0,689,-2613.06127929688,-4.69531278290191e-29
0.0,690,-2615.95239257812,-4.78265069661433e-29
0.0,691,-2618.89184570312,-4.87208396192094e-29
0.0,692,-2621.88037109375,-4.96316780937519e-29
0.0,693,-2624.9189453125,-5.05640207798298e-29
0.0,694,-2628.00854492188,-5.15172598058043e-29
0.0,695,-2631.14965820312,-5.24844016385648e-29
0.0,696,-2634.34326171875,-5.34728249972108e-29
0.0,697,-2637.59033203125,-5.44834266428726e-29
0.0,698,-2640.89184570312,-5.55162607423299e-29
0.0,699,-2644.24853515625,-5.65671925647334e-29
0.0,700,-2647.66137695312,-5.76408262863564e-29
0.0,701,-2651.13110351562,-5.87331595840331e-29
0.0,702,-2654.65893554688,-5.98530938652254e-29
0.0,703,-2658.24584960938,-6.09959768054112e-29
0.0,704,-2661.89282226562,-6.21627713695629e-29
0.0,705,-2665.60083007812,-6.33535678356464e-29
0.0,706,-2669.37060546875,-6.45643759175584e-29
0.0,707,-2673.20361328125,-6.58078104564345e-29
0.0,708,-2677.10083007812,-6.70764987517063e-29
0.0,709,-2681.06298828125,-6.83658968124114e-29
0.0,710,-2685.09155273438,-6.96891009621716e-29
0.0,711,-2689.1875,-7.10383472958985e-29
0.0,712,-2693.35205078125,-7.24177946185659e-29
0.0,713,-2697.58618164062,-7.38238017188726e-29
0.0,714,-2701.89111328125,-7.52609125877811e-29
0.0,715,-2706.26806640625,-7.67296989857437e-29
0.0,716,-2710.71826171875,-7.82300405421389e-29
0.0,717,-2715.24267578125,-7.97588136393381e-29
0.0,718,-2719.84301757812,-8.13286150628838e-29
0.0,719,-2724.52026367188,-8.29273776579683e-29
0.0,720,-2729.27563476562,-8.45599403235767e-29
0.0,721,-2734.11059570312,-8.62310516807283e-29
0.0,722,-2739.02661132812,-8.79406936738298e-29
0.0,723,-2744.02465820312,-8.96814815652506e-29
0.0,724,-2749.1064453125,-9.14664876044884e-29
0.0,725,-2754.27294921875,-9.32831089874695e-29
0.0,726,-2759.52612304688,-9.51497684378183e-29
0.0,727,-2764.8671875,-9.70538751885231e-29
0.0,728,-2770.29736328125,-9.89954292395842e-29
0.0,729,-2775.81860351562,-1.0098907367711e-28
0.0,730,-2781.43212890625,-1.03021784399851e-28
0.0,731,-2787.13940429688,-1.05098394288262e-28
0.0,732,-2792.9423828125,-1.07229146882235e-28
0.0,733,-2798.84228515625,-1.09400945858148e-28
0.0,734,-2804.8408203125,-1.11623168087417e-28
0.0,735,-2810.93969726562,-1.13897330239874e-28
0.0,736,-2817.14086914062,-1.16228162880944e-28
0.0,737,-2823.4453125,-1.1859845301175e-28
0.0,738,-2829.85546875,-1.21036620136033e-28
0.0,739,-2836.37280273438,-1.23524753105312e-28
0.0,740,-2842.99926757812,-1.26073540830776e-28
0.0,741,-2849.73657226562,-1.28678589784741e-28
0.0,742,-2856.58642578125,-1.31341585155907e-28
0.0,743,-2863.55078125,-1.3406730565795e-28
0.0,744,-2870.6318359375,-1.36862407786239e-28
0.0,745,-2877.8310546875,-1.39712844289243e-28
0.0,746,-2885.15087890625,-1.42639655951604e-28
0.0,747,-2892.59326171875,-1.45633526087216e-28
0.0,748,-2900.15991210938,-1.48691445430541e-28
0.0,749,-2907.85327148438,-1.51828713087575e-28
0.0,750,-2915.67529296875,-1.55036975337184e-28
0.0,751,-2923.6279296875,-1.58317628478577e-28
0.0,752,-2931.7138671875,-1.61686368840802e-28
0.0,753,-2939.93505859375,-1.65130003803739e-28
0.0,754,-2948.29345703125,-1.68650074111345e-28
0.0,755,-2956.7919921875,-1.72267403881141e-28
0.0,756,-2965.4326171875,-1.75964346780014e-28
0.0,757,-2974.21752929688,-1.79746620412485e-28
0.0,758,-2983.14965820312,-1.83631413703309e-28
0.0,759,-2992.23095703125,-1.87600093280273e-28
0.0,760,-3001.46435546875,-1.91674554559432e-28
0.0,761,-3010.85229492188,-1.95846287337845e-28
0.0,762,-3020.39697265625,-2.00112691610086e-28
0.0,763,-3030.10131835938,-2.04490258151306e-28
0.0,764,-3039.96826171875,-2.08981093447379e-28
0.0,765,-3050.0,-2.13572197471182e-28
0.0,766,-3060.03173828125,-2.14681942379263e-28
0.0,767,-3069.89868164062,-2.12237720612716e-28
0.0,768,-3079.60302734375,-2.0978762475984e-28
0.0,769,-3089.14770507812,-2.07348891893635e-28
0.0,770,-3098.53564453125,-2.04923640537041e-28
0.0,771,-3107.76904296875,-2.02498509551069e-28
0.0,772,-3116.85034179688,-2.00079842467472e-28
0.0,773,-3125.78247070312,-1.97680458757444e-28
0.0,774,-3134.5673828125,-1.95280437083122e-28
0.0,775,-3143.2080078125,-1.9290340619751e-28
0.0,776,-3151.70654296875,-1.90534115142863e-28
0.0,777,-3160.06494140625,-1.88169313912398e-28
0.0,778,-3168.2861328125,-1.85831896998331e-28
0.0,779,-3176.3720703125,-1.83501726395679e-28
0.0,780,-3184.32470703125,-1.81179897477098e-28
0.0,781,-3192.14672851562,-1.78884393613445e-28
0.0,782,-3199.84008789062,-1.76600168477029e-28
0.0,783,-3207.40673828125,-1.74328209106946e-28
0.0,784,-3214.84912109375,-1.72081046084897e-28
0.0,785,-3222.1689453125,-1.69843259934265e-28
0.0,786,-3229.3681640625,-1.67620821037878e-28
0.0,787,-3236.44921875,-1.65427439609526e-28
0.0,788,-3243.41357421875,-1.63240197082872e-28
0.0,789,-3250.26342773438,-1.61078364794421e-28
0.0,790,-3257.00073242188,-1.58936176991404e-28
0.0,791,-3263.62719726562,-1.56809902184551e-28
0.0,792,-3270.14453125,-1.54699516299741e-28
0.0,793,-3276.5546875,-1.5261256657494e-28
0.0,794,-3282.85913085938,-1.50537557615795e-28
0.0,795,-3289.06030273438,-1.48499261696215e-28
0.0,796,-3295.1591796875,-1.46463337077879e-28
0.0,797,-3301.15771484375,-1.444535689956e-28
0.0,798,-3307.0576171875,-1.42465708366439e-28
0.0,799,-3312.86059570312,-1.40499574634463e-28
0.0,800,-3318.56787109375,-1.3854447888848e-28
0.0,801,-3324.18139648438,-1.36619331353133e-28
0.0,802,-3329.70263671875,-1.34712191262765e-28
0.0,803,-3335.1328125,-1.32818075273647e-28
0.0,804,-3340.47387695312,-1.3095595379573e-28
0.0,805,-3345.72705078125,-1.29107614753977e-28
0.0,806,-3350.8935546875,-1.27274334076977e-28
0.0,807,-3355.97534179688,-1.25474696988693e-28
0.0,808,-3360.97338867188,-1.23684846031939e-28
0.0,809,-3365.88940429688,-1.21923354393616e-28
0.0,810,-3370.72436523438,-1.20173406297897e-28
0.0,811,-3375.47973632812,-1.18446400842641e-28
0.0,812,-3380.15698242188,-1.16743601919373e-28
0.0,813,-3384.75732421875,-1.1505950859069e-28
0.0,814,-3389.28173828125,-1.1338829491851e-28
0.0,815,-3393.73193359375,-1.11748197051994e-28
0.0,816,-3398.10888671875,-1.10122351067067e-28
0.0,817,-3402.41381835938,-1.08516185678759e-28
0.0,818,-3406.64794921875,-1.06930844407974e-28
0.0,819,-3410.8125,-1.05366495773583e-28
0.0,820,-3414.90844726562,-1.03817410134002e-28
0.0,821,-3418.93701171875,-1.02289786576238e-28
0.0,822,-3422.89916992188,-1.00778376941194e-28
0.0,823,-3426.79638671875,-9.92954951434508e-29
0.0,824,-3430.62939453125,-9.78226341999496e-29
0.0,825,-3434.39916992188,-9.63672089409762e-29
0.0,826,-3438.10717773438,-9.49410638356885e-29
0.0,827,-3441.75415039062,-9.35260710684851e-29
0.0,828,-3445.34106445312,-9.21289051903293e-29
0.0,829,-3448.86889648438,-9.07500958319561e-29
0.0,830,-3452.33862304688,-8.93888906769807e-29
0.0,831,-3455.75146484375,-8.80530235378362e-29
0.0,832,-3459.10815429688,-8.67296147580194e-29
0.0,833,-3462.40966796875,-8.5425344907025e-29
0.0,834,-3465.65673828125,-8.41337199898217e-29
0.0,835,-3468.85034179688,-8.28616853912715e-29
0.0,836,-3471.99145507812,-8.16097406494536e-29
0.0,837,-3475.0810546875,-8.03770792812039e-29
0.0,838,-3478.11962890625,-7.91526994117151e-29
0.0,839,-3481.10815429688,-7.79479881017834e-29
0.0,840,-3484.04760742188,-7.67644560027088e-29
0.0,841,-3486.93872070312,-7.55947304139231e-29
0.0,842,-3489.78247070312,-7.44463164436782e-29
0.0,843,-3492.5791015625,-7.32997381254116e-29
0.0,844,-3495.32983398438,-7.21808330130333e-29
0.0,845,-3498.03540039062,-7.10772029325265e-29
0.0,846,-3500.69653320312,-6.99884747349644e-29
0.0,847,-3503.31372070312,-6.89090090567286e-29
0.0,848,-3505.88793945312,-6.78513184239265e-29
0.0,849,-3508.41967773438,-6.6802908366044e-29
0.0,850,-3510.90991210938,-6.57765742801489e-29
0.0,851,-3513.35913085938,-6.4760044381377e-29
0.0,852,-3515.76806640625,-6.37595237752679e-29
0.0,853,-3518.13720703125,-6.27685184667902e-29
0.0,854,-3520.46752929688,-6.18003895949332e-29
0.0,855,-3522.75952148438,-6.08422875958491e-29
0.0,856,-3525.01391601562,-5.99009532243434e-29
0.0,857,-3527.23095703125,-5.89629290449296e-29
0.0,858,-3529.41162109375,-5.80482688031537e-29
0.0,859,-3531.55639648438,-5.71443095096312e-29
0.0,860,-3533.666015625,-5.62570095101277e-29
0.0,861,-3535.74096679688,-5.53803442550359e-29
0.0,862,-3537.78149414062,-5.45077114157651e-29
0.0,863,-3539.78857421875,-5.36592309417031e-29
0.0,864,-3541.7626953125,-5.28216500274202e-29
0.0,865,-3543.70434570312,-5.19945052460234e-29
0.0,866,-3545.61401367188,-5.11784104876826e-29
0.0,867,-3547.49243164062,-5.03804194708189e-29
0.0,868,-3549.33984375,-4.95866624905674e-29
0.0,869,-3551.15673828125,-4.88044490529201e-29
0.0,870,-3552.94384765625,-4.80397585685011e-29
0.0,871,-3554.70141601562,-4.72800363814856e-29
0.0,872,-3556.43017578125,-4.65382554356082e-29
0.0,873,-3558.13061523438,-4.58080330786627e-29
0.0,874,-3559.80297851562,-4.50826887411545e-29
0.0,875,-3561.44775390625,-4.43690113261375e-29
0.0,876,-3563.06567382812,-4.36738168200556e-29
0.0,877,-3564.65673828125,-4.29771838850464e-29
0.0,878,-3566.2216796875,-4.22986065432659e-29
0.0,879,-3567.76098632812,-4.1632201680587e-29
0.0,880,-3569.27490234375,-4.09707199763284e-29
0.0,881,-3570.76391601562,-4.03217778815671e-29
0.0,882,-3572.228515625,-3.96843522460202e-29
0.0,883,-3573.6689453125,-3.90525208351085e-29
0.0,884,-3575.08569335938,-3.84325609767448e-29
0.0,885,-3576.47900390625,-3.78185534456153e-29
0.0,886,-3577.849609375,-3.72232966480539e-29
0.0,887,-3579.19750976562,-3.66267368385144e-29
0.0,888,-3580.52319335938,-3.60424909435568e-29
0.0,889,-3581.8271484375,-3.54708749360627e-29
0.0,890,-3583.10986328125,-3.49111184440542e-29
0.0,891,-3584.37109375,-3.4344193881534e-29
0.0,892,-3585.61181640625,-3.38030797895341e-29
0.0,893,-3586.83203125,-3.32605784261211e-29
0.0,894,-3588.0322265625,-3.27311613492678e-29
0.0,895,-3589.21264648438,-3.2207227154225e-29
0.0,896,-3590.37377929688,-3.16958987725213e-29
0.0,897,-3591.515625,-3.11838301114951e-29
0.0,898,-3592.638671875,-3.06846982830173e-29
0.0,899,-3593.74340820312,-3.01979887026809e-29
0.0,900,-3594.82983398438,-2.97103402314965e-29
0.0,901,-3595.8984375,-2.92359866954594e-29
0.0,902,-3596.94946289062,-2.87670257632667e-29
0.0,903,-3597.98315429688,-2.83045768816984e-29
0.0,904,-3599.0,-2.78549595083846e-29
1.0,2,-3600.0,-2.74044995407201e-29
1.0,3,-4100.0,-5.60519385729927e-44
1.0,6,-2500.0,9.80908925027372e-45
1.0,35,-3601.0,-2.84301414955414e-29
1.0,36,-3602.03662109375,-2.94797341947804e-29
1.0,37,-3603.11108398438,-3.05709510549425e-29
1.0,38,-3604.22485351562,-3.17036386034853e-29
1.0,39,-3605.37939453125,-3.28715917348691e-29
1.0,40,-3606.57592773438,-3.409444590673e-29
1.0,41,-3607.81640625,-3.53591589622261e-29
1.0,42,-3609.10229492188,-3.66666968755949e-29
1.0,43,-3610.43505859375,-3.80293224039042e-29
1.0,44,-3611.81665039062,-3.94414383132532e-29
1.0,45,-3613.24877929688,-4.09095596635319e-29
1.0,46,-3614.7333984375,-4.24272737098786e-29
1.0,47,-3616.27221679688,-4.40014054665337e-29
1.0,48,-3617.8671875,-4.56390778650258e-29
1.0,49,-3619.5205078125,-4.73405527114569e-29
1.0,50,-3621.234375,-4.90989056858237e-29
1.0,51,-3623.0107421875,-5.09354243325427e-29
1.0,52,-3624.85229492188,-5.28299676373675e-29
1.0,53,-3626.76098632812,-5.48091375076549e-29
1.0,54,-3628.73974609375,-5.68469880559354e-29
1.0,55,-3630.79052734375,-5.89774216677611e-29
1.0,56,-3632.91650390625,-6.11811790436884e-29
1.0,57,-3635.1201171875,-6.3477838465308e-29
1.0,58,-3637.40454101562,-6.58487063750973e-29
1.0,59,-3639.77221679688,-6.83204147730685e-29
1.0,60,-3642.2265625,-7.08876854074678e-29
1.0,61,-3644.77075195312,-7.35505483709505e-29
1.0,62,-3647.40795898438,-7.63163101602431e-29
1.0,63,-3650.1416015625,-7.91862105927475e-29
1.0,64,-3652.97509765625,-8.21738274745714e-29
1.0,65,-3655.91235351562,-8.52673524477434e-29
1.0,66,-3658.95678710938,-8.8493676309112e-29
1.0,67,-3662.11279296875,-9.18343582794596e-29
1.0,68,-3665.38403320312,-9.53173123059178e-29
1.0,69,-3668.77514648438,-9.89225026985338e-29
1.0,70,-3672.2900390625,-1.02679161462745e-28
1.0,71,-3675.93359375,-1.06575004776624e-28
1.0,72,-3679.71020507812,-1.10630748424136e-28
1.0,73,-3683.625,-1.14849233151949e-28
1.0,74,-3687.68310546875,-1.19223742279382e-28
1.0,75,-3691.88940429688,-1.23777940670626e-28
1.0,76,-3696.24951171875,-1.28519556119583e-28
1.0,77,-3700.76928710938,-1.33436479341728e-28
1.0,78,-3705.4541015625,-1.38559176141368e-28
1.0,79,-3710.31030273438,-1.438895243002e-28
1.0,80,-3715.34423828125,-1.4942235991856e-28
1.0,81,-3720.56201171875,-1.55188762690926e-28
1.0,82,-3725.970703125,-1.61184242793114e-28
1.0,83,-3731.5771484375,-1.67425146555528e-28
1.0,84,-3737.388671875,-1.73915398060429e-28
1.0,85,-3743.41259765625,-1.80678469579015e-28
1.0,86,-3749.65698242188,-1.8770459905388e-28
1.0,87,-3756.12939453125,-1.95039888433068e-28
1.0,88,-3762.8388671875,-2.02659396923798e-28
1.0,89,-3769.79345703125,-2.10603569054904e-28
1.0,90,-3777.00244140625,-2.18877460392489e-28
1.0,91,-3784.47509765625,-2.27485187611809e-28
1.0,92,-3792.220703125,-2.36476247112435e-28
1.0,93,-3800.25,-2.45819703644635e-28
1.0,94,-3808.57250976562,-2.55579931416801e-28
1.0,95,-3817.19970703125,-2.65734421122707e-28
1.0,96,-3826.14208984375,-2.76334282128252e-28
1.0,97,-3835.41162109375,-2.87379947767675e-28
1.0,98,-3845.02001953125,-2.98908708859522e-28
1.0,99,-3854.97998046875,-2.89336114812189e-28
1.0,100,-3864.58837890625,-2.80042082457186e-28
1.0,101,-3873.85791015625,-2.71005739528743e-28
1.0,102,-3882.80029296875,-2.62242469392289e-28
1.0,103,-3891.42749023438,-2.53714596043289e-28
1.0,104,-3899.75,-2.45458976966051e-28
1.0,105,-3907.779296875,-2.37421758344507e-28
1.0,106,-3915.52490234375,-2.29647068048508e-28
1.0,107,-3922.99755859375,-2.22094341178599e-28
1.0,108,-3930.20654296875,-2.14769499969359e-28
1.0,109,-3937.1611328125,-2.07676998133786e-28
1.0,110,-3943.87060546875,-2.00782855045422e-28
1.0,111,-3950.34301757812,-1.94122146703381e-28
1.0,112,-3956.58740234375,-1.87653357280297e-28
1.0,113,-3962.611328125,-1.81394313665219e-28
1.0,114,-3968.4228515625,-1.75326490819495e-28
1.0,115,-3974.029296875,-1.69452007266063e-28
1.0,116,-3979.43798828125,-1.63758994461641e-28
1.0,117,-3984.65576171875,-1.58257984835612e-28
1.0,118,-3989.68969726562,-1.52920005179375e-28
1.0,119,-3994.5458984375,-1.47755515699942e-28
1.0,120,-3999.23071289062,-1.42767008069176e-28
1.0,121,-4003.75048828125,-1.37924895188309e-28
1.0,122,-4008.11059570312,-1.33246498389776e-28
1.0,123,-4012.31689453125,-1.28726930626345e-28
1.0,124,-4016.375,-1.24343056664558e-28
1.0,125,-4020.28979492188,-1.20105553378544e-28
1.0,126,-4024.06640625,-1.16014252249433e-28
1.0,127,-4027.7099609375,-1.12048473604448e-28
1.0,128,-4031.22485351562,-1.08224732292862e-28
1.0,129,-4034.61596679688,-1.04512237509688e-28
1.0,130,-4037.88720703125,-1.00935978195956e-28
1.0,131,-4041.04321289062,-9.74662408637408e-29
1.0,132,-4044.08764648438,-9.41260042646928e-29
1.0,133,-4047.02490234375,-9.08863313013972e-29
1.0,134,-4049.8583984375,-8.77624247833524e-29
1.0,135,-4052.59204101562,-8.47402615331511e-29
1.0,136,-4055.22924804688,-8.18198656249173e-29
1.0,137,-4057.7734375,-7.89941532475745e-29
1.0,138,-4060.22778320312,-7.62643521814622e-29
1.0,139,-4062.59545898438,-7.36377809603691e-29
1.0,140,-4064.8798828125,-7.108465989253e-29
1.0,141,-4067.08349609375,-6.86276968956955e-29
1.0,142,-4069.20947265625,-6.62450747947143e-29
1.0,143,-4071.26025390625,-6.39601334531001e-29
1.0,144,-4073.23901367188,-6.17341616789706e-29
1.0,145,-4075.14770507812,-5.9598215092679e-29
1.0,146,-4076.9892578125,-5.75219001122905e-29
1.0,147,-4078.765625,-5.55294714180422e-29
1.0,148,-4080.4794921875,-5.35966141443862e-29
1.0,149,-4082.1328125,-5.17319949760724e-29
1.0,150,-4083.72778320312,-4.99358877562645e-29
1.0,151,-4085.2666015625,-4.82004082092529e-29
1.0,152,-4086.75122070312,-4.65179699766159e-29
1.0,153,-4088.18334960938,-4.48965686768882e-29
1.0,154,-4089.56494140625,-4.33289188782023e-29
1.0,155,-4090.89770507812,-4.18220231414651e-29
1.0,156,-4092.18359375,-4.03617319001165e-29
1.0,157,-4093.42407226562,-3.89472176061336e-29
1.0,158,-4094.62060546875,-3.7594242792405e-29
1.0,159,-4095.77514648438,-3.62876497884152e-29
1.0,160,-4096.88916015625,-3.50037616929103e-29
1.0,161,-4097.96337890625,-3.37899383269292e-29
1.0,162,-4099.0,-3.26068576176853e-29
1.0,626,-2501.0,-1.52854138375277e-29
1.0,627,-2502.01684570312,-1.5554281180928e-29
1.0,628,-2503.05053710938,-1.58235622983398e-29
1.0,629,-2504.1015625,-1.61009278076197e-29
1.0,630,-2505.17016601562,-1.6382883951478e-29
1.0,631,-2506.25659179688,-1.66688379046037e-29
1.0,632,-2507.361328125,-1.69632674541174e-29
1.0,633,-2508.484375,-1.72582115880382e-29
1.0,634,-2509.62622070312,-1.75612220582338e-29
1.0,635,-2510.78735351562,-1.78726404163429e-29
1.0,636,-2511.9677734375,-1.818480206304e-29
1.0,637,-2513.16796875,-1.85052737965205e-29
1.0,638,-2514.38818359375,-1.88300818816414e-29
1.0,639,-2515.62890625,-1.91635777163708e-29
1.0,640,-2516.89013671875,-1.94976076957332e-29
1.0,641,-2518.1728515625,-1.98476635187188e-29
1.0,642,-2519.47680664062,-2.01950666741326e-29
1.0,643,-2520.80249023438,-2.05506760966688e-29
1.0,644,-2522.150390625,-2.09150003522033e-29
1.0,645,-2523.52099609375,-2.12879280979113e-29
1.0,646,-2524.91430664062,-2.16617315398908e-29
1.0,647,-2526.3310546875,-2.20479482022151e-29
1.0,648,-2527.771484375,-2.2439313717875e-29
1.0,649,-2529.23608398438,-2.28392992746689e-29
1.0,650,-2530.72509765625,-2.324435845316e-29
1.0,651,-2532.23901367188,-2.36579699643104e-29
1.0,652,-2533.7783203125,-2.40808108928661e-29
1.0,653,-2535.34326171875,-2.45085494010851e-29
1.0,654,-2536.93432617188,-2.49454586460315e-29
1.0,655,-2538.55224609375,-2.53950504405883e-29
1.0,656,-2540.19702148438,-2.58460791594395e-29
1.0,657,-2541.86938476562,-2.63102192482402e-29
1.0,658,-2543.56982421875,-2.67836068100395e-29
1.0,659,-2545.29858398438,-2.72623598922932e-29
1.0,660,-2547.05615234375,-2.77504778089016e-29
1.0,661,-2548.84326171875,-2.82518154290188e-29
1.0,662,-2550.66015625,-2.87588586165963e-29
1.0,663,-2552.50756835938,-2.9279112479886e-29
1.0,664,-2554.38598632812,-2.98091705302989e-29
1.0,665,-2556.29565429688,-3.0344810768285e-29
1.0,666,-2558.2373046875,-3.08943688593848e-29
1.0,667,-2560.21142578125,-3.14537943321841e-29
1.0,668,-2562.21850585938,-3.20228434361742e-29
1.0,669,-2564.25903320312,-3.26019164036718e-29
1.0,670,-2566.333984375,-3.31990961219121e-29
1.0,671,-2568.44360351562,-3.38024869642231e-29
1.0,672,-2570.58837890625,-3.44161694946744e-29
1.0,673,-2572.76904296875,-3.50439233507819e-29
1.0,674,-2574.98608398438,-3.56823209790976e-29
1.0,675,-2577.24047851562,-3.63391924885518e-29
1.0,676,-2579.53247070312,-3.70025700300994e-29
1.0,677,-2581.86279296875,-3.76807712136877e-29
1.0,678,-2584.23193359375,-3.83698689477894e-29
1.0,679,-2586.64086914062,-3.90779220455157e-29
1.0,680,-2589.09008789062,-3.97969499346594e-29
1.0,681,-2591.58032226562,-4.05311354943186e-29
1.0,682,-2594.11206054688,-4.12768585780509e-29
1.0,683,-2596.68627929688,-4.20419131836e-29
1.0,684,-2599.30346679688,-4.28186076282504e-29
1.0,685,-2601.96459960938,-4.3614937530537e-29
1.0,686,-2604.67016601562,-4.44233496339591e-29
1.0,687,-2607.4208984375,-4.52475964926427e-29
1.0,688,-2610.21752929688,-4.60881595890739e-29
1.0,689,-2613.06127929688,-4.69531278290191e-29
1.0,690,-2615.95239257812,-4.78265069661433e-29
1.0,691,-2618.89184570312,-4.87208396192094e-29
1.0,692,-2621.88037109375,-4.96316780937519e-29
1.0,693,-2624.9189453125,-5.05640207798298e-29
1.0,694,-2628.00854492188,-5.15172598058043e-29
1.0,695,-2631.14965820312,-5.24844016385648e-29
1.0,696,-2634.34326171875,-5.34728249972108e-29
1.0,697,-2637.59033203125,-5.44834266428726e-29
1.0,698,-2640.89184570312,-5.55162607423299e-29
1.0,699,-2644.24853515625,-5.65671925647334e-29
1.0,700,-2647.66137695312,-5.76408262863564e-29
1.0,701,-2651.13110351562,-5.87331595840331e-29
1.0,702,-2654.65893554688,-5.98530938652254e-29
1.0,703,-2658.24584960938,-6.09959768054112e-29
1.0,704,-2661.89282226562,-6.21627713695629e-29
1.0,705,-2665.60083007812,-6.33535678356464e-29
1.0,706,-2669.37060546875,-6.45643759175584e-29
1.0,707,-2673.20361328125,-6.58078104564345e-29
1.0,708,-2677.10083007812,-6.70764987517063e-29
1.0,709,-2681.06298828125,-6.83658968124114e-29
1.0,710,-2685.09155273438,-6.96891009621716e-29
1.0,711,-2689.1875,-7.10383472958985e-29
1.0,712,-2693.35205078125,-7.24177946185659e-29
1.0,713,-2697.58618164062,-7.38238017188726e-29
1.0,714,-2701.89111328125,-7.52609125877811e-29
1.0,715,-2706.26806640625,-7.67296989857437e-29
1.0,716,-2710.71826171875,-7.82300405421389e-29
1.0,717,-2715.24267578125,-7.97588136393381e-29
1.0,718,-2719.84301757812,-8.13286150628838e-29
1.0,719,-2724.52026367188,-8.29273776579683e-29
1.0,720,-2729.27563476562,-8.45599403235767e-29
1.0,721,-2734.11059570312,-8.62310516807283e-29
1.0,722,-2739.02661132812,-8.79406936738298e-29
1.0,723,-2744.02465820312,-8.96814815652506e-29
1.0,724,-2749.1064453125,-9.14664876044884e-29
1.0,725,-2754.27294921875,-9.32831089874695e-29
1.0,726,-2759.52612304688,-9.51497684378183e-29
1.0,727,-2764.8671875,-9.70538751885231e-29
1.0,728,-2770.29736328125,-9.89954232210532e-29
1.0,729,-2775.81860351562,-1.0098907367711e-28
1.0,730,-2781.43212890625,-1.03021784399851e-28
1.0,731,-2787.13940429688,-1.05098394288262e-28
1.0,732,-2792.9423828125,-1.07229146882235e-28
1.0,733,-2798.84228515625,-1.09400945858148e-28
1.0,734,-2804.8408203125,-1.11623168087417e-28
1.0,735,-2810.93969726562,-1.13897330239874e-28
1.0,736,-2817.14086914062,-1.16228162880944e-28
1.0,737,-2823.4453125,-1.1859845301175e-28
1.0,738,-2829.85546875,-1.21036620136033e-28
1.0,739,-2836.37280273438,-1.23524753105312e-28
1.0,740,-2842.99926757812,-1.26073540830776e-28
1.0,741,-2849.73657226562,-1.28678589784741e-28
1.0,742,-2856.58642578125,-1.31341585155907e-28
1.0,743,-2863.55078125,-1.3406730565795e-28
1.0,744,-2870.6318359375,-1.36862407786239e-28
1.0,745,-2877.8310546875,-1.39712844289243e-28
1.0,746,-2885.15087890625,-1.42639655951604e-28
1.0,747,-2892.59326171875,-1.45633526087216e-28
1.0,748,-2900.15991210938,-1.48691445430541e-28
1.0,749,-2907.85327148438,-1.51828713087575e-28
1.0,750,-2915.67529296875,-1.55036975337184e-28
1.0,751,-2923.6279296875,-1.58317628478577e-28
1.0,752,-2931.7138671875,-1.61686368840802e-28
1.0,753,-2939.93505859375,-1.65130003803739e-28
1.0,754,-2948.29345703125,-1.68650074111345e-28
1.0,755,-2956.7919921875,-1.72267403881141e-28
1.0,756,-2965.4326171875,-1.75964346780014e-28
1.0,757,-2974.21752929688,-1.79746620412485e-28
1.0,758,-2983.14965820312,-1.83631413703309e-28
1.0,759,-2992.23095703125,-1.87600093280273e-28
1.0,760,-3001.46435546875,-1.91674554559432e-28
1.0,761,-3010.85229492188,-1.95846287337845e-28
1.0,762,-3020.39697265625,-2.00112691610086e-28
1.0,763,-3030.10131835938,-2.04490258151306e-28
1.0,764,-3039.96826171875,-2.08981093447379e-28
1.0,765,-3050.0,-2.13572197471182e-28
1.0,766,-3060.03173828125,-2.14681942379263e-28
1.0,767,-3069.89868164062,-2.12237720612716e-28
1.0,768,-3079.60302734375,-2.0978762475984e-28
1.0,769,-3089.14770507812,-2.07348891893635e-28
1.0,770,-3098.53564453125,-2.04923640537041e-28
1.0,771,-3107.76904296875,-2.02498509551069e-28
1.0,772,-3116.85034179688,-2.00079842467472e-28
1.0,773,-3125.78247070312,-1.97680458757444e-28
1.0,774,-3134.5673828125,-1.95280437083122e-28
1.0,775,-3143.2080078125,-1.9290340619751e-28
1.0,776,-3151.70654296875,-1.90534115142863e-28
1.0,777,-3160.06494140625,-1.88169313912398e-28
1.0,778,-3168.2861328125,-1.85831896998331e-28
1.0,779,-3176.3720703125,-1.83501726395679e-28
1.0,780,-3184.32470703125,-1.81179897477098e-28
1.0,781,-3192.14672851562,-1.78884393613445e-28
1.0,782,-3199.84008789062,-1.76600168477029e-28
1.0,783,-3207.40673828125,-1.74328209106946e-28
1.0,784,-3214.84912109375,-1.72081046084897e-28
1.0,785,-3222.1689453125,-1.69843259934265e-28
1.0,786,-3229.3681640625,-1.67620821037878e-28
1.0,787,-3236.44921875,-1.65427439609526e-28
1.0,788,-3243.41357421875,-1.63240197082872e-28
1.0,789,-3250.26342773438,-1.61078364794421e-28
1.0,790,-3257.00073242188,-1.58936176991404e-28
1.0,791,-3263.62719726562,-1.56809902184551e-28
1.0,792,-3270.14453125,-1.54699516299741e-28
1.0,793,-3276.5546875,-1.5261256657494e-28
1.0,794,-3282.85913085938,-1.50537557615795e-28
1.0,795,-3289.06030273438,-1.48499261696215e-28
1.0,796,-3295.1591796875,-1.46463337077879e-28
1.0,797,-3301.15771484375,-1.444535689956e-28
1.0,798,-3307.0576171875,-1.42465708366439e-28
1.0,799,-3312.86059570312,-1.40499574634463e-28
1.0,800,-3318.56787109375,-1.3854447888848e-28
1.0,801,-3324.18139648438,-1.36619331353133e-28
1.0,802,-3329.70263671875,-1.34712191262765e-28
1.0,803,-3335.1328125,-1.32818075273647e-28
1.0,804,-3340.47387695312,-1.3095595379573e-28
1.0,805,-3345.72705078125,-1.29107614753977e-28
1.0,806,-3350.8935546875,-1.27274334076977e-28
1.0,807,-3355.97534179688,-1.25474696988693e-28
1.0,808,-3360.97338867188,-1.23684846031939e-28
1.0,809,-3365.88940429688,-1.21923354393616e-28
1.0,810,-3370.72436523438,-1.20173406297897e-28
1.0,811,-3375.47973632812,-1.18446400842641e-28
1.0,812,-3380.15698242188,-1.16743601919373e-28
1.0,813,-3384.75732421875,-1.1505950859069e-28
1.0,814,-3389.28173828125,-1.1338829491851e-28
1.0,815,-3393.73193359375,-1.11748197051994e-28
1.0,816,-3398.10888671875,-1.10122351067067e-28
1.0,817,-3402.41381835938,-1.08516185678759e-28
1.0,818,-3406.64794921875,-1.06930844407974e-28
1.0,819,-3410.8125,-1.05366495773583e-28
1.0,820,-3414.90844726562,-1.03817410134002e-28
1.0,821,-3418.93701171875,-1.02289786576238e-28
1.0,822,-3422.89916992188,-1.00778376941194e-28
1.0,823,-3426.79638671875,-9.92954951434508e-29
1.0,824,-3430.62939453125,-9.78226341999496e-29
1.0,825,-3434.39916992188,-9.63672089409762e-29
1.0,826,-3438.10717773438,-9.49410638356885e-29
1.0,827,-3441.75415039062,-9.35260710684851e-29
1.0,828,-3445.34106445312,-9.21289051903293e-29
1.0,829,-3448.86889648438,-9.07500958319561e-29
1.0,830,-3452.33862304688,-8.93888906769807e-29
1.0,831,-3455.75146484375,-8.80530235378362e-29
1.0,832,-3459.10815429688,-8.67296147580194e-29
1.0,833,-3462.40966796875,-8.5425344907025e-29
1.0,834,-3465.65673828125,-8.41337199898217e-29
1.0,835,-3468.85034179688,-8.28616853912715e-29
1.0,836,-3471.99145507812,-8.16097406494536e-29
1.0,837,-3475.0810546875,-8.03770792812039e-29
1.0,838,-3478.11962890625,-7.91526994117151e-29
1.0,839,-3481.10815429688,-7.79479881017834e-29
1.0,840,-3484.04760742188,-7.67644560027088e-29
1.0,841,-3486.93872070312,-7.55947304139231e-29
1.0,842,-3489.78247070312,-7.44463164436782e-29
1.0,843,-3492.5791015625,-7.32997381254116e-29
1.0,844,-3495.32983398438,-7.21808330130333e-29
1.0,845,-3498.03540039062,-7.10772029325265e-29
1.0,846,-3500.69653320312,-6.99884747349644e-29
1.0,847,-3503.31372070312,-6.89090090567286e-29
1.0,848,-3505.88793945312,-6.78513184239265e-29
1.0,849,-3508.41967773438,-6.6802908366044e-29
1.0,850,-3510.90991210938,-6.57765742801489e-29
1.0,851,-3513.35913085938,-6.4760044381377e-29
1.0,852,-3515.76806640625,-6.37595237752679e-29
1.0,853,-3518.13720703125,-6.27685184667902e-29
1.0,854,-3520.46752929688,-6.18003895949332e-29
1.0,855,-3522.75952148438,-6.08422875958491e-29
1.0,856,-3525.01391601562,-5.99009532243434e-29
1.0,857,-3527.23095703125,-5.89629290449296e-29
1.0,858,-3529.41162109375,-5.80482688031537e-29
1.0,859,-3531.55639648438,-5.71443095096312e-29
1.0,860,-3533.666015625,-5.62570095101277e-29
1.0,861,-3535.74096679688,-5.53803442550359e-29
1.0,862,-3537.78149414062,-5.45077114157651e-29
1.0,863,-3539.78857421875,-5.36592309417031e-29
1.0,864,-3541.7626953125,-5.28216500274202e-29
1.0,865,-3543.70434570312,-5.19945052460234e-29
1.0,866,-3545.61401367188,-5.11784104876826e-29
1.0,867,-3547.49243164062,-5.03804194708189e-29
1.0,868,-3549.33984375,-4.95866624905674e-29
1.0,869,-3551.15673828125,-4.88044490529201e-29
1.0,870,-3552.94384765625,-4.80397585685011e-29
1.0,871,-3554.70141601562,-4.72800363814856e-29
1.0,872,-3556.43017578125,-4.65382554356082e-29
1.0,873,-3558.13061523438,-4.58080330786627e-29
1.0,874,-3559.80297851562,-4.50826887411545e-29
1.0,875,-3561.44775390625,-4.43690113261375e-29
1.0,876,-3563.06567382812,-4.36738168200556e-29
1.0,877,-3564.65673828125,-4.29771838850464e-29
1.0,878,-3566.2216796875,-4.22986065432659e-29
1.0,879,-3567.76098632812,-4.1632201680587e-29
1.0,880,-3569.27490234375,-4.09707199763284e-29
1.0,881,-3570.76391601562,-4.03217778815671e-29
1.0,882,-3572.228515625,-3.96843522460202e-29
1.0,883,-3573.6689453125,-3.90525208351085e-29
1.0,884,-3575.08569335938,-3.84325609767448e-29
1.0,885,-3576.47900390625,-3.78185534456153e-29
1.0,886,-3577.849609375,-3.72232966480539e-29
1.0,887,-3579.19750976562,-3.66267368385144e-29
1.0,888,-3580.52319335938,-3.60424909435568e-29
1.0,889,-3581.8271484375,-3.54708749360627e-29
1.0,890,-3583.10986328125,-3.49111184440542e-29
1.0,891,-3584.37109375,-3.4344193881534e-29
1.0,892,-3585.61181640625,-3.38030797895341e-29
1.0,893,-3586.83203125,-3.32605784261211e-29
1.0,894,-3588.0322265625,-3.27311613492678e-29
1.0,895,-3589.21264648438,-3.2207227154225e-29
1.0,896,-3590.37377929688,-3.16958987725213e-29
1.0,897,-3591.515625,-3.11838301114951e-29
1.0,898,-3592.638671875,-3.06846982830173e-29
1.0,899,-3593.74340820312,-3.01979887026809e-29
1.0,900,-3594.82983398438,-2.97103402314965e-29
1.0,901,-3595.8984375,-2.92359866954594e-29
1.0,902,-3596.94946289062,-2.87670257632667e-29
1.0,903,-3597.98315429688,-2.83045768816984e-29
1.0,904,-3599.0,-2.78549595083846e-29
3.0,2,-3600.0,-2.74044995407201e-29
3.0,3,-4100.0,-5.3249341644343e-44
3.0,6,-2500.0,4.76441477870438e-44
3.0,35,-3601.0,-2.84301414955414e-29
3.0,36,-3602.03662109375,-2.94797341947804e-29
3.0,37,-3603.11108398438,-3.05709510549425e-29
3.0,38,-3604.22485351562,-3.17036386034853e-29
3.0,39,-3605.37939453125,-3.28715917348691e-29
3.0,40,-3606.57592773438,-3.409444590673e-29
3.0,41,-3607.81640625,-3.53591589622261e-29
3.0,42,-3609.10229492188,-3.66666968755949e-29
3.0,43,-3610.43505859375,-3.80293224039042e-29
3.0,44,-3611.81665039062,-3.94414383132532e-29
3.0,45,-3613.24877929688,-4.09095596635319e-29
3.0,46,-3614.7333984375,-4.24272737098786e-29
3.0,47,-3616.27221679688,-4.40014054665337e-29
3.0,48,-3617.8671875,-4.56390778650258e-29
3.0,49,-3619.5205078125,-4.73405527114569e-29
3.0,50,-3621.234375,-4.90989056858237e-29
3.0,51,-3623.0107421875,-5.09354243325427e-29
3.0,52,-3624.85229492188,-5.28299676373675e-29
3.0,53,-3626.76098632812,-5.48091375076549e-29
3.0,54,-3628.73974609375,-5.68469880559354e-29
3.0,55,-3630.79052734375,-5.89774216677611e-29
3.0,56,-3632.91650390625,-6.11811790436884e-29
3.0,57,-3635.1201171875,-6.3477838465308e-29
3.0,58,-3637.40454101562,-6.58487063750973e-29
3.0,59,-3639.77221679688,-6.83204147730685e-29
3.0,60,-3642.2265625,-7.08876854074678e-29
3.0,61,-3644.77075195312,-7.35505483709505e-29
3.0,62,-3647.40795898438,-7.63163101602431e-29
3.0,63,-3650.1416015625,-7.91862105927475e-29
3.0,64,-3652.97509765625,-8.21738274745714e-29
3.0,65,-3655.91235351562,-8.52673524477434e-29
3.0,66,-3658.95678710938,-8.8493676309112e-29
3.0,67,-3662.11279296875,-9.18343582794596e-29
3.0,68,-3665.38403320312,-9.53173123059178e-29
3.0,69,-3668.77514648438,-9.89225026985338e-29
3.0,70,-3672.2900390625,-1.02679161462745e-28
3.0,71,-3675.93359375,-1.06575004776624e-28
3.0,72,-3679.71020507812,-1.10630748424136e-28
3.0,73,-3683.625,-1.14849233151949e-28
3.0,74,-3687.68310546875,-1.19223742279382e-28
3.0,75,-3691.88940429688,-1.23777940670626e-28
3.0,76,-3696.24951171875,-1.28519556119583e-28
3.0,77,-3700.76928710938,-1.33436479341728e-28
3.0,78,-3705.4541015625,-1.38559176141368e-28
3.0,79,-3710.31030273438,-1.438895243002e-28
3.0,80,-3715.34423828125,-1.4942235991856e-28
3.0,81,-3720.56201171875,-1.55188762690926e-28
3.0,82,-3725.970703125,-1.61184242793114e-28
3.0,83,-3731.5771484375,-1.67425146555528e-28
3.0,84,-3737.388671875,-1.73915398060429e-28
3.0,85,-3743.41259765625,-1.80678469579015e-28
3.0,86,-3749.65698242188,-1.8770459905388e-28
3.0,87,-3756.12939453125,-1.95039888433068e-28
3.0,88,-3762.8388671875,-2.02659396923798e-28
3.0,89,-3769.79345703125,-2.10603569054904e-28
3.0,90,-3777.00244140625,-2.18877460392489e-28
3.0,91,-3784.47509765625,-2.27485187611809e-28
3.0,92,-3792.220703125,-2.36476247112435e-28
3.0,93,-3800.25,-2.45819703644635e-28
3.0,94,-3808.57250976562,-2.55579931416801e-28
3.0,95,-3817.19970703125,-2.65734421122707e-28
3.0,96,-3826.14208984375,-2.76334282128252e-28
3.0,97,-3835.41162109375,-2.87379947767675e-28
3.0,98,-3845.02001953125,-2.98908708859522e-28
3.0,99,-3854.97998046875,-2.89336114812189e-28
3.0,100,-3864.58837890625,-2.80042082457186e-28
3.0,101,-3873.85791015625,-2.71005739528743e-28
3.0,102,-3882.80029296875,-2.62242469392289e-28
3.0,103,-3891.42749023438,-2.53714596043289e-28
3.0,104,-3899.75,-2.45458976966051e-28
3.0,105,-3907.779296875,-2.37421758344507e-28
3.0,106,-3915.52490234375,-2.29647068048508e-28
3.0,107,-3922.99755859375,-2.22094341178599e-28
3.0,108,-3930.20654296875,-2.14769499969359e-28
3.0,109,-3937.1611328125,-2.07676998133786e-28
3.0,110,-3943.87060546875,-2.00782855045422e-28
3.0,111,-3950.34301757812,-1.94122146703381e-28
3.0,112,-3956.58740234375,-1.87653357280297e-28
3.0,113,-3962.611328125,-1.81394313665219e-28
3.0,114,-3968.4228515625,-1.75326490819495e-28
3.0,115,-3974.029296875,-1.69452007266063e-28
3.0,116,-3979.43798828125,-1.63758994461641e-28
3.0,117,-3984.65576171875,-1.58257984835612e-28
3.0,118,-3989.68969726562,-1.52920005179375e-28
3.0,119,-3994.5458984375,-1.47755515699942e-28
3.0,120,-3999.23071289062,-1.42767008069176e-28
3.0,121,-4003.75048828125,-1.37924895188309e-28
3.0,122,-4008.11059570312,-1.33246498389776e-28
3.0,123,-4012.31689453125,-1.28726930626345e-28
3.0,124,-4016.375,-1.24343056664558e-28
3.0,125,-4020.28979492188,-1.20105553378544e-28
3.0,126,-4024.06640625,-1.16014252249433e-28
3.0,127,-4027.7099609375,-1.12048473604448e-28
3.0,128,-4031.22485351562,-1.08224732292862e-28
3.0,129,-4034.61596679688,-1.04512237509688e-28
3.0,130,-4037.88720703125,-1.00935978195956e-28
3.0,131,-4041.04321289062,-9.74662408637408e-29
3.0,132,-4044.08764648438,-9.41260042646928e-29
3.0,133,-4047.02490234375,-9.08863313013972e-29
3.0,134,-4049.8583984375,-8.77624247833524e-29
3.0,135,-4052.59204101562,-8.47402615331511e-29
3.0,136,-4055.22924804688,-8.18198656249173e-29
3.0,137,-4057.7734375,-7.89941532475745e-29
3.0,138,-4060.22778320312,-7.62643521814622e-29
3.0,139,-4062.59545898438,-7.36377809603691e-29
3.0,140,-4064.8798828125,-7.108465989253e-29
3.0,141,-4067.08349609375,-6.86276968956955e-29
3.0,142,-4069.20947265625,-6.62450747947143e-29
3.0,143,-4071.26025390625,-6.39601334531001e-29
3.0,144,-4073.23901367188,-6.17341616789706e-29
3.0,145,-4075.14770507812,-5.9598215092679e-29
3.0,146,-4076.9892578125,-5.75219001122905e-29
3.0,147,-4078.765625,-5.55294714180422e-29
3.0,148,-4080.4794921875,-5.35966141443862e-29
3.0,149,-4082.1328125,-5.17319949760724e-29
3.0,150,-4083.72778320312,-4.99358877562645e-29
3.0,151,-4085.2666015625,-4.82004082092529e-29
3.0,152,-4086.75122070312,-4.65179699766159e-29
3.0,153,-4088.18334960938,-4.48965686768882e-29
3.0,154,-4089.56494140625,-4.33289188782023e-29
3.0,155,-4090.89770507812,-4.18220231414651e-29
3.0,156,-4092.18359375,-4.03617319001165e-29
3.0,157,-4093.42407226562,-3.89472176061336e-29
3.0,158,-4094.62060546875,-3.7594242792405e-29
3.0,159,-4095.77514648438,-3.62876497884152e-29
3.0,160,-4096.88916015625,-3.50037616929103e-29
3.0,161,-4097.96337890625,-3.37899383269292e-29
3.0,162,-4099.0,-3.26068576176853e-29
3.0,626,-2501.0,-1.52854138375277e-29
3.0,627,-2502.01684570312,-1.5554281180928e-29
3.0,628,-2503.05053710938,-1.58235622983398e-29
3.0,629,-2504.1015625,-1.61009278076197e-29
3.0,630,-2505.17016601562,-1.6382883951478e-29
3.0,631,-2506.25659179688,-1.66688379046037e-29
3.0,632,-2507.361328125,-1.69632674541174e-29
3.0,633,-2508.484375,-1.72582115880382e-29
3.0,634,-2509.62622070312,-1.75612220582338e-29
3.0,635,-2510.78735351562,-1.78726404163429e-29
3.0,636,-2511.9677734375,-1.818480206304e-29
3.0,637,-2513.16796875,-1.85052737965205e-29
3.0,638,-2514.38818359375,-1.88300818816414e-29
3.0,639,-2515.62890625,-1.91635777163708e-29
3.0,640,-2516.89013671875,-1.94976076957332e-29
3.0,641,-2518.1728515625,-1.98476635187188e-29
3.0,642,-2519.47680664062,-2.01950666741326e-29
3.0,643,-2520.80249023438,-2.05506760966688e-29
3.0,644,-2522.150390625,-2.09150003522033e-29
3.0,645,-2523.52099609375,-2.12879280979113e-29
3.0,646,-2524.91430664062,-2.16617315398908e-29
3.0,647,-2526.3310546875,-2.20479482022151e-29
3.0,648,-2527.771484375,-2.2439313717875e-29
3.0,649,-2529.23608398438,-2.28392992746689e-29
3.0,650,-2530.72509765625,-2.324435845316e-29
3.0,651,-2532.23901367188,-2.36579699643104e-29
3.0,652,-2533.7783203125,-2.40808108928661e-29
3.0,653,-2535.34326171875,-2.45085494010851e-29
3.0,654,-2536.93432617188,-2.49454586460315e-29
3.0,655,-2538.55224609375,-2.53950504405883e-29
3.0,656,-2540.19702148438,-2.58460791594395e-29
3.0,657,-2541.86938476562,-2.63102192482402e-29
3.0,658,-2543.56982421875,-2.67836068100395e-29
3.0,659,-2545.29858398438,-2.72623598922932e-29
3.0,660,-2547.05615234375,-2.77504778089016e-29
3.0,661,-2548.84326171875,-2.82518154290188e-29
3.0,662,-2550.66015625,-2.87588586165963e-29
3.0,663,-2552.50756835938,-2.9279112479886e-29
3.0,664,-2554.38598632812,-2.98091705302989e-29
3.0,665,-2556.29565429688,-3.0344810768285e-29
3.0,666,-2558.2373046875,-3.08943688593848e-29
3.0,667,-2560.21142578125,-3.14537943321841e-29
3.0,668,-2562.21850585938,-3.20228434361742e-29
3.0,669,-2564.25903320312,-3.26019164036718e-29
3.0,670,-2566.333984375,-3.31990961219121e-29
3.0,671,-2568.44360351562,-3.38024869642231e-29
3.0,672,-2570.58837890625,-3.44161694946744e-29
3.0,673,-2572.76904296875,-3.50439233507819e-29
3.0,674,-2574.98608398438,-3.56823209790976e-29
3.0,675,-2577.24047851562,-3.63391924885518e-29
3.0,676,-2579.53247070312,-3.70025700300994e-29
3.0,677,-2581.86279296875,-3.76807712136877e-29
3.0,678,-2584.23193359375,-3.83698689477894e-29
3.0,679,-2586.64086914062,-3.90779220455157e-29
3.0,680,-2589.09008789062,-3.97969499346594e-29
3.0,681,-2591.58032226562,-4.05311354943186e-29
3.0,682,-2594.11206054688,-4.12768585780509e-29
3.0,683,-2596.68627929688,-4.20419131836e-29
3.0,684,-2599.30346679688,-4.28186076282504e-29
3.0,685,-2601.96459960938,-4.3614937530537e-29
3.0,686,-2604.67016601562,-4.44233496339591e-29
3.0,687,-2607.4208984375,-4.52475964926427e-29
3.0,688,-2610.21752929688,-4.60881595890739e-29
3.0,689,-2613.06127929688,-4.69531278290191e-29
3.0,690,-2615.95239257812,-4.78265069661433e-29
3.0,691,-2618.89184570312,-4.87208396192094e-29
3.0,692,-2621.88037109375,-4.96316780937519e-29
3.0,693,-2624.9189453125,-5.05640207798298e-29
3.0,694,-2628.00854492188,-5.15172598058043e-29
3.0,695,-2631.14965820312,-5.24844016385648e-29
3.0,696,-2634.34326171875,-5.34728249972108e-29
3.0,697,-2637.59033203125,-5.44834266428726e-29
3.0,698,-2640.89184570312,-5.55162607423299e-29
3.0,699,-2644.24853515625,-5.65671925647334e-29
3.0,700,-2647.66137695312,-5.76408262863564e-29
3.0,701,-2651.13110351562,-5.87331595840331e-29
3.0,702,-2654.65893554688,-5.98530938652254e-29
3.0,703,-2658.24584960938,-6.09959768054112e-29
3.0,704,-2661.89282226562,-6.21627713695629e-29
3.0,705,-2665.60083007812,-6.33535678356464e-29
3.0,706,-2669.37060546875,-6.45643759175584e-29
3.0,707,-2673.20361328125,-6.58078104564345e-29
3.0,708,-2677.10083007812,-6.70764987517063e-29
3.0,709,-2681.06298828125,-6.83658968124114e-29
3.0,710,-2685.09155273438,-6.96891009621716e-29
3.0,711,-2689.1875,-7.10383472958985e-29
3.0,712,-2693.35205078125,-7.24177946185659e-29
3.0,713,-2697.58618164062,-7.38238017188726e-29
3.0,714,-2701.89111328125,-7.52609125877811e-29
3.0,715,-2706.26806640625,-7.67296989857437e-29
3.0,716,-2710.71826171875,-7.82300405421389e-29
3.0,717,-2715.24267578125,-7.97588136393381e-29
3.0,718,-2719.84301757812,-8.13286150628838e-29
3.0,719,-2724.52026367188,-8.29273776579683e-29
3.0,720,-2729.27563476562,-8.45599403235767e-29
3.0,721,-2734.11059570312,-8.62310516807283e-29
3.0,722,-2739.02661132812,-8.79406936738298e-29
3.0,723,-2744.02465820312,-8.96814815652506e-29
3.0,724,-2749.1064453125,-9.14664876044884e-29
3.0,725,-2754.27294921875,-9.32831089874695e-29
3.0,726,-2759.52612304688,-9.51497684378183e-29
3.0,727,-2764.8671875,-9.70538751885231e-29
3.0,728,-2770.29736328125,-9.89954232210532e-29
3.0,729,-2775.81860351562,-1.0098907367711e-28
3.0,730,-2781.43212890625,-1.03021784399851e-28
3.0,731,-2787.13940429688,-1.05098394288262e-28
3.0,732,-2792.9423828125,-1.07229146882235e-28
3.0,733,-2798.84228515625,-1.09400945858148e-28
3.0,734,-2804.8408203125,-1.11623168087417e-28
3.0,735,-2810.93969726562,-1.13897330239874e-28
3.0,736,-2817.14086914062,-1.16228162880944e-28
3.0,737,-2823.4453125,-1.1859845301175e-28
3.0,738,-2829.85546875,-1.21036620136033e-28
3.0,739,-2836.37280273438,-1.23524753105312e-28
3.0,740,-2842.99926757812,-1.26073540830776e-28
3.0,741,-2849.73657226562,-1.28678589784741e-28
3.0,742,-2856.58642578125,-1.31341585155907e-28
3.0,743,-2863.55078125,-1.3406730565795e-28
3.0,744,-2870.6318359375,-1.36862407786239e-28
3.0,745,-2877.8310546875,-1.39712844289243e-28
3.0,746,-2885.15087890625,-1.42639655951604e-28
3.0,747,-2892.59326171875,-1.45633526087216e-28
3.0,748,-2900.15991210938,-1.48691445430541e-28
3.0,749,-2907.85327148438,-1.51828713087575e-28
3.0,750,-2915.67529296875,-1.55036975337184e-28
3.0,751,-2923.6279296875,-1.58317628478577e-28
3.0,752,-2931.7138671875,-1.61686368840802e-28
3.0,753,-2939.93505859375,-1.65130003803739e-28
3.0,754,-2948.29345703125,-1.68650074111345e-28
3.0,755,-2956.7919921875,-1.72267403881141e-28
3.0,756,-2965.4326171875,-1.75964346780014e-28
3.0,757,-2974.21752929688,-1.79746620412485e-28
3.0,758,-2983.14965820312,-1.83631413703309e-28
3.0,759,-2992.23095703125,-1.87600093280273e-28
3.0,760,-3001.46435546875,-1.91674554559432e-28
3.0,761,-3010.85229492188,-1.95846287337845e-28
3.0,762,-3020.39697265625,-2.00112691610086e-28
3.0,763,-3030.10131835938,-2.04490258151306e-28
3.0,764,-3039.96826171875,-2.08981093447379e-28
3.0,765,-3050.0,-2.13572197471182e-28
3.0,766,-3060.03173828125,-2.14681942379263e-28
3.0,767,-3069.89868164062,-2.12237720612716e-28
3.0,768,-3079.60302734375,-2.0978762475984e-28
3.0,769,-3089.14770507812,-2.07348891893635e-28
3.0,770,-3098.53564453125,-2.04923640537041e-28
3.0,771,-3107.76904296875,-2.02498509551069e-28
3.0,772,-3116.85034179688,-2.00079842467472e-28
3.0,773,-3125.78247070312,-1.97680458757444e-28
3.0,774,-3134.5673828125,-1.95280437083122e-28
3.0,775,-3143.2080078125,-1.9290340619751e-28
3.0,776,-3151.70654296875,-1.90534115142863e-28
3.0,777,-3160.06494140625,-1.88169313912398e-28
3.0,778,-3168.2861328125,-1.85831896998331e-28
3.0,779,-3176.3720703125,-1.83501726395679e-28
3.0,780,-3184.32470703125,-1.81179897477098e-28
3.0,781,-3192.14672851562,-1.78884393613445e-28
3.0,782,-3199.84008789062,-1.76600168477029e-28
3.0,783,-3207.40673828125,-1.74328209106946e-28
3.0,784,-3214.84912109375,-1.72081046084897e-28
3.0,785,-3222.1689453125,-1.69843259934265e-28
3.0,786,-3229.3681640625,-1.67620821037878e-28
3.0,787,-3236.44921875,-1.65427439609526e-28
3.0,788,-3243.41357421875,-1.63240197082872e-28
3.0,789,-3250.26342773438,-1.61078364794421e-28
3.0,790,-3257.00073242188,-1.58936176991404e-28
3.0,791,-3263.62719726562,-1.56809902184551e-28
3.0,792,-3270.14453125,-1.54699516299741e-28
3.0,793,-3276.5546875,-1.5261256657494e-28
3.0,794,-3282.85913085938,-1.50537557615795e-28
3.0,795,-3289.06030273438,-1.48499261696215e-28
3.0,796,-3295.1591796875,-1.46463337077879e-28
3.0,797,-3301.15771484375,-1.444535689956e-28
3.0,798,-3307.0576171875,-1.42465708366439e-28
3.0,799,-3312.86059570312,-1.40499574634463e-28
3.0,800,-3318.56787109375,-1.3854447888848e-28
3.0,801,-3324.18139648438,-1.36619331353133e-28
3.0,802,-3329.70263671875,-1.34712191262765e-28
3.0,803,-3335.1328125,-1.32818075273647e-28
3.0,804,-3340.47387695312,-1.3095595379573e-28
3.0,805,-3345.72705078125,-1.29107614753977e-28
3.0,806,-3350.8935546875,-1.27274334076977e-28
3.0,807,-3355.97534179688,-1.25474696988693e-28
3.0,808,-3360.97338867188,-1.23684846031939e-28
3.0,809,-3365.88940429688,-1.21923354393616e-28
3.0,810,-3370.72436523438,-1.20173406297897e-28
3.0,811,-3375.47973632812,-1.18446400842641e-28
3.0,812,-3380.15698242188,-1.16743601919373e-28
3.0,813,-3384.75732421875,-1.1505950859069e-28
3.0,814,-3389.28173828125,-1.1338829491851e-28
3.0,815,-3393.73193359375,-1.11748197051994e-28
3.0,816,-3398.10888671875,-1.10122351067067e-28
3.0,817,-3402.41381835938,-1.08516185678759e-28
3.0,818,-3406.64794921875,-1.06930844407974e-28
3.0,819,-3410.8125,-1.05366495773583e-28
3.0,820,-3414.90844726562,-1.03817410134002e-28
3.0,821,-3418.93701171875,-1.02289786576238e-28
3.0,822,-3422.89916992188,-1.00778376941194e-28
3.0,823,-3426.79638671875,-9.92954951434508e-29
3.0,824,-3430.62939453125,-9.78226341999496e-29
3.0,825,-3434.39916992188,-9.63672089409762e-29
3.0,826,-3438.10717773438,-9.49410638356885e-29
3.0,827,-3441.75415039062,-9.35260710684851e-29
3.0,828,-3445.34106445312,-9.21289051903293e-29
3.0,829,-3448.86889648438,-9.07500958319561e-29
3.0,830,-3452.33862304688,-8.93888906769807e-29
3.0,831,-3455.75146484375,-8.80530235378362e-29
3.0,832,-3459.10815429688,-8.67296147580194e-29
3.0,833,-3462.40966796875,-8.5425344907025e-29
3.0,834,-3465.65673828125,-8.41337199898217e-29
3.0,835,-3468.85034179688,-8.28616853912715e-29
3.0,836,-3471.99145507812,-8.16097406494536e-29
3.0,837,-3475.0810546875,-8.03770792812039e-29
3.0,838,-3478.11962890625,-7.91526994117151e-29
3.0,839,-3481.10815429688,-7.79479881017834e-29
3.0,840,-3484.04760742188,-7.67644560027088e-29
3.0,841,-3486.93872070312,-7.55947304139231e-29
3.0,842,-3489.78247070312,-7.44463164436782e-29
3.0,843,-3492.5791015625,-7.32997381254116e-29
3.0,844,-3495.32983398438,-7.21808330130333e-29
3.0,845,-3498.03540039062,-7.10772029325265e-29
3.0,846,-3500.69653320312,-6.99884747349644e-29
3.0,847,-3503.31372070312,-6.89090090567286e-29
3.0,848,-3505.88793945312,-6.78513184239265e-29
3.0,849,-3508.41967773438,-6.6802908366044e-29
3.0,850,-3510.90991210938,-6.57765742801489e-29
3.0,851,-3513.35913085938,-6.4760044381377e-29
3.0,852,-3515.76806640625,-6.37595237752679e-29
3.0,853,-3518.13720703125,-6.27685184667902e-29
3.0,854,-3520.46752929688,-6.18003895949332e-29
3.0,855,-3522.75952148438,-6.08422875958491e-29
3.0,856,-3525.01391601562,-5.99009532243434e-29
3.0,857,-3527.23095703125,-5.89629290449296e-29
3.0,858,-3529.41162109375,-5.80482688031537e-29
3.0,859,-3531.55639648438,-5.71443095096312e-29
3.0,860,-3533.666015625,-5.62570095101277e-29
3.0,861,-3535.74096679688,-5.53803442550359e-29
3.0,862,-3537.78149414062,-5.45077114157651e-29
3.0,863,-3539.78857421875,-5.36592309417031e-29
3.0,864,-3541.7626953125,-5.28216500274202e-29
3.0,865,-3543.70434570312,-5.19945052460234e-29
3.0,866,-3545.61401367188,-5.11784104876826e-29
3.0,867,-3547.49243164062,-5.03804194708189e-29
3.0,868,-3549.33984375,-4.95866624905674e-29
3.0,869,-3551.15673828125,-4.88044490529201e-29
3.0,870,-3552.94384765625,-4.80397585685011e-29
3.0,871,-3554.70141601562,-4.72800363814856e-29
3.0,872,-3556.43017578125,-4.65382554356082e-29
3.0,873,-3558.13061523438,-4.58080330786627e-29
3.0,874,-3559.80297851562,-4.50826887411545e-29
3.0,875,-3561.44775390625,-4.43690113261375e-29
3.0,876,-3563.06567382812,-4.36738168200556e-29
3.0,877,-3564.65673828125,-4.29771838850464e-29
3.0,878,-3566.2216796875,-4.22986065432659e-29
3.0,879,-3567.76098632812,-4.1632201680587e-29
3.0,880,-3569.27490234375,-4.09707199763284e-29
3.0,881,-3570.76391601562,-4.03217778815671e-29
3.0,882,-3572.228515625,-3.96843522460202e-29
3.0,883,-3573.6689453125,-3.90525208351085e-29
3.0,884,-3575.08569335938,-3.84325609767448e-29
3.0,885,-3576.47900390625,-3.78185534456153e-29
3.0,886,-3577.849609375,-3.72232966480539e-29
3.0,887,-3579.19750976562,-3.66267368385144e-29
3.0,888,-3580.52319335938,-3.60424909435568e-29
3.0,889,-3581.8271484375,-3.54708749360627e-29
3.0,890,-3583.10986328125,-3.49111184440542e-29
3.0,891,-3584.37109375,-3.4344193881534e-29
3.0,892,-3585.61181640625,-3.38030797895341e-29
3.0,893,-3586.83203125,-3.32605784261211e-29
3.0,894,-3588.0322265625,-3.27311613492678e-29
3.0,895,-3589.21264648438,-3.2207227154225e-29
3.0,896,-3590.37377929688,-3.16958987725213e-29
3.0,897,-3591.515625,-3.11838301114951e-29
3.0,898,-3592.638671875,-3.06846982830173e-29
3.0,899,-3593.74340820312,-3.01979887026809e-29
3.0,900,-3594.82983398438,-2.97103402314965e-29
3.0,901,-3595.8984375,-2.92359866954594e-29
3.0,902,-3596.94946289062,-2.87670257632667e-29
3.0,903,-3597.98315429688,-2.83045768816984e-29
3.0,904,-3599.0,-2.78549595083846e-29
0.0,2,-3600.0,-2.74044995407201e-29
0.0,3,-4100.0,-5.3249341644343e-44
0.0,6,-2500.0,4.76441477870438e-44
0.0,35,-3601.0,-2.84301414955414e-29
0.0,36,-3602.03662109375,-2.94797341947804e-29
0.0,37,-3603.11108398438,-3.05709510549425e-29
0.0,38,-3604.22485351562,-3.17036386034853e-29
0.0,39,-3605.37939453125,-3.28715917348691e-29
0.0,40,-3606.57592773438,-3.409444590673e-29
0.0,41,-3607.81640625,-3.53591589622261e-29
0.0,42,-3609.10229492188,-3.66666968755949e-29
0.0,43,-3610.43505859375,-3.80293224039042e-29
0.0,44,-3611.81665039062,-3.94414383132532e-29
0.0,45,-3613.24877929688,-4.09095596635319e-29
0.0,46,-3614.7333984375,-4.24272737098786e-29
0.0,47,-3616.27221679688,-4.40014054665337e-29
0.0,48,-3617.8671875,-4.56390778650258e-29
0.0,49,-3619.5205078125,-4.73405527114569e-29
0.0,50,-3621.234375,-4.90989056858237e-29
0.0,51,-3623.0107421875,-5.09354243325427e-29
0.0,52,-3624.85229492188,-5.28299676373675e-29
0.0,53,-3626.76098632812,-5.48091375076549e-29
0.0,54,-3628.73974609375,-5.68469880559354e-29
0.0,55,-3630.79052734375,-5.89774216677611e-29
0.0,56,-3632.91650390625,-6.11811790436884e-29
0.0,57,-3635.1201171875,-6.3477838465308e-29
0.0,58,-3637.40454101562,-6.58487063750973e-29
0.0,59,-3639.77221679688,-6.83204147730685e-29
0.0,60,-3642.2265625,-7.08876854074678e-29
0.0,61,-3644.77075195312,-7.35505483709505e-29
0.0,62,-3647.40795898438,-7.63163101602431e-29
0.0,63,-3650.1416015625,-7.91862105927475e-29
0.0,64,-3652.97509765625,-8.21738274745714e-29
0.0,65,-3655.91235351562,-8.52673524477434e-29
0.0,66,-3658.95678710938,-8.8493676309112e-29
0.0,67,-3662.11279296875,-9.18343582794596e-29
0.0,68,-3665.38403320312,-9.53173123059178e-29
0.0,69,-3668.77514648438,-9.89225026985338e-29
0.0,70,-3672.2900390625,-1.02679161462745e-28
0.0,71,-3675.93359375,-1.06575004776624e-28
0.0,72,-3679.71020507812,-1.10630748424136e-28
0.0,73,-3683.625,-1.14849233151949e-28
0.0,74,-3687.68310546875,-1.19223742279382e-28
0.0,75,-3691.88940429688,-1.23777940670626e-28
0.0,76,-3696.24951171875,-1.28519556119583e-28
0.0,77,-3700.76928710938,-1.33436479341728e-28
0.0,78,-3705.4541015625,-1.38559176141368e-28
0.0,79,-3710.31030273438,-1.438895243002e-28
0.0,80,-3715.34423828125,-1.4942235991856e-28
0.0,81,-3720.56201171875,-1.55188762690926e-28
0.0,82,-3725.970703125,-1.61184242793114e-28
0.0,83,-3731.5771484375,-1.67425146555528e-28
0.0,84,-3737.388671875,-1.73915398060429e-28
0.0,85,-3743.41259765625,-1.80678469579015e-28
0.0,86,-3749.65698242188,-1.8770459905388e-28
0.0,87,-3756.12939453125,-1.95039888433068e-28
0.0,88,-3762.8388671875,-2.02659396923798e-28
0.0,89,-3769.79345703125,-2.10603569054904e-28
0.0,90,-3777.00244140625,-2.18877460392489e-28
0.0,91,-3784.47509765625,-2.27485187611809e-28
0.0,92,-3792.220703125,-2.36476247112435e-28
0.0,93,-3800.25,-2.45819703644635e-28
0.0,94,-3808.57250976562,-2.55579931416801e-28
0.0,95,-3817.19970703125,-2.65734421122707e-28
0.0,96,-3826.14208984375,-2.76334282128252e-28
0.0,97,-3835.41162109375,-2.87379947767675e-28
0.0,98,-3845.02001953125,-2.98908708859522e-28
0.0,99,-3854.97998046875,-2.89336114812189e-28
0.0,100,-3864.58837890625,-2.80042082457186e-28
0.0,101,-3873.85791015625,-2.71005739528743e-28
0.0,102,-3882.80029296875,-2.62242469392289e-28
0.0,103,-3891.42749023438,-2.53714596043289e-28
0.0,104,-3899.75,-2.45458976966051e-28
0.0,105,-3907.779296875,-2.37421758344507e-28
0.0,106,-3915.52490234375,-2.29647068048508e-28
0.0,107,-3922.99755859375,-2.22094341178599e-28
0.0,108,-3930.20654296875,-2.14769499969359e-28
0.0,109,-3937.1611328125,-2.07676998133786e-28
0.0,110,-3943.87060546875,-2.00782855045422e-28
0.0,111,-3950.34301757812,-1.94122146703381e-28
0.0,112,-3956.58740234375,-1.87653357280297e-28
0.0,113,-3962.611328125,-1.81394313665219e-28
0.0,114,-3968.4228515625,-1.75326490819495e-28
0.0,115,-3974.029296875,-1.69452007266063e-28
0.0,116,-3979.43798828125,-1.63758994461641e-28
0.0,117,-3984.65576171875,-1.58257984835612e-28
0.0,118,-3989.68969726562,-1.52920005179375e-28
0.0,119,-3994.5458984375,-1.47755515699942e-28
0.0,120,-3999.23071289062,-1.42767008069176e-28
0.0,121,-4003.75048828125,-1.37924895188309e-28
0.0,122,-4008.11059570312,-1.33246498389776e-28
0.0,123,-4012.31689453125,-1.28726930626345e-28
0.0,124,-4016.375,-1.24343056664558e-28
0.0,125,-4020.28979492188,-1.20105553378544e-28
0.0,126,-4024.06640625,-1.16014252249433e-28
0.0,127,-4027.7099609375,-1.12048473604448e-28
0.0,128,-4031.22485351562,-1.08224732292862e-28
0.0,129,-4034.61596679688,-1.04512237509688e-28
0.0,130,-4037.88720703125,-1.00935978195956e-28
0.0,131,-4041.04321289062,-9.74662408637408e-29
0.0,132,-4044.08764648438,-9.41260042646928e-29
0.0,133,-4047.02490234375,-9.08863313013972e-29
0.0,134,-4049.8583984375,-8.77624247833524e-29
0.0,135,-4052.59204101562,-8.47402615331511e-29
0.0,136,-4055.22924804688,-8.18198656249173e-29
0.0,137,-4057.7734375,-7.89941532475745e-29
0.0,138,-4060.22778320312,-7.62643521814622e-29
0.0,139,-4062.59545898438,-7.36377809603691e-29
0.0,140,-4064.8798828125,-7.108465989253e-29
0.0,141,-4067.08349609375,-6.86276968956955e-29
0.0,142,-4069.20947265625,-6.62450747947143e-29
0.0,143,-4071.26025390625,-6.39601334531001e-29
0.0,144,-4073.23901367188,-6.17341616789706e-29
0.0,145,-4075.14770507812,-5.9598215092679e-29
0.0,146,-4076.9892578125,-5.75219001122905e-29
0.0,147,-4078.765625,-5.55294714180422e-29
0.0,148,-4080.4794921875,-5.35966141443862e-29
0.0,149,-4082.1328125,-5.17319949760724e-29
0.0,150,-4083.72778320312,-4.99358877562645e-29
0.0,151,-4085.2666015625,-4.82004082092529e-29
0.0,152,-4086.75122070312,-4.65179699766159e-29
0.0,153,-4088.18334960938,-4.48965686768882e-29
0.0,154,-4089.56494140625,-4.33289188782023e-29
0.0,155,-4090.89770507812,-4.18220231414651e-29
0.0,156,-4092.18359375,-4.03617319001165e-29
0.0,157,-4093.42407226562,-3.89472176061336e-29
0.0,158,-4094.62060546875,-3.7594242792405e-29
0.0,159,-4095.77514648438,-3.62876497884152e-29
0.0,160,-4096.88916015625,-3.50037616929103e-29
0.0,161,-4097.96337890625,-3.37899383269292e-29
0.0,162,-4099.0,-3.26068576176853e-29
0.0,626,-2501.0,-1.52854138375277e-29
0.0,627,-2502.01684570312,-1.5554281180928e-29
0.0,628,-2503.05053710938,-1.58235622983398e-29
0.0,629,-2504.1015625,-1.61009278076197e-29
0.0,630,-2505.17016601562,-1.6382883951478e-29
0.0,631,-2506.25659179688,-1.66688379046037e-29
0.0,632,-2507.361328125,-1.69632674541174e-29
0.0,633,-2508.484375,-1.72582115880382e-29
0.0,634,-2509.62622070312,-1.75612220582338e-29
0.0,635,-2510.78735351562,-1.78726404163429e-29
0.0,636,-2511.9677734375,-1.818480206304e-29
0.0,637,-2513.16796875,-1.85052737965205e-29
0.0,638,-2514.38818359375,-1.88300818816414e-29
0.0,639,-2515.62890625,-1.91635777163708e-29
0.0,640,-2516.89013671875,-1.94976076957332e-29
0.0,641,-2518.1728515625,-1.98476635187188e-29
0.0,642,-2519.47680664062,-2.01950666741326e-29
0.0,643,-2520.80249023438,-2.05506760966688e-29
0.0,644,-2522.150390625,-2.09150003522033e-29
0.0,645,-2523.52099609375,-2.12879280979113e-29
0.0,646,-2524.91430664062,-2.16617315398908e-29
0.0,647,-2526.3310546875,-2.20479482022151e-29
0.0,648,-2527.771484375,-2.2439313717875e-29
0.0,649,-2529.23608398438,-2.28392992746689e-29
0.0,650,-2530.72509765625,-2.324435845316e-29
0.0,651,-2532.23901367188,-2.36579699643104e-29
0.0,652,-2533.7783203125,-2.40808108928661e-29
0.0,653,-2535.34326171875,-2.45085494010851e-29
0.0,654,-2536.93432617188,-2.49454586460315e-29
0.0,655,-2538.55224609375,-2.53950504405883e-29
0.0,656,-2540.19702148438,-2.58460791594395e-29
0.0,657,-2541.86938476562,-2.63102192482402e-29
0.0,658,-2543.56982421875,-2.67836068100395e-29
0.0,659,-2545.29858398438,-2.72623598922932e-29
0.0,660,-2547.05615234375,-2.77504778089016e-29
0.0,661,-2548.84326171875,-2.82518154290188e-29
0.0,662,-2550.66015625,-2.87588586165963e-29
0.0,663,-2552.50756835938,-2.9279112479886e-29
0.0,664,-2554.38598632812,-2.98091705302989e-29
0.0,665,-2556.29565429688,-3.0344810768285e-29
0.0,666,-2558.2373046875,-3.08943688593848e-29
0.0,667,-2560.21142578125,-3.14537943321841e-29
0.0,668,-2562.21850585938,-3.20228434361742e-29
0.0,669,-2564.25903320312,-3.26019164036718e-29
0.0,670,-2566.333984375,-3.31990961219121e-29
0.0,671,-2568.44360351562,-3.38024869642231e-29
0.0,672,-2570.58837890625,-3.44161694946744e-29
0.0,673,-2572.76904296875,-3.50439233507819e-29
0.0,674,-2574.98608398438,-3.56823209790976e-29
0.0,675,-2577.24047851562,-3.63391924885518e-29
0.0,676,-2579.53247070312,-3.70025700300994e-29
0.0,677,-2581.86279296875,-3.76807712136877e-29
0.0,678,-2584.23193359375,-3.83698689477894e-29
0.0,679,-2586.64086914062,-3.90779220455157e-29
0.0,680,-2589.09008789062,-3.97969499346594e-29
0.0,681,-2591.58032226562,-4.05311354943186e-29
0.0,682,-2594.11206054688,-4.12768585780509e-29
0.0,683,-2596.68627929688,-4.20419131836e-29
0.0,684,-2599.30346679688,-4.28186076282504e-29
0.0,685,-2601.96459960938,-4.3614937530537e-29
0.0,686,-2604.67016601562,-4.44233496339591e-29
0.0,687,-2607.4208984375,-4.52475964926427e-29
0.0,688,-2610.21752929688,-4.60881595890739e-29
0.0,689,-2613.06127929688,-4.69531278290191e-29
0.0,690,-2615.95239257812,-4.78265069661433e-29
0.0,691,-2618.89184570312,-4.87208396192094e-29
0.0,692,-2621.88037109375,-4.96316780937519e-29
0.0,693,-2624.9189453125,-5.05640207798298e-29
0.0,694,-2628.00854492188,-5.15172598058043e-29
0.0,695,-2631.14965820312,-5.24844016385648e-29
0.0,696,-2634.34326171875,-5.34728249972108e-29
0.0,697,-2637.59033203125,-5.44834266428726e-29
0.0,698,-2640.89184570312,-5.55162607423299e-29
0.0,699,-2644.24853515625,-5.65671925647334e-29
0.0,700,-2647.66137695312,-5.76408262863564e-29
0.0,701,-2651.13110351562,-5.87331595840331e-29
0.0,702,-2654.65893554688,-5.98530938652254e-29
0.0,703,-2658.24584960938,-6.09959768054112e-29
0.0,704,-2661.89282226562,-6.21627713695629e-29
0.0,705,-2665.60083007812,-6.33535678356464e-29
0.0,706,-2669.37060546875,-6.45643759175584e-29
0.0,707,-2673.20361328125,-6.58078104564345e-29
0.0,708,-2677.10083007812,-6.70764987517063e-29
0.0,709,-2681.06298828125,-6.83658968124114e-29
0.0,710,-2685.09155273438,-6.96891009621716e-29
0.0,711,-2689.1875,-7.10383472958985e-29
0.0,712,-2693.35205078125,-7.24177946185659e-29
0.0,713,-2697.58618164062,-7.38238017188726e-29
0.0,714,-2701.89111328125,-7.52609125877811e-29
0.0,715,-2706.26806640625,-7.67296989857437e-29
0.0,716,-2710.71826171875,-7.82300405421389e-29
0.0,717,-2715.24267578125,-7.97588136393381e-29
0.0,718,-2719.84301757812,-8.13286150628838e-29
0.0,719,-2724.52026367188,-8.29273776579683e-29
0.0,720,-2729.27563476562,-8.45599403235767e-29
0.0,721,-2734.11059570312,-8.62310516807283e-29
0.0,722,-2739.02661132812,-8.79406936738298e-29
0.0,723,-2744.02465820312,-8.96814815652506e-29
0.0,724,-2749.1064453125,-9.14664876044884e-29
0.0,725,-2754.27294921875,-9.32831089874695e-29
0.0,726,-2759.52612304688,-9.51497684378183e-29
0.0,727,-2764.8671875,-9.70538751885231e-29
0.0,728,-2770.29736328125,-9.89954232210532e-29
0.0,729,-2775.81860351562,-1.0098907367711e-28
0.0,730,-2781.43212890625,-1.03021784399851e-28
0.0,731,-2787.13940429688,-1.05098394288262e-28
0.0,732,-2792.9423828125,-1.07229146882235e-28
0.0,733,-2798.84228515625,-1.09400945858148e-28
0.0,734,-2804.8408203125,-1.11623168087417e-28
0.0,735,-2810.93969726562,-1.13897330239874e-28
0.0,736,-2817.14086914062,-1.16228162880944e-28
0.0,737,-2823.4453125,-1.1859845301175e-28
0.0,738,-2829.85546875,-1.21036620136033e-28
0.0,739,-2836.37280273438,-1.23524753105312e-28
0.0,740,-2842.99926757812,-1.26073540830776e-28
0.0,741,-2849.73657226562,-1.28678589784741e-28
0.0,742,-2856.58642578125,-1.31341585155907e-28
0.0,743,-2863.55078125,-1.3406730565795e-28
0.0,744,-2870.6318359375,-1.36862407786239e-28
0.0,745,-2877.8310546875,-1.39712844289243e-28
0.0,746,-2885.15087890625,-1.42639655951604e-28
0.0,747,-2892.59326171875,-1.45633526087216e-28
0.0,748,-2900.15991210938,-1.48691445430541e-28
0.0,749,-2907.85327148438,-1.51828713087575e-28
0.0,750,-2915.67529296875,-1.55036975337184e-28
0.0,751,-2923.6279296875,-1.58317628478577e-28
0.0,752,-2931.7138671875,-1.61686368840802e-28
0.0,753,-2939.93505859375,-1.65130003803739e-28
0.0,754,-2948.29345703125,-1.68650074111345e-28
0.0,755,-2956.7919921875,-1.72267403881141e-28
0.0,756,-2965.4326171875,-1.75964346780014e-28
0.0,757,-2974.21752929688,-1.79746620412485e-28
0.0,758,-2983.14965820312,-1.83631413703309e-28
0.0,759,-2992.23095703125,-1.87600093280273e-28
0.0,760,-3001.46435546875,-1.91674554559432e-28
0.0,761,-3010.85229492188,-1.95846287337845e-28
0.0,762,-3020.39697265625,-2.00112691610086e-28
0.0,763,-3030.10131835938,-2.04490258151306e-28
0.0,764,-3039.96826171875,-2.08981093447379e-28
0.0,765,-3050.0,-2.13572197471182e-28
0.0,766,-3060.03173828125,-2.14681942379263e-28
0.0,767,-3069.89868164062,-2.12237720612716e-28
0.0,768,-3079.60302734375,-2.0978762475984e-28
0.0,769,-3089.14770507812,-2.07348891893635e-28
0.0,770,-3098.53564453125,-2.04923640537041e-28
0.0,771,-3107.76904296875,-2.02498509551069e-28
0.0,772,-3116.85034179688,-2.00079842467472e-28
0.0,773,-3125.78247070312,-1.97680458757444e-28
0.0,774,-3134.5673828125,-1.95280437083122e-28
0.0,775,-3143.2080078125,-1.9290340619751e-28
0.0,776,-3151.70654296875,-1.90534115142863e-28
0.0,777,-3160.06494140625,-1.88169313912398e-28
0.0,778,-3168.2861328125,-1.85831896998331e-28
0.0,779,-3176.3720703125,-1.83501726395679e-28
0.0,780,-3184.32470703125,-1.81179897477098e-28
0.0,781,-3192.14672851562,-1.78884393613445e-28
0.0,782,-3199.84008789062,-1.76600168477029e-28
0.0,783,-3207.40673828125,-1.74328209106946e-28
0.0,784,-3214.84912109375,-1.72081046084897e-28
0.0,785,-3222.1689453125,-1.69843259934265e-28
0.0,786,-3229.3681640625,-1.67620821037878e-28
0.0,787,-3236.44921875,-1.65427439609526e-28
0.0,788,-3243.41357421875,-1.63240197082872e-28
0.0,789,-3250.26342773438,-1.61078364794421e-28
0.0,790,-3257.00073242188,-1.58936176991404e-28
0.0,791,-3263.62719726562,-1.56809902184551e-28
0.0,792,-3270.14453125,-1.54699516299741e-28
0.0,793,-3276.5546875,-1.5261256657494e-28
0.0,794,-3282.85913085938,-1.50537557615795e-28
0.0,795,-3289.06030273438,-1.48499261696215e-28
0.0,796,-3295.1591796875,-1.46463337077879e-28
0.0,797,-3301.15771484375,-1.444535689956e-28
0.0,798,-3307.0576171875,-1.42465708366439e-28
0.0,799,-3312.86059570312,-1.40499574634463e-28
0.0,800,-3318.56787109375,-1.3854447888848e-28
0.0,801,-3324.18139648438,-1.36619331353133e-28
0.0,802,-3329.70263671875,-1.34712191262765e-28
0.0,803,-3335.1328125,-1.32818075273647e-28
0.0,804,-3340.47387695312,-1.3095595379573e-28
0.0,805,-3345.72705078125,-1.29107614753977e-28
0.0,806,-3350.8935546875,-1.27274334076977e-28
0.0,807,-3355.97534179688,-1.25474696988693e-28
0.0,808,-3360.97338867188,-1.23684846031939e-28
0.0,809,-3365.88940429688,-1.21923354393616e-28
0.0,810,-3370.72436523438,-1.20173406297897e-28
0.0,811,-3375.47973632812,-1.18446400842641e-28
0.0,812,-3380.15698242188,-1.16743601919373e-28
0.0,813,-3384.75732421875,-1.1505950859069e-28
0.0,814,-3389.28173828125,-1.1338829491851e-28
0.0,815,-3393.73193359375,-1.11748197051994e-28
0.0,816,-3398.10888671875,-1.10122351067067e-28
0.0,817,-3402.41381835938,-1.08516185678759e-28
0.0,818,-3406.64794921875,-1.06930844407974e-28
0.0,819,-3410.8125,-1.05366495773583e-28
0.0,820,-3414.90844726562,-1.03817410134002e-28
0.0,821,-3418.93701171875,-1.02289786576238e-28
0.0,822,-3422.89916992188,-1.00778376941194e-28
0.0,823,-3426.79638671875,-9.92954951434508e-29
0.0,824,-3430.62939453125,-9.78226341999496e-29
0.0,825,-3434.39916992188,-9.63672089409762e-29
0.0,826,-3438.10717773438,-9.49410638356885e-29
0.0,827,-3441.75415039062,-9.35260710684851e-29
0.0,828,-3445.34106445312,-9.21289051903293e-29
0.0,829,-3448.86889648438,-9.07500958319561e-29
0.0,830,-3452.33862304688,-8.93888906769807e-29
0.0,831,-3455.75146484375,-8.80530235378362e-29
0.0,832,-3459.10815429688,-8.67296147580194e-29
0.0,833,-3462.40966796875,-8.5425344907025e-29
0.0,834,-3465.65673828125,-8.41337199898217e-29
0.0,835,-3468.85034179688,-8.28616853912715e-29
0.0,836,-3471.99145507812,-8.16097406494536e-29
0.0,837,-3475.0810546875,-8.03770792812039e-29
0.0,838,-3478.11962890625,-7.91526994117151e-29
0.0,839,-3481.10815429688,-7.79479881017834e-29
0.0,840,-3484.04760742188,-7.67644560027088e-29
0.0,841,-3486.93872070312,-7.55947304139231e-29
0.0,842,-3489.78247070312,-7.44463164436782e-29
0.0,843,-3492.5791015625,-7.32997381254116e-29
0.0,844,-3495.32983398438,-7.21808330130333e-29
0.0,845,-3498.03540039062,-7.10772029325265e-29
0.0,846,-3500.69653320312,-6.99884747349644e-29
0.0,847,-3503.31372070312,-6.89090090567286e-29
0.0,848,-3505.88793945312,-6.78513184239265e-29
0.0,849,-3508.41967773438,-6.6802908366044e-29
0.0,850,-3510.90991210938,-6.57765742801489e-29
0.0,851,-3513.35913085938,-6.4760044381377e-29
0.0,852,-3515.76806640625,-6.37595237752679e-29
0.0,853,-3518.13720703125,-6.27685184667902e-29
0.0,854,-3520.46752929688,-6.18003895949332e-29
0.0,855,-3522.75952148438,-6.08422875958491e-29
0.0,856,-3525.01391601562,-5.99009532243434e-29
0.0,857,-3527.23095703125,-5.89629290449296e-29
0.0,858,-3529.41162109375,-5.80482688031537e-29
0.0,859,-3531.55639648438,-5.71443095096312e-29
0.0,860,-3533.666015625,-5.62570095101277e-29
0.0,861,-3535.74096679688,-5.53803442550359e-29
0.0,862,-3537.78149414062,-5.45077114157651e-29
0.0,863,-3539.78857421875,-5.36592309417031e-29
0.0,864,-3541.7626953125,-5.28216500274202e-29
0.0,865,-3543.70434570312,-5.19945052460234e-29
0.0,866,-3545.61401367188,-5.11784104876826e-29
0.0,867,-3547.49243164062,-5.03804194708189e-29
0.0,868,-3549.33984375,-4.95866624905674e-29
0.0,869,-3551.15673828125,-4.88044490529201e-29
0.0,870,-3552.94384765625,-4.80397585685011e-29
0.0,871,-3554.70141601562,-4.72800363814856e-29
0.0,872,-3556.43017578125,-4.65382554356082e-29
0.0,873,-3558.13061523438,-4.58080330786627e-29
0.0,874,-3559.80297851562,-4.50826887411545e-29
0.0,875,-3561.44775390625,-4.43690113261375e-29
0.0,876,-3563.06567382812,-4.36738168200556e-29
0.0,877,-3564.65673828125,-4.29771838850464e-29
0.0,878,-3566.2216796875,-4.22986065432659e-29
0.0,879,-3567.76098632812,-4.1632201680587e-29
0.0,880,-3569.27490234375,-4.09707199763284e-29
0.0,881,-3570.76391601562,-4.03217778815671e-29
0.0,882,-3572.228515625,-3.96843522460202e-29
0.0,883,-3573.6689453125,-3.90525208351085e-29
0.0,884,-3575.08569335938,-3.84325609767448e-29
0.0,885,-3576.47900390625,-3.78185534456153e-29
0.0,886,-3577.849609375,-3.72232966480539e-29
0.0,887,-3579.19750976562,-3.66267368385144e-29
0.0,888,-3580.52319335938,-3.60424909435568e-29
0.0,889,-3581.8271484375,-3.54708749360627e-29
0.0,890,-3583.10986328125,-3.49111184440542e-29
0.0,891,-3584.37109375,-3.4344193881534e-29
0.0,892,-3585.61181640625,-3.38030797895341e-29
0.0,893,-3586.83203125,-3.32605784261211e-29
0.0,894,-3588.0322265625,-3.27311613492678e-29
0.0,895,-3589.21264648438,-3.2207227154225e-29
0.0,896,-3590.37377929688,-3.16958987725213e-29
0.0,897,-3591.515625,-3.11838301114951e-29
0.0,898,-3592.638671875,-3.06846982830173e-29
0.0,899,-3593.74340820312,-3.01979887026809e-29
0.0,900,-3594.82983398438,-2.97103402314965e-29
0.0,901,-3595.8984375,-2.92359866954594e-29
0.0,902,-3596.94946289062,-2.87670257632667e-29
0.0,903,-3597.98315429688,-2.83045768816984e-29
0.0,904,-3599.0,-2.78549595083846e-29
1.0,2,-3600.0,-0.000182690811925568
1.0,3,-4100.0,-0.000266523798927665
1.0,6,-2500.0,-5.07551230839454e-05
1.0,35,-3601.0,-0.000219135152292438
1.0,36,-3602.03662109375,-0.000203772186068818
1.0,37,-3603.11108398438,-0.000210569967748597
1.0,38,-3604.22485351562,-0.00020779027545359
1.0,39,-3605.37939453125,-0.000209210062166676
1.0,40,-3606.57592773438,-0.000208772646146826
1.0,41,-3607.81640625,-0.000209177727811038
1.0,42,-3609.10229492188,-0.000209207442821935
1.0,43,-3610.43505859375,-0.000209417063160799
1.0,44,-3611.81665039062,-0.000209552061278373
1.0,45,-3613.24877929688,-0.000209731428185478
1.0,46,-3614.7333984375,-0.000209897785680369
1.0,47,-3616.27221679688,-0.000210080877877772
1.0,48,-3617.8671875,-0.000210265337955207
1.0,49,-3619.5205078125,-0.000210458092624322
1.0,50,-3621.234375,-0.000210658850846812
1.0,51,-3623.0107421875,-0.000210865866392851
1.0,52,-3624.85229492188,-0.000211081263842061
1.0,53,-3626.76098632812,-0.000211303748073988
1.0,54,-3628.73974609375,-0.000211534337722696
1.0,55,-3630.79052734375,-0.000211774255149066
1.0,56,-3632.91650390625,-0.000212021826882847
1.0,57,-3635.1201171875,-0.000212280341656879
1.0,58,-3637.40454101562,-0.000212546088732779
1.0,59,-3639.77221679688,-0.00021282299712766
1.0,60,-3642.2265625,-0.000213110353797674
1.0,61,-3644.77075195312,-0.000213406616239808
1.0,62,-3647.40795898438,-0.000213714927667752
1.0,63,-3650.1416015625,-0.000214034545933828
1.0,64,-3652.97509765625,-0.000214365121792071
1.0,65,-3655.91235351562,-0.000214707135455683
1.0,66,-3658.95678710938,-0.000215063351788558
1.0,67,-3662.11279296875,-0.000215432562981732
1.0,68,-3665.38403320312,-0.000215814186958596
1.0,69,-3668.77514648438,-0.000216210260987282
1.0,70,-3672.2900390625,-0.00021662053768523
1.0,71,-3675.93359375,-0.000217045468161814
1.0,72,-3679.71020507812,-0.000217486347537488
1.0,73,-3683.625,-0.000217944179894403
1.0,74,-3687.68310546875,-0.00021841780107934
1.0,75,-3691.88940429688,-0.000218909248360433
1.0,76,-3696.24951171875,-0.00021941760496702
1.0,77,-3700.76928710938,-0.000219945941353217
1.0,78,-3705.4541015625,-0.000220493457163684
1.0,79,-3710.31030273438,-0.000221059875912033
1.0,80,-3715.34423828125,-0.000221648093429394
1.0,81,-3720.56201171875,-0.000222257483983412
1.0,82,-3725.970703125,-0.000222888338612393
1.0,83,-3731.5771484375,-0.000223542563617229
1.0,84,-3737.388671875,-0.000224222108954564
1.0,85,-3743.41259765625,-0.000224925126531161
1.0,86,-3749.65698242188,-0.000225654439418577
1.0,87,-3756.12939453125,-0.000226410425966606
1.0,88,-3762.8388671875,-0.00022719259141013
1.0,89,-3769.79345703125,-0.000228005272219889
1.0,90,-3777.00244140625,-0.000228847027756274
1.0,91,-3784.47509765625,-0.000229718745686114
1.0,92,-3792.220703125,-0.000230624122195877
1.0,93,-3800.25,-0.000231560654356144
1.0,94,-3808.57250976562,-0.000232533246162347
1.0,95,-3817.19970703125,-0.000233538463362493
1.0,96,-3826.14208984375,-0.000234585022553802
1.0,97,-3835.41162109375,-0.000235664469073527
1.0,98,-3845.02001953125,-0.000236792198847979
1.0,99,-3854.97998046875,-0.000237942571402527
1.0,100,-3864.58837890625,-0.000239070679526776
1.0,101,-3873.85791015625,-0.000240149049204774
1.0,102,-3882.80029296875,-0.000241195288253948
1.0,103,-3891.42749023438,-0.00024220188788604
1.0,104,-3899.75,-0.000243173373746686
1.0,105,-3907.779296875,-0.000244110502535477
1.0,106,-3915.52490234375,-0.000245014962274581
1.0,107,-3922.99755859375,-0.000245887436904013
1.0,108,-3930.20654296875,-0.000246727577177808
1.0,109,-3937.1611328125,-0.00024754018522799
1.0,110,-3943.87060546875,-0.000248323252890259
1.0,111,-3950.34301757812,-0.000249078526394442
1.0,112,-3956.58740234375,-0.000249807635555044
1.0,113,-3962.611328125,-0.00025051087141037
1.0,114,-3968.4228515625,-0.000251189077971503
1.0,115,-3974.029296875,-0.000251842982834205
1.0,116,-3979.43798828125,-0.000252474856097251
1.0,117,-3984.65576171875,-0.000253083417192101
1.0,118,-3989.68969726562,-0.000253671518294141
1.0,119,-3994.5458984375,-0.000254238024353981
1.0,120,-3999.23071289062,-0.000254784332355484
1.0,121,-4003.75048828125,-0.000255312159424648
1.0,122,-4008.11059570312,-0.000255821854807436
1.0,123,-4012.31689453125,-0.000256311905104667
1.0,124,-4016.375,-0.000256786413956434
1.0,125,-4020.28979492188,-0.000257242529187351
1.0,126,-4024.06640625,-0.000257683335803449
1.0,127,-4027.7099609375,-0.000258109124843031
1.0,128,-4031.22485351562,-0.000258518732152879
1.0,129,-4034.61596679688,-0.000258914602454752
1.0,130,-4037.88720703125,-0.000259296444710344
1.0,131,-4041.04321289062,-0.000259664375334978
1.0,132,-4044.08764648438,-0.000260020256973803
1.0,133,-4047.02490234375,-0.000260363391134888
1.0,134,-4049.8583984375,-0.00026069299201481
1.0,135,-4052.59204101562,-0.000261012959526852
1.0,136,-4055.22924804688,-0.00026132061611861
1.0,137,-4057.7734375,-0.000261617300566286
1.0,138,-4060.22778320312,-0.000261903449427336
1.0,139,-4062.59545898438,-0.000262179790297523
1.0,140,-4064.8798828125,-0.000262447312707081
1.0,141,-4067.08349609375,-0.000262703601038083
1.0,142,-4069.20947265625,-0.00026295188581571
1.0,143,-4071.26025390625,-0.000263191555859521
1.0,144,-4073.23901367188,-0.000263421447016299
1.0,145,-4075.14770507812,-0.000263645255472511
1.0,146,-4076.9892578125,-0.000263859896222129
1.0,147,-4078.765625,-0.00026406705728732
1.0,148,-4080.4794921875,-0.000264267961028963
1.0,149,-4082.1328125,-0.0002644601627253
1.0,150,-4083.72778320312,-0.000264646136201918
1.0,151,-4085.2666015625,-0.000264826463535428
1.0,152,-4086.75122070312,-0.000264999456703663
1.0,153,-4088.18334960938,-0.000265165959717706
1.0,154,-4089.56494140625,-0.00026532745687291
1.0,155,-4090.89770507812,-0.000265483366092667
1.0,156,-4092.18359375,-0.00026563327992335
1.0,157,-4093.42407226562,-0.000265778216999024
1.0,158,-4094.62060546875,-0.000265917595243081
1.0,159,-4095.77514648438,-0.000266051036305726
1.0,160,-4096.88916015625,-0.00026618447736837
1.0,161,-4097.96337890625,-0.000266303453827277
1.0,162,-4099.0,-0.000266438233666122
1.0,626,-2501.0,-5.0827886298066e-05
1.0,627,-2502.01684570312,-5.09440396854188e-05
1.0,628,-2503.05053710938,-5.10431636939757e-05
1.0,629,-2504.1015625,-5.11520775035024e-05
1.0,630,-2505.17016601562,-5.1260314648971e-05
1.0,631,-2506.25659179688,-5.1370108849369e-05
1.0,632,-2507.361328125,-5.14821185788605e-05
1.0,633,-2508.484375,-5.15964748046827e-05
1.0,634,-2509.62622070312,-5.17123589816038e-05
1.0,635,-2510.78735351562,-5.18302513228264e-05
1.0,636,-2511.9677734375,-5.19499990332406e-05
1.0,637,-2513.16796875,-5.20717549079563e-05
1.0,638,-2514.38818359375,-5.21955080330372e-05
1.0,639,-2515.62890625,-5.23214512213599e-05
1.0,640,-2516.89013671875,-5.24493407283444e-05
1.0,641,-2518.1728515625,-5.25799478054978e-05
1.0,642,-2519.47680664062,-5.27118463651277e-05
1.0,643,-2520.80249023438,-5.28463278897107e-05
1.0,644,-2522.150390625,-5.29835961060598e-05
1.0,645,-2523.52099609375,-5.312220309861e-05
1.0,646,-2524.91430664062,-5.32641752215568e-05
1.0,647,-2526.3310546875,-5.34078244527336e-05
1.0,648,-2527.771484375,-5.35539766133297e-05
1.0,649,-2529.23608398438,-5.37025662197266e-05
1.0,650,-2530.72509765625,-5.38532294740435e-05
1.0,651,-2532.23901367188,-5.40072724106722e-05
1.0,652,-2533.7783203125,-5.41639092261903e-05
1.0,653,-2535.34326171875,-5.43223577551544e-05
1.0,654,-2536.93432617188,-5.44838585483376e-05
1.0,655,-2538.55224609375,-5.46482988283969e-05
1.0,656,-2540.19702148438,-5.48151037946809e-05
1.0,657,-2541.86938476562,-5.4984320740914e-05
1.0,658,-2543.56982421875,-5.51568045921158e-05
1.0,659,-2545.29858398438,-5.53325953660533e-05
1.0,660,-2547.05615234375,-5.55110200366471e-05
1.0,661,-2548.84326171875,-5.56923259864561e-05
1.0,662,-2550.66015625,-5.58770043426193e-05
1.0,663,-2552.50756835938,-5.6063992815325e-05
1.0,664,-2554.38598632812,-5.62540590181015e-05
1.0,665,-2556.29565429688,-5.64485890208744e-05
1.0,666,-2558.2373046875,-5.66455200896598e-05
1.0,667,-2560.21142578125,-5.68454233871307e-05
1.0,668,-2562.21850585938,-5.70493903069291e-05
1.0,669,-2564.25903320312,-5.72563585592434e-05
1.0,670,-2566.333984375,-5.74665391468443e-05
1.0,671,-2568.44360351562,-5.7681023463374e-05
1.0,672,-2570.58837890625,-5.78991202928592e-05
1.0,673,-2572.76904296875,-5.81200365559198e-05
1.0,674,-2574.98608398438,-5.83450892008841e-05
1.0,675,-2577.24047851562,-5.85742091061547e-05
1.0,676,-2579.53247070312,-5.88067669013981e-05
1.0,677,-2581.86279296875,-5.90430390730035e-05
1.0,678,-2584.23193359375,-5.92834076087456e-05
1.0,679,-2586.64086914062,-5.95272285863757e-05
1.0,680,-2589.09008789062,-5.97762591496576e-05
1.0,681,-2591.58032226562,-6.00292223680299e-05
1.0,682,-2594.11206054688,-6.02861364313867e-05
1.0,683,-2596.68627929688,-6.05470268055797e-05
1.0,684,-2599.30346679688,-6.08123664278537e-05
1.0,685,-2601.96459960938,-6.10833885730244e-05
1.0,686,-2604.67016601562,-6.13571974099614e-05
1.0,687,-2607.4208984375,-6.16365505266003e-05
1.0,688,-2610.21752929688,-6.19200291112065e-05
1.0,689,-2613.06127929688,-6.22089355601929e-05
1.0,690,-2615.95239257812,-6.25022585154511e-05
1.0,691,-2618.89184570312,-6.27998961135745e-05
1.0,692,-2621.88037109375,-6.31037109997123e-05
1.0,693,-2624.9189453125,-6.3411753217224e-05
1.0,694,-2628.00854492188,-6.37258126516826e-05
1.0,695,-2631.14965820312,-6.40442376607098e-05
1.0,696,-2634.34326171875,-6.43679813947529e-05
1.0,697,-2637.59033203125,-6.46971384412609e-05
1.0,698,-2640.89184570312,-6.50330475764349e-05
1.0,699,-2644.24853515625,-6.53731840429828e-05
1.0,700,-2647.66137695312,-6.57193377264775e-05
1.0,701,-2651.13110351562,-6.60722434986383e-05
1.0,702,-2654.65893554688,-6.64290710119531e-05
1.0,703,-2658.24584960938,-6.67931453790516e-05
1.0,704,-2661.89282226562,-6.71637171762995e-05
1.0,705,-2665.60083007812,-6.75400151521899e-05
1.0,706,-2669.37060546875,-6.79218574077822e-05
1.0,707,-2673.20361328125,-6.83111938997172e-05
1.0,708,-2677.10083007812,-6.87062711222097e-05
1.0,709,-2681.06298828125,-6.91083550918847e-05
1.0,710,-2685.09155273438,-6.95170238032006e-05
1.0,711,-2689.1875,-6.99328593327664e-05
1.0,712,-2693.35205078125,-7.03558616805822e-05
1.0,713,-2697.58618164062,-7.07845538272522e-05
1.0,714,-2701.89111328125,-7.12215769453906e-05
1.0,715,-2706.26806640625,-7.16665599611588e-05
1.0,716,-2710.71826171875,-7.2116956289392e-05
1.0,717,-2715.24267578125,-7.25765494280495e-05
1.0,718,-2719.84301757812,-7.30434912838973e-05
1.0,719,-2724.52026367188,-7.35175854060799e-05
1.0,720,-2729.27563476562,-7.40004179533571e-05
1.0,721,-2734.11059570312,-7.44911376386881e-05
1.0,722,-2739.02661132812,-7.49895261833444e-05
1.0,723,-2744.02465820312,-7.54962675273418e-05
1.0,724,-2749.1064453125,-7.60127368266694e-05
1.0,725,-2754.27294921875,-7.65360746299848e-05
1.0,726,-2759.52612304688,-7.70692204241641e-05
1.0,727,-2764.8671875,-7.76111191953532e-05
1.0,728,-2770.29736328125,-7.81623675720766e-05
1.0,729,-2775.81860351562,-7.87220342317596e-05
1.0,730,-2781.43212890625,-7.92911669122986e-05
1.0,731,-2787.13940429688,-7.98711625975557e-05
1.0,732,-2792.9423828125,-8.04589290055446e-05
1.0,733,-2798.84228515625,-8.10580822871998e-05
1.0,734,-2804.8408203125,-8.16662432043813e-05
1.0,735,-2810.93969726562,-8.22848014649935e-05
1.0,736,-2817.14086914062,-8.29143318696879e-05
1.0,737,-2823.4453125,-8.3553371950984e-05
1.0,738,-2829.85546875,-8.42042863951065e-05
1.0,739,-2836.37280273438,-8.4864477685187e-05
1.0,740,-2842.99926757812,-8.55372854857706e-05
1.0,741,-2849.73657226562,-8.6220730736386e-05
1.0,742,-2856.58642578125,-8.69156356202438e-05
1.0,743,-2863.55078125,-8.76218182384036e-05
1.0,744,-2870.6318359375,-8.83403481566347e-05
1.0,745,-2877.8310546875,-8.90704832272604e-05
1.0,746,-2885.15087890625,-8.98126236279495e-05
1.0,747,-2892.59326171875,-9.05681954463944e-05
1.0,748,-2900.15991210938,-9.13350886548869e-05
1.0,749,-2907.85327148438,-9.21165410545655e-05
1.0,750,-2915.67529296875,-9.29088710108772e-05
1.0,751,-2923.6279296875,-9.3715476396028e-05
1.0,752,-2931.7138671875,-9.45356514421292e-05
1.0,753,-2939.93505859375,-9.53693452174775e-05
1.0,754,-2948.29345703125,-9.62174308369868e-05
1.0,755,-2956.7919921875,-9.70795808825642e-05
1.0,756,-2965.4326171875,-9.79558826657012e-05
1.0,757,-2974.21752929688,-9.88465180853382e-05
1.0,758,-2983.14965820312,-9.97527749859728e-05
1.0,759,-2992.23095703125,-0.000100673452834599
1.0,760,-3001.46435546875,-0.00010161021782551
1.0,761,-3010.85229492188,-0.000102562429674435
1.0,762,-3020.39697265625,-0.000103530102933291
1.0,763,-3030.10131835938,-0.000104514067061245
1.0,764,-3039.96826171875,-0.000105516264738981
1.0,765,-3050.0,-0.000106531668279786
1.0,766,-3060.03173828125,-0.000107548003143165
1.0,767,-3069.89868164062,-0.000108548927528318
1.0,768,-3079.60302734375,-0.000109532986243721
1.0,769,-3089.14770507812,-0.000110501459857915
1.0,770,-3098.53564453125,-0.000111453075078316
1.0,771,-3107.76904296875,-0.000112389949208591
1.0,772,-3116.85034179688,-0.000113310401502531
1.0,773,-3125.78247070312,-0.000114216425572522
1.0,774,-3134.5673828125,-0.000115107082820032
1.0,775,-3143.2080078125,-0.000115982773422729
1.0,776,-3151.70654296875,-0.000116845440061297
1.0,777,-3160.06494140625,-0.000117692005005665
1.0,778,-3168.2861328125,-0.000118525967991445
1.0,779,-3176.3720703125,-0.000119345939310733
1.0,780,-3184.32470703125,-0.00012015164247714
1.0,781,-3192.14672851562,-0.000120945071103051
1.0,782,-3199.84008789062,-0.000121725403005257
1.0,783,-3207.40673828125,-0.000122492492664605
1.0,784,-3214.84912109375,-0.000123247431474738
1.0,785,-3222.1689453125,-0.000123989448184147
1.0,786,-3229.3681640625,-0.000124719110317528
1.0,787,-3236.44921875,-0.0001254373928532
1.0,788,-3243.41357421875,-0.000126143160741776
1.0,789,-3250.26342773438,-0.000126837752759457
1.0,790,-3257.00073242188,-0.000127520805108361
1.0,791,-3263.62719726562,-0.000128193263662979
1.0,792,-3270.14453125,-0.000128853062051348
1.0,793,-3276.5546875,-0.000129503605421633
1.0,794,-3282.85913085938,-0.000130142259877175
1.0,795,-3289.06030273438,-0.000130771411932074
1.0,796,-3295.1591796875,-0.000131389577290975
1.0,797,-3301.15771484375,-0.000131997338030487
1.0,798,-3307.0576171875,-0.000132596091134474
1.0,799,-3312.86059570312,-0.000133183464640751
1.0,800,-3318.56787109375,-0.000133763052872382
1.0,801,-3324.18139648438,-0.000134331785375252
1.0,802,-3329.70263671875,-0.000134891059133224
1.0,803,-3335.1328125,-0.000135441892780364
1.0,804,-3340.47387695312,-0.000135983384097926
1.0,805,-3345.72705078125,-0.000136516115162522
1.0,806,-3350.8935546875,-0.000137039067340083
1.0,807,-3355.97534179688,-0.000137555092805997
1.0,808,-3360.97338867188,-0.000138061470352113
1.0,809,-3365.88940429688,-0.000138559378683567
1.0,810,-3370.72436523438,-0.000139049836434424
1.0,811,-3375.47973632812,-0.000139531999593601
1.0,812,-3380.15698242188,-0.000140006144647487
1.0,813,-3384.75732421875,-0.00014047187869437
1.0,814,-3389.28173828125,-0.000140930758789182
1.0,815,-3393.73193359375,-0.000141382246511057
1.0,816,-3398.10888671875,-0.000141825381433591
1.0,817,-3402.41381835938,-0.000142262200824916
1.0,818,-3406.64794921875,-0.000142691467772238
1.0,819,-3410.8125,-0.000143113327794708
1.0,820,-3414.90844726562,-0.000143529570777901
1.0,821,-3418.93701171875,-0.000143936718814075
1.0,822,-3422.89916992188,-0.000144338511745445
1.0,823,-3426.79638671875,-0.000144734076457098
1.0,824,-3430.62939453125,-0.000145122641697526
1.0,825,-3434.39916992188,-0.000145504149259068
1.0,826,-3438.10717773438,-0.000145880330819637
1.0,827,-3441.75415039062,-0.000146249833051115
1.0,828,-3445.34106445312,-0.000146613179822452
1.0,829,-3448.86889648438,-0.00014697115693707
1.0,830,-3452.33862304688,-0.000147322192788124
1.0,831,-3455.75146484375,-0.000147668280988
1.0,832,-3459.10815429688,-0.000148008854012005
1.0,833,-3462.40966796875,-0.000148343970067799
1.0,834,-3465.65673828125,-0.000148673003423028
1.0,835,-3468.85034179688,-0.000148996274219826
1.0,836,-3471.99145507812,-0.000149314422742464
1.0,837,-3475.0810546875,-0.000149628089275211
1.0,838,-3478.11962890625,-0.00014993580407463
1.0,839,-3481.10815429688,-0.000150239284266718
1.0,840,-3484.04760742188,-0.000150536565342918
1.0,841,-3486.93872070312,-0.000150829597259872
1.0,842,-3489.78247070312,-0.000151118088979274
1.0,843,-3492.5791015625,-0.000151401400216855
1.0,844,-3495.32983398438,-0.000151680142153054
1.0,845,-3498.03540039062,-0.00015195416926872
1.0,846,-3500.69653320312,-0.000152223874465562
1.0,847,-3503.31372070312,-0.000152489010361023
1.0,848,-3505.88793945312,-0.000152750289998949
1.0,849,-3508.41967773438,-0.000153006869368255
1.0,850,-3510.90991210938,-0.00015325887943618
1.0,851,-3513.35913085938,-0.000153507455252111
1.0,852,-3515.76806640625,-0.000153752014739439
1.0,853,-3518.13720703125,-0.000153991539264098
1.0,854,-3520.46752929688,-0.000154227818711661
1.0,855,-3522.75952148438,-0.000154459907207638
1.0,856,-3525.01391601562,-0.000154688881593756
1.0,857,-3527.23095703125,-0.000154913504957221
1.0,858,-3529.41162109375,-0.000155134388478473
1.0,859,-3531.55639648438,-0.000155351764988154
1.0,860,-3533.666015625,-0.000155565037857741
1.0,861,-3535.74096679688,-0.000155775909661315
1.0,862,-3537.78149414062,-0.000155983012518845
1.0,863,-3539.78857421875,-0.00015618659381289
1.0,864,-3541.7626953125,-0.000156386129674502
1.0,865,-3543.70434570312,-0.000156583206262439
1.0,866,-3545.61401367188,-0.00015677661576774
1.0,867,-3547.49243164062,-0.000156966401846148
1.0,868,-3549.33984375,-0.000157154077896848
1.0,869,-3551.15673828125,-0.000157338043209165
1.0,870,-3552.94384765625,-0.000157519345520996
1.0,871,-3554.70141601562,-0.000157697417307645
1.0,872,-3556.43017578125,-0.000157873044372536
1.0,873,-3558.13061523438,-0.000158045266289264
1.0,874,-3559.80297851562,-0.000158214272232726
1.0,875,-3561.44775390625,-0.000158380848006345
1.0,876,-3563.06567382812,-0.000158545080921613
1.0,877,-3564.65673828125,-0.000158706359798089
1.0,878,-3566.2216796875,-0.000158864597324282
1.0,879,-3567.76098632812,-0.000159021015861072
1.0,880,-3569.27490234375,-0.000159174844156951
1.0,881,-3570.76391601562,-0.000159325296408497
1.0,882,-3572.228515625,-0.00015947368228808
1.0,883,-3573.6689453125,-0.00015961957979016
1.0,884,-3575.08569335938,-0.000159763105330057
1.0,885,-3576.47900390625,-0.000159904666361399
1.0,886,-3577.849609375,-0.000160043447976932
1.0,887,-3579.19750976562,-0.000160179624799639
1.0,888,-3580.52319335938,-0.000160313793458045
1.0,889,-3581.8271484375,-0.00016044637595769
1.0,890,-3583.10986328125,-0.000160576091730036
1.0,891,-3584.37109375,-0.000160704163135961
1.0,892,-3585.61181640625,-0.000160828902153298
1.0,893,-3586.83203125,-0.000160953859449364
1.0,894,-3588.0322265625,-0.000161071569891647
1.0,895,-3589.21264648438,-0.000161198549903929
1.0,896,-3590.37377929688,-0.000161298565217294
1.0,897,-3591.515625,-0.000161452233442105
1.0,898,-3592.638671875,-0.000161479503731243
1.0,899,-3593.74340820312,-0.000161784046213143
1.0,900,-3594.82983398438,-0.000161453514010645
1.0,901,-3595.8984375,-0.000162572046974674
1.0,902,-3596.94946289062,-0.000160338415298611
1.0,903,-3597.98315429688,-0.000165890218340792
1.0,904,-3599.0,-0.000153303335537203
0.0,2,-3600.0,-0.000182690811925568
0.0,3,-4100.0,-0.000266523798927665
0.0,6,-2500.0,-5.07551230839454e-05
0.0,35,-3601.0,-0.000219135152292438
0.0,36,-3602.03662109375,-0.000203772186068818
0.0,37,-3603.11108398438,-0.000210569967748597
0.0,38,-3604.22485351562,-0.00020779027545359
0.0,39,-3605.37939453125,-0.000209210062166676
0.0,40,-3606.57592773438,-0.000208772646146826
0.0,41,-3607.81640625,-0.000209177727811038
0.0,42,-3609.10229492188,-0.000209207442821935
0.0,43,-3610.43505859375,-0.000209417063160799
0.0,44,-3611.81665039062,-0.000209552061278373
0.0,45,-3613.24877929688,-0.000209731428185478
0.0,46,-3614.7333984375,-0.000209897785680369
0.0,47,-3616.27221679688,-0.000210080877877772
0.0,48,-3617.8671875,-0.000210265337955207
0.0,49,-3619.5205078125,-0.000210458092624322
0.0,50,-3621.234375,-0.000210658850846812
0.0,51,-3623.0107421875,-0.000210865866392851
0.0,52,-3624.85229492188,-0.000211081263842061
0.0,53,-3626.76098632812,-0.000211303748073988
0.0,54,-3628.73974609375,-0.000211534337722696
0.0,55,-3630.79052734375,-0.000211774255149066
0.0,56,-3632.91650390625,-0.000212021826882847
0.0,57,-3635.1201171875,-0.000212280341656879
0.0,58,-3637.40454101562,-0.000212546088732779
0.0,59,-3639.77221679688,-0.00021282299712766
0.0,60,-3642.2265625,-0.000213110353797674
0.0,61,-3644.77075195312,-0.000213406616239808
0.0,62,-3647.40795898438,-0.000213714927667752
0.0,63,-3650.1416015625,-0.000214034545933828
0.0,64,-3652.97509765625,-0.000214365121792071
0.0,65,-3655.91235351562,-0.000214707135455683
0.0,66,-3658.95678710938,-0.000215063351788558
0.0,67,-3662.11279296875,-0.000215432562981732
0.0,68,-3665.38403320312,-0.000215814186958596
0.0,69,-3668.77514648438,-0.000216210260987282
0.0,70,-3672.2900390625,-0.00021662053768523
0.0,71,-3675.93359375,-0.000217045468161814
0.0,72,-3679.71020507812,-0.000217486347537488
0.0,73,-3683.625,-0.000217944179894403
0.0,74,-3687.68310546875,-0.00021841780107934
0.0,75,-3691.88940429688,-0.000218909248360433
0.0,76,-3696.24951171875,-0.00021941760496702
0.0,77,-3700.76928710938,-0.000219945941353217
0.0,78,-3705.4541015625,-0.000220493457163684
0.0,79,-3710.31030273438,-0.000221059875912033
0.0,80,-3715.34423828125,-0.000221648093429394
0.0,81,-3720.56201171875,-0.000222257483983412
0.0,82,-3725.970703125,-0.000222888338612393
0.0,83,-3731.5771484375,-0.000223542563617229
0.0,84,-3737.388671875,-0.000224222108954564
0.0,85,-3743.41259765625,-0.000224925126531161
0.0,86,-3749.65698242188,-0.000225654439418577
0.0,87,-3756.12939453125,-0.000226410425966606
0.0,88,-3762.8388671875,-0.00022719259141013
0.0,89,-3769.79345703125,-0.000228005272219889
0.0,90,-3777.00244140625,-0.000228847027756274
0.0,91,-3784.47509765625,-0.000229718745686114
0.0,92,-3792.220703125,-0.000230624122195877
0.0,93,-3800.25,-0.000231560654356144
0.0,94,-3808.57250976562,-0.000232533246162347
0.0,95,-3817.19970703125,-0.000233538463362493
0.0,96,-3826.14208984375,-0.000234585022553802
0.0,97,-3835.41162109375,-0.000235664469073527
0.0,98,-3845.02001953125,-0.000236792198847979
0.0,99,-3854.97998046875,-0.000237942571402527
0.0,100,-3864.58837890625,-0.000239070679526776
0.0,101,-3873.85791015625,-0.000240149049204774
0.0,102,-3882.80029296875,-0.000241195288253948
0.0,103,-3891.42749023438,-0.00024220188788604
0.0,104,-3899.75,-0.000243173373746686
0.0,105,-3907.779296875,-0.000244110502535477
0.0,106,-3915.52490234375,-0.000245014962274581
0.0,107,-3922.99755859375,-0.000245887436904013
0.0,108,-3930.20654296875,-0.000246727577177808
0.0,109,-3937.1611328125,-0.00024754018522799
0.0,110,-3943.87060546875,-0.000248323252890259
0.0,111,-3950.34301757812,-0.000249078526394442
0.0,112,-3956.58740234375,-0.000249807635555044
0.0,113,-3962.611328125,-0.00025051087141037
0.0,114,-3968.4228515625,-0.000251189077971503
0.0,115,-3974.029296875,-0.000251842982834205
0.0,116,-3979.43798828125,-0.000252474856097251
0.0,117,-3984.65576171875,-0.000253083417192101
0.0,118,-3989.68969726562,-0.000253671518294141
0.0,119,-3994.5458984375,-0.000254238024353981
0.0,120,-3999.23071289062,-0.000254784332355484
0.0,121,-4003.75048828125,-0.000255312159424648
0.0,122,-4008.11059570312,-0.000255821854807436
0.0,123,-4012.31689453125,-0.000256311905104667
0.0,124,-4016.375,-0.000256786413956434
0.0,125,-4020.28979492188,-0.000257242529187351
0.0,126,-4024.06640625,-0.000257683335803449
0.0,127,-4027.7099609375,-0.000258109124843031
0.0,128,-4031.22485351562,-0.000258518732152879
0.0,129,-4034.61596679688,-0.000258914602454752
0.0,130,-4037.88720703125,-0.000259296444710344
0.0,131,-4041.04321289062,-0.000259664375334978
0.0,132,-4044.08764648438,-0.000260020256973803
0.0,133,-4047.02490234375,-0.000260363391134888
0.0,134,-4049.8583984375,-0.00026069299201481
0.0,135,-4052.59204101562,-0.000261012959526852
0.0,136,-4055.22924804688,-0.00026132061611861
0.0,137,-4057.7734375,-0.000261617300566286
0.0,138,-4060.22778320312,-0.000261903449427336
0.0,139,-4062.59545898438,-0.000262179790297523
0.0,140,-4064.8798828125,-0.000262447312707081
0.0,141,-4067.08349609375,-0.000262703601038083
0.0,142,-4069.20947265625,-0.00026295188581571
0.0,143,-4071.26025390625,-0.000263191555859521
0.0,144,-4073.23901367188,-0.000263421447016299
0.0,145,-4075.14770507812,-0.000263645255472511
0.0,146,-4076.9892578125,-0.000263859896222129
0.0,147,-4078.765625,-0.00026406705728732
0.0,148,-4080.4794921875,-0.000264267961028963
0.0,149,-4082.1328125,-0.0002644601627253
0.0,150,-4083.72778320312,-0.000264646136201918
0.0,151,-4085.2666015625,-0.000264826463535428
0.0,152,-4086.75122070312,-0.000264999456703663
0.0,153,-4088.18334960938,-0.000265165959717706
0.0,154,-4089.56494140625,-0.00026532745687291
0.0,155,-4090.89770507812,-0.000265483366092667
0.0,156,-4092.18359375,-0.00026563327992335
0.0,157,-4093.42407226562,-0.000265778216999024
0.0,158,-4094.62060546875,-0.000265917595243081
0.0,159,-4095.77514648438,-0.000266051036305726
0.0,160,-4096.88916015625,-0.00026618447736837
0.0,161,-4097.96337890625,-0.000266303453827277
0.0,162,-4099.0,-0.000266438233666122
0.0,626,-2501.0,-5.0827886298066e-05
0.0,627,-2502.01684570312,-5.09440396854188e-05
0.0,628,-2503.05053710938,-5.10431636939757e-05
0.0,629,-2504.1015625,-5.11520775035024e-05
0.0,630,-2505.17016601562,-5.1260314648971e-05
0.0,631,-2506.25659179688,-5.1370108849369e-05
0.0,632,-2507.361328125,-5.14821185788605e-05
0.0,633,-2508.484375,-5.15964748046827e-05
0.0,634,-2509.62622070312,-5.17123589816038e-05
0.0,635,-2510.78735351562,-5.18302513228264e-05
0.0,636,-2511.9677734375,-5.19499990332406e-05
0.0,637,-2513.16796875,-5.20717549079563e-05
0.0,638,-2514.38818359375,-5.21955080330372e-05
0.0,639,-2515.62890625,-5.23214512213599e-05
0.0,640,-2516.89013671875,-5.24493407283444e-05
0.0,641,-2518.1728515625,-5.25799478054978e-05
0.0,642,-2519.47680664062,-5.27118463651277e-05
0.0,643,-2520.80249023438,-5.28463278897107e-05
0.0,644,-2522.150390625,-5.29835961060598e-05
0.0,645,-2523.52099609375,-5.312220309861e-05
0.0,646,-2524.91430664062,-5.32641752215568e-05
0.0,647,-2526.3310546875,-5.34078244527336e-05
0.0,648,-2527.771484375,-5.35539766133297e-05
0.0,649,-2529.23608398438,-5.37025662197266e-05
0.0,650,-2530.72509765625,-5.38532294740435e-05
0.0,651,-2532.23901367188,-5.40072724106722e-05
0.0,652,-2533.7783203125,-5.41639092261903e-05
0.0,653,-2535.34326171875,-5.43223577551544e-05
0.0,654,-2536.93432617188,-5.44838585483376e-05
0.0,655,-2538.55224609375,-5.46482988283969e-05
0.0,656,-2540.19702148438,-5.48151037946809e-05
0.0,657,-2541.86938476562,-5.4984320740914e-05
0.0,658,-2543.56982421875,-5.51568045921158e-05
0.0,659,-2545.29858398438,-5.53325953660533e-05
0.0,660,-2547.05615234375,-5.55110200366471e-05
0.0,661,-2548.84326171875,-5.56923259864561e-05
0.0,662,-2550.66015625,-5.58770043426193e-05
0.0,663,-2552.50756835938,-5.6063992815325e-05
0.0,664,-2554.38598632812,-5.62540590181015e-05
0.0,665,-2556.29565429688,-5.64485890208744e-05
0.0,666,-2558.2373046875,-5.66455200896598e-05
0.0,667,-2560.21142578125,-5.68454233871307e-05
0.0,668,-2562.21850585938,-5.70493903069291e-05
0.0,669,-2564.25903320312,-5.72563585592434e-05
0.0,670,-2566.333984375,-5.74665391468443e-05
0.0,671,-2568.44360351562,-5.7681023463374e-05
0.0,672,-2570.58837890625,-5.78991202928592e-05
0.0,673,-2572.76904296875,-5.81200365559198e-05
0.0,674,-2574.98608398438,-5.83450892008841e-05
0.0,675,-2577.24047851562,-5.85742091061547e-05
0.0,676,-2579.53247070312,-5.88067669013981e-05
0.0,677,-2581.86279296875,-5.90430390730035e-05
0.0,678,-2584.23193359375,-5.92834076087456e-05
0.0,679,-2586.64086914062,-5.95272285863757e-05
0.0,680,-2589.09008789062,-5.97762591496576e-05
0.0,681,-2591.58032226562,-6.00292223680299e-05
0.0,682,-2594.11206054688,-6.02861364313867e-05
0.0,683,-2596.68627929688,-6.05470268055797e-05
0.0,684,-2599.30346679688,-6.08123664278537e-05
0.0,685,-2601.96459960938,-6.10833885730244e-05
0.0,686,-2604.67016601562,-6.13571974099614e-05
0.0,687,-2607.4208984375,-6.16365505266003e-05
0.0,688,-2610.21752929688,-6.19200291112065e-05
0.0,689,-2613.06127929688,-6.22089355601929e-05
0.0,690,-2615.95239257812,-6.25022585154511e-05
0.0,691,-2618.89184570312,-6.27998961135745e-05
0.0,692,-2621.88037109375,-6.31037109997123e-05
0.0,693,-2624.9189453125,-6.3411753217224e-05
0.0,694,-2628.00854492188,-6.37258126516826e-05
0.0,695,-2631.14965820312,-6.40442376607098e-05
0.0,696,-2634.34326171875,-6.43679813947529e-05
0.0,697,-2637.59033203125,-6.46971384412609e-05
0.0,698,-2640.89184570312,-6.50330475764349e-05
0.0,699,-2644.24853515625,-6.53731840429828e-05
0.0,700,-2647.66137695312,-6.57193377264775e-05
0.0,701,-2651.13110351562,-6.60722434986383e-05
0.0,702,-2654.65893554688,-6.64290710119531e-05
0.0,703,-2658.24584960938,-6.67931453790516e-05
0.0,704,-2661.89282226562,-6.71637171762995e-05
0.0,705,-2665.60083007812,-6.75400151521899e-05
0.0,706,-2669.37060546875,-6.79218574077822e-05
0.0,707,-2673.20361328125,-6.83111938997172e-05
0.0,708,-2677.10083007812,-6.87062711222097e-05
0.0,709,-2681.06298828125,-6.91083550918847e-05
0.0,710,-2685.09155273438,-6.95170238032006e-05
0.0,711,-2689.1875,-6.99328593327664e-05
0.0,712,-2693.35205078125,-7.03558616805822e-05
0.0,713,-2697.58618164062,-7.07845538272522e-05
0.0,714,-2701.89111328125,-7.12215769453906e-05
0.0,715,-2706.26806640625,-7.16665599611588e-05
0.0,716,-2710.71826171875,-7.2116956289392e-05
0.0,717,-2715.24267578125,-7.25765494280495e-05
0.0,718,-2719.84301757812,-7.30434912838973e-05
0.0,719,-2724.52026367188,-7.35175854060799e-05
0.0,720,-2729.27563476562,-7.40004179533571e-05
0.0,721,-2734.11059570312,-7.44911376386881e-05
0.0,722,-2739.02661132812,-7.49895261833444e-05
0.0,723,-2744.02465820312,-7.54962675273418e-05
0.0,724,-2749.1064453125,-7.60127368266694e-05
0.0,725,-2754.27294921875,-7.65360746299848e-05
0.0,726,-2759.52612304688,-7.70692204241641e-05
0.0,727,-2764.8671875,-7.76111191953532e-05
0.0,728,-2770.29736328125,-7.81623675720766e-05
0.0,729,-2775.81860351562,-7.87220342317596e-05
0.0,730,-2781.43212890625,-7.92911669122986e-05
0.0,731,-2787.13940429688,-7.98711625975557e-05
0.0,732,-2792.9423828125,-8.04589290055446e-05
0.0,733,-2798.84228515625,-8.10580822871998e-05
0.0,734,-2804.8408203125,-8.16662432043813e-05
0.0,735,-2810.93969726562,-8.22848014649935e-05
0.0,736,-2817.14086914062,-8.29143318696879e-05
0.0,737,-2823.4453125,-8.3553371950984e-05
0.0,738,-2829.85546875,-8.42042863951065e-05
0.0,739,-2836.37280273438,-8.4864477685187e-05
0.0,740,-2842.99926757812,-8.55372854857706e-05
0.0,741,-2849.73657226562,-8.6220730736386e-05
0.0,742,-2856.58642578125,-8.69156356202438e-05
0.0,743,-2863.55078125,-8.76218182384036e-05
0.0,744,-2870.6318359375,-8.83403481566347e-05
0.0,745,-2877.8310546875,-8.90704832272604e-05
0.0,746,-2885.15087890625,-8.98126236279495e-05
0.0,747,-2892.59326171875,-9.05681954463944e-05
0.0,748,-2900.15991210938,-9.13350886548869e-05
0.0,749,-2907.85327148438,-9.21165410545655e-05
0.0,750,-2915.67529296875,-9.29088710108772e-05
0.0,751,-2923.6279296875,-9.3715476396028e-05
0.0,752,-2931.7138671875,-9.45356514421292e-05
0.0,753,-2939.93505859375,-9.53693452174775e-05
0.0,754,-2948.29345703125,-9.62174308369868e-05
0.0,755,-2956.7919921875,-9.70795808825642e-05
0.0,756,-2965.4326171875,-9.79558826657012e-05
0.0,757,-2974.21752929688,-9.88465180853382e-05
0.0,758,-2983.14965820312,-9.97527749859728e-05
0.0,759,-2992.23095703125,-0.000100673452834599
0.0,760,-3001.46435546875,-0.00010161021782551
0.0,761,-3010.85229492188,-0.000102562429674435
0.0,762,-3020.39697265625,-0.000103530102933291
0.0,763,-3030.10131835938,-0.000104514067061245
0.0,764,-3039.96826171875,-0.000105516264738981
0.0,765,-3050.0,-0.000106531668279786
0.0,766,-3060.03173828125,-0.000107548003143165
0.0,767,-3069.89868164062,-0.000108548927528318
0.0,768,-3079.60302734375,-0.000109532986243721
0.0,769,-3089.14770507812,-0.000110501459857915
0.0,770,-3098.53564453125,-0.000111453075078316
0.0,771,-3107.76904296875,-0.000112389949208591
0.0,772,-3116.85034179688,-0.000113310401502531
0.0,773,-3125.78247070312,-0.000114216425572522
0.0,774,-3134.5673828125,-0.000115107082820032
0.0,775,-3143.2080078125,-0.000115982773422729
0.0,776,-3151.70654296875,-0.000116845440061297
0.0,777,-3160.06494140625,-0.000117692005005665
0.0,778,-3168.2861328125,-0.000118525967991445
0.0,779,-3176.3720703125,-0.000119345939310733
0.0,780,-3184.32470703125,-0.00012015164247714
0.0,781,-3192.14672851562,-0.000120945071103051
0.0,782,-3199.84008789062,-0.000121725403005257
0.0,783,-3207.40673828125,-0.000122492492664605
0.0,784,-3214.84912109375,-0.000123247431474738
0.0,785,-3222.1689453125,-0.000123989448184147
0.0,786,-3229.3681640625,-0.000124719110317528
0.0,787,-3236.44921875,-0.0001254373928532
0.0,788,-3243.41357421875,-0.000126143160741776
0.0,789,-3250.26342773438,-0.000126837752759457
0.0,790,-3257.00073242188,-0.000127520805108361
0.0,791,-3263.62719726562,-0.000128193263662979
0.0,792,-3270.14453125,-0.000128853062051348
0.0,793,-3276.5546875,-0.000129503605421633
0.0,794,-3282.85913085938,-0.000130142259877175
0.0,795,-3289.06030273438,-0.000130771411932074
0.0,796,-3295.1591796875,-0.000131389577290975
0.0,797,-3301.15771484375,-0.000131997338030487
0.0,798,-3307.0576171875,-0.000132596091134474
0.0,799,-3312.86059570312,-0.000133183464640751
0.0,800,-3318.56787109375,-0.000133763052872382
0.0,801,-3324.18139648438,-0.000134331785375252
0.0,802,-3329.70263671875,-0.000134891059133224
0.0,803,-3335.1328125,-0.000135441892780364
0.0,804,-3340.47387695312,-0.000135983384097926
0.0,805,-3345.72705078125,-0.000136516115162522
0.0,806,-3350.8935546875,-0.000137039067340083
0.0,807,-3355.97534179688,-0.000137555092805997
0.0,808,-3360.97338867188,-0.000138061470352113
0.0,809,-3365.88940429688,-0.000138559378683567
0.0,810,-3370.72436523438,-0.000139049836434424
0.0,811,-3375.47973632812,-0.000139531999593601
0.0,812,-3380.15698242188,-0.000140006144647487
0.0,813,-3384.75732421875,-0.00014047187869437
0.0,814,-3389.28173828125,-0.000140930758789182
0.0,815,-3393.73193359375,-0.000141382246511057
0.0,816,-3398.10888671875,-0.000141825381433591
0.0,817,-3402.41381835938,-0.000142262200824916
0.0,818,-3406.64794921875,-0.000142691467772238
0.0,819,-3410.8125,-0.000143113327794708
0.0,820,-3414.90844726562,-0.000143529570777901
0.0,821,-3418.93701171875,-0.000143936718814075
0.0,822,-3422.89916992188,-0.000144338511745445
0.0,823,-3426.79638671875,-0.000144734076457098
0.0,824,-3430.62939453125,-0.000145122641697526
0.0,825,-3434.39916992188,-0.000145504149259068
0.0,826,-3438.10717773438,-0.000145880330819637
0.0,827,-3441.75415039062,-0.000146249833051115
0.0,828,-3445.34106445312,-0.000146613179822452
0.0,829,-3448.86889648438,-0.00014697115693707
0.0,830,-3452.33862304688,-0.000147322192788124
0.0,831,-3455.75146484375,-0.000147668280988
0.0,832,-3459.10815429688,-0.000148008854012005
0.0,833,-3462.40966796875,-0.000148343970067799
0.0,834,-3465.65673828125,-0.000148673003423028
0.0,835,-3468.85034179688,-0.000148996274219826
0.0,836,-3471.99145507812,-0.000149314422742464
0.0,837,-3475.0810546875,-0.000149628089275211
0.0,838,-3478.11962890625,-0.00014993580407463
0.0,839,-3481.10815429688,-0.000150239284266718
0.0,840,-3484.04760742188,-0.000150536565342918
0.0,841,-3486.93872070312,-0.000150829597259872
0.0,842,-3489.78247070312,-0.000151118088979274
0.0,843,-3492.5791015625,-0.000151401400216855
0.0,844,-3495.32983398438,-0.000151680142153054
0.0,845,-3498.03540039062,-0.00015195416926872
0.0,846,-3500.69653320312,-0.000152223874465562
0.0,847,-3503.31372070312,-0.000152489010361023
0.0,848,-3505.88793945312,-0.000152750289998949
0.0,849,-3508.41967773438,-0.000153006869368255
0.0,850,-3510.90991210938,-0.00015325887943618
0.0,851,-3513.35913085938,-0.000153507455252111
0.0,852,-3515.76806640625,-0.000153752014739439
0.0,853,-3518.13720703125,-0.000153991539264098
0.0,854,-3520.46752929688,-0.000154227818711661
0.0,855,-3522.75952148438,-0.000154459907207638
0.0,856,-3525.01391601562,-0.000154688881593756
0.0,857,-3527.23095703125,-0.000154913504957221
0.0,858,-3529.41162109375,-0.000155134388478473
0.0,859,-3531.55639648438,-0.000155351764988154
0.0,860,-3533.666015625,-0.000155565037857741
0.0,861,-3535.74096679688,-0.000155775909661315
0.0,862,-3537.78149414062,-0.000155983012518845
0.0,863,-3539.78857421875,-0.00015618659381289
0.0,864,-3541.7626953125,-0.000156386129674502
0.0,865,-3543.70434570312,-0.000156583206262439
0.0,866,-3545.61401367188,-0.00015677661576774
0.0,867,-3547.49243164062,-0.000156966401846148
0.0,868,-3549.33984375,-0.000157154077896848
0.0,869,-3551.15673828125,-0.000157338043209165
0.0,870,-3552.94384765625,-0.000157519345520996
0.0,871,-3554.70141601562,-0.000157697417307645
0.0,872,-3556.43017578125,-0.000157873044372536
0.0,873,-3558.13061523438,-0.000158045266289264
0.0,874,-3559.80297851562,-0.000158214272232726
0.0,875,-3561.44775390625,-0.000158380848006345
0.0,876,-3563.06567382812,-0.000158545080921613
0.0,877,-3564.65673828125,-0.000158706359798089
0.0,878,-3566.2216796875,-0.000158864597324282
0.0,879,-3567.76098632812,-0.000159021015861072
0.0,880,-3569.27490234375,-0.000159174844156951
0.0,881,-3570.76391601562,-0.000159325296408497
0.0,882,-3572.228515625,-0.00015947368228808
0.0,883,-3573.6689453125,-0.00015961957979016
0.0,884,-3575.08569335938,-0.000159763105330057
0.0,885,-3576.47900390625,-0.000159904666361399
0.0,886,-3577.849609375,-0.000160043447976932
0.0,887,-3579.19750976562,-0.000160179624799639
0.0,888,-3580.52319335938,-0.000160313793458045
0.0,889,-3581.8271484375,-0.00016044637595769
0.0,890,-3583.10986328125,-0.000160576091730036
0.0,891,-3584.37109375,-0.000160704163135961
0.0,892,-3585.61181640625,-0.000160828902153298
0.0,893,-3586.83203125,-0.000160953859449364
0.0,894,-3588.0322265625,-0.000161071569891647
0.0,895,-3589.21264648438,-0.000161198549903929
0.0,896,-3590.37377929688,-0.000161298565217294
0.0,897,-3591.515625,-0.000161452233442105
0.0,898,-3592.638671875,-0.000161479503731243
0.0,899,-3593.74340820312,-0.000161784046213143
0.0,900,-3594.82983398438,-0.000161453514010645
0.0,901,-3595.8984375,-0.000162572046974674
0.0,902,-3596.94946289062,-0.000160338415298611
0.0,903,-3597.98315429688,-0.000165890218340792
0.0,904,-3599.0,-0.000153303335537203
1.0,2,-3600.0,-0.000182691073860042
1.0,3,-4100.0,-0.000266657356405631
1.0,6,-2500.0,-5.07551339978818e-05
1.0,35,-3601.0,-0.000219156718230806
1.0,36,-3602.03662109375,-0.000203772549866699
1.0,37,-3603.11108398438,-0.000210585625609383
1.0,38,-3604.22485351562,-0.000207796751055866
1.0,39,-3605.37939453125,-0.000209221863769926
1.0,40,-3606.57592773438,-0.000208781682886183
1.0,41,-3607.81640625,-0.00020918836526107
1.0,42,-3609.10229492188,-0.000209217352676205
1.0,43,-3610.43505859375,-0.000209427482332103
1.0,44,-3611.81665039062,-0.000209562334930524
1.0,45,-3613.24877929688,-0.000209741905564442
1.0,46,-3614.7333984375,-0.000209908306715079
1.0,47,-3616.27221679688,-0.000210091515327804
1.0,48,-3617.8671875,-0.00021027606271673
1.0,49,-3619.5205078125,-0.000210468933801167
1.0,50,-3621.234375,-0.000210669793887064
1.0,51,-3623.0107421875,-0.000210876911296509
1.0,52,-3624.85229492188,-0.000211092425161041
1.0,53,-3626.76098632812,-0.000211315040360205
1.0,54,-3628.73974609375,-0.000211545760976151
1.0,55,-3630.79052734375,-0.000211785809369758
1.0,56,-3632.91650390625,-0.000212033512070775
1.0,57,-3635.1201171875,-0.000212292172363959
1.0,58,-3637.40454101562,-0.000212558079510927
1.0,59,-3639.77221679688,-0.000212835147976875
1.0,60,-3642.2265625,-0.000213122679269873
1.0,61,-3644.77075195312,-0.00021341911633499
1.0,62,-3647.40795898438,-0.000213727616937831
1.0,63,-3650.1416015625,-0.00021404743893072
1.0,64,-3652.97509765625,-0.000214378233067691
1.0,65,-3655.91235351562,-0.000214720450458117
1.0,66,-3658.95678710938,-0.000215076899621636
1.0,67,-3662.11279296875,-0.000215446343645453
1.0,68,-3665.38403320312,-0.000215828229556791
1.0,69,-3668.77514648438,-0.000216224565519951
1.0,70,-3672.2900390625,-0.000216635133256204
1.0,71,-3675.93359375,-0.000217060369323008
1.0,72,-3679.71020507812,-0.000217501568840817
1.0,73,-3683.625,-0.000217959735891782
1.0,74,-3687.68310546875,-0.000218433706322685
1.0,75,-3691.88940429688,-0.000218925531953573
1.0,76,-3696.24951171875,-0.000219434296013787
1.0,77,-3700.76928710938,-0.000219963054405525
1.0,78,-3705.4541015625,-0.000220511021325365
1.0,79,-3710.31030273438,-0.000221077905735001
1.0,80,-3715.34423828125,-0.00022166664712131
1.0,81,-3720.56201171875,-0.000222276576096192
1.0,82,-3725.970703125,-0.000222907998249866
1.0,83,-3731.5771484375,-0.000223562848987058
1.0,84,-3737.388671875,-0.000224243034608662
1.0,85,-3743.41259765625,-0.000224946750677191
1.0,86,-3749.65698242188,-0.000225676820264198
1.0,87,-3756.12939453125,-0.000226433607167564
1.0,88,-3762.8388671875,-0.000227216631174088
1.0,89,-3769.79345703125,-0.000228030243306421
1.0,90,-3777.00244140625,-0.000228872973821126
1.0,91,-3784.47509765625,-0.000229745768592693
1.0,92,-3792.220703125,-0.000230652294703759
1.0,93,-3800.25,-0.000231590049224906
1.0,94,-3808.57250976562,-0.000232563994359225
1.0,95,-3817.19970703125,-0.000233570637647063
1.0,96,-3826.14208984375,-0.000234618768445216
1.0,97,-3835.41162109375,-0.000235699888435192
1.0,98,-3845.02001953125,-0.000236829466302879
1.0,99,-3854.97998046875,-0.000237981817917898
1.0,100,-3864.58837890625,-0.000239111963310279
1.0,101,-3873.85791015625,-0.000240192355704494
1.0,102,-3882.80029296875,-0.00024124066112563
1.0,103,-3891.42749023438,-0.000242249327129684
1.0,104,-3899.75,-0.000243222893914208
1.0,105,-3907.779296875,-0.000244162103626877
1.0,106,-3915.52490234375,-0.000245068687945604
1.0,107,-3922.99755859375,-0.000245943228946999
1.0,108,-3930.20654296875,-0.000246785464696586
1.0,109,-3937.1611328125,-0.000247600139118731
1.0,110,-3943.87060546875,-0.000248385302256793
1.0,111,-3950.34301757812,-0.000249142642132938
1.0,112,-3956.58740234375,-0.000249873788561672
1.0,113,-3962.611328125,-0.00025057906168513
1.0,114,-3968.4228515625,-0.000251259305514395
1.0,115,-3974.029296875,-0.000251915189437568
1.0,116,-3979.43798828125,-0.000252549041761085
1.0,117,-3984.65576171875,-0.000253159552812576
1.0,118,-3989.68969726562,-0.000253749603871256
1.0,119,-3994.5458984375,-0.000254318001680076
1.0,120,-3999.23071289062,-0.000254866201430559
1.0,121,-4003.75048828125,-0.000255395862041041
1.0,122,-4008.11059570312,-0.000255907390965149
1.0,123,-4012.31689453125,-0.000256399245699868
1.0,124,-4016.375,-0.000256875529885292
1.0,125,-4020.28979492188,-0.000257333362242207
1.0,126,-4024.06640625,-0.000257775885984302
1.0,127,-4027.7099609375,-0.00025820336304605
1.0,128,-4031.22485351562,-0.000258614571066573
1.0,129,-4034.61596679688,-0.000259012071182951
1.0,130,-4037.88720703125,-0.000259395455941558
1.0,131,-4041.04321289062,-0.000259764958173037
1.0,132,-4044.08764648438,-0.000260122324107215
1.0,133,-4047.02490234375,-0.000260466942563653
1.0,134,-4049.8583984375,-0.000260797998635098
1.0,135,-4052.59204101562,-0.000261119334027171
1.0,136,-4055.22924804688,-0.000261428358498961
1.0,137,-4057.7734375,-0.000261726381722838
1.0,138,-4060.22778320312,-0.000262013840256259
1.0,139,-4062.59545898438,-0.000262291461694986
1.0,140,-4064.8798828125,-0.000262560235569254
1.0,141,-4067.08349609375,-0.000262817717157304
1.0,142,-4069.20947265625,-0.000263067195191979
1.0,143,-4071.26025390625,-0.000263308000285178
1.0,144,-4073.23901367188,-0.000263539026491344
1.0,145,-4075.14770507812,-0.000263763911789283
1.0,146,-4076.9892578125,-0.000263979600276798
1.0,147,-4078.765625,-0.000264187809079885
1.0,148,-4080.4794921875,-0.000264389702351764
1.0,149,-4082.1328125,-0.000264582864474505
1.0,150,-4083.72778320312,-0.000264769798377529
1.0,151,-4085.2666015625,-0.000264951027929783
1.0,152,-4086.75122070312,-0.000265124923316762
1.0,153,-4088.18334960938,-0.000265292299445719
1.0,154,-4089.56494140625,-0.000265454640612006
1.0,155,-4090.89770507812,-0.000265611364739016
1.0,156,-4092.18359375,-0.000265762064373121
1.0,157,-4093.42407226562,-0.000265907758148387
1.0,158,-4094.62060546875,-0.000266047922195867
1.0,159,-4095.77514648438,-0.000266182061750442
1.0,160,-4096.88916015625,-0.000266316201305017
1.0,161,-4097.96337890625,-0.000266435847152025
1.0,162,-4099.0,-0.000266571325482801
1.0,626,-2501.0,-5.08279008499812e-05
1.0,627,-2502.01684570312,-5.09440542373341e-05
1.0,628,-2503.05053710938,-5.10431746079121e-05
1.0,629,-2504.1015625,-5.11520920554176e-05
1.0,630,-2505.17016601562,-5.12603292008862e-05
1.0,631,-2506.25659179688,-5.13701197633054e-05
1.0,632,-2507.361328125,-5.14821331307758e-05
1.0,633,-2508.484375,-5.15964893565979e-05
1.0,634,-2509.62622070312,-5.1712373533519e-05
1.0,635,-2510.78735351562,-5.18302658747416e-05
1.0,636,-2511.9677734375,-5.1950009947177e-05
1.0,637,-2513.16796875,-5.20717694598716e-05
1.0,638,-2514.38818359375,-5.21955189469736e-05
1.0,639,-2515.62890625,-5.23214657732751e-05
1.0,640,-2516.89013671875,-5.24493552802596e-05
1.0,641,-2518.1728515625,-5.2579962357413e-05
1.0,642,-2519.47680664062,-5.27118609170429e-05
1.0,643,-2520.80249023438,-5.28463424416259e-05
1.0,644,-2522.150390625,-5.29836070199963e-05
1.0,645,-2523.52099609375,-5.31222176505253e-05
1.0,646,-2524.91430664062,-5.3264189773472e-05
1.0,647,-2526.3310546875,-5.34078390046488e-05
1.0,648,-2527.771484375,-5.3553991165245e-05
1.0,649,-2529.23608398438,-5.3702577133663e-05
1.0,650,-2530.72509765625,-5.38532440259587e-05
1.0,651,-2532.23901367188,-5.40072869625874e-05
1.0,652,-2533.7783203125,-5.41639237781055e-05
1.0,653,-2535.34326171875,-5.43223723070696e-05
1.0,654,-2536.93432617188,-5.44838731002528e-05
1.0,655,-2538.55224609375,-5.46483133803122e-05
1.0,656,-2540.19702148438,-5.48151219845749e-05
1.0,657,-2541.86938476562,-5.49843352928292e-05
1.0,658,-2543.56982421875,-5.5156819144031e-05
1.0,659,-2545.29858398438,-5.53326135559473e-05
1.0,660,-2547.05615234375,-5.55110345885623e-05
1.0,661,-2548.84326171875,-5.56923405383714e-05
1.0,662,-2550.66015625,-5.58770188945346e-05
1.0,663,-2552.50756835938,-5.60640073672403e-05
1.0,664,-2554.38598632812,-5.62540735700168e-05
1.0,665,-2556.29565429688,-5.64486072107684e-05
1.0,666,-2558.2373046875,-5.66455346415751e-05
1.0,667,-2560.21142578125,-5.68454415770248e-05
1.0,668,-2562.21850585938,-5.70494048588444e-05
1.0,669,-2564.25903320312,-5.72563731111586e-05
1.0,670,-2566.333984375,-5.74665536987595e-05
1.0,671,-2568.44360351562,-5.7681041653268e-05
1.0,672,-2570.58837890625,-5.78991348447744e-05
1.0,673,-2572.76904296875,-5.81200547458138e-05
1.0,674,-2574.98608398438,-5.83451037527993e-05
1.0,675,-2577.24047851562,-5.85742272960488e-05
1.0,676,-2579.53247070312,-5.88067814533133e-05
1.0,677,-2581.86279296875,-5.90430572628975e-05
1.0,678,-2584.23193359375,-5.92834257986397e-05
1.0,679,-2586.64086914062,-5.95272467762697e-05
1.0,680,-2589.09008789062,-5.97762773395516e-05
1.0,681,-2591.58032226562,-6.00292405579239e-05
1.0,682,-2594.11206054688,-6.02861546212807e-05
1.0,683,-2596.68627929688,-6.05470413574949e-05
1.0,684,-2599.30346679688,-6.08123809797689e-05
1.0,685,-2601.96459960938,-6.10834031249397e-05
1.0,686,-2604.67016601562,-6.13572192378342e-05
1.0,687,-2607.4208984375,-6.16365650785156e-05
1.0,688,-2610.21752929688,-6.19200436631218e-05
1.0,689,-2613.06127929688,-6.22089573880658e-05
1.0,690,-2615.95239257812,-6.25022803433239e-05
1.0,691,-2618.89184570312,-6.27999106654897e-05
1.0,692,-2621.88037109375,-6.31037328275852e-05
1.0,693,-2624.9189453125,-6.34117677691393e-05
1.0,694,-2628.00854492188,-6.37258272035979e-05
1.0,695,-2631.14965820312,-6.40442594885826e-05
1.0,696,-2634.34326171875,-6.43680032226257e-05
1.0,697,-2637.59033203125,-6.46971602691337e-05
1.0,698,-2640.89184570312,-6.50330694043078e-05
1.0,699,-2644.24853515625,-6.53732058708556e-05
1.0,700,-2647.66137695312,-6.57193595543504e-05
1.0,701,-2651.13110351562,-6.60722653265111e-05
1.0,702,-2654.65893554688,-6.64290855638683e-05
1.0,703,-2658.24584960938,-6.67931672069244e-05
1.0,704,-2661.89282226562,-6.71637390041724e-05
1.0,705,-2665.60083007812,-6.75400369800627e-05
1.0,706,-2669.37060546875,-6.79218792356551e-05
1.0,707,-2673.20361328125,-6.831121572759e-05
1.0,708,-2677.10083007812,-6.87062929500826e-05
1.0,709,-2681.06298828125,-6.91083769197576e-05
1.0,710,-2685.09155273438,-6.95170456310734e-05
1.0,711,-2689.1875,-6.99328811606392e-05
1.0,712,-2693.35205078125,-7.0355883508455e-05
1.0,713,-2697.58618164062,-7.07845756551251e-05
1.0,714,-2701.89111328125,-7.12215987732634e-05
1.0,715,-2706.26806640625,-7.16665817890316e-05
1.0,716,-2710.71826171875,-7.21169853932224e-05
1.0,717,-2715.24267578125,-7.25765712559223e-05
1.0,718,-2719.84301757812,-7.30435131117702e-05
1.0,719,-2724.52026367188,-7.35176145099103e-05
1.0,720,-2729.27563476562,-7.40004397812299e-05
1.0,721,-2734.11059570312,-7.44911667425185e-05
1.0,722,-2739.02661132812,-7.49895552871749e-05
1.0,723,-2744.02465820312,-7.54962893552147e-05
1.0,724,-2749.1064453125,-7.60127659304999e-05
1.0,725,-2754.27294921875,-7.65361037338153e-05
1.0,726,-2759.52612304688,-7.70692422520369e-05
1.0,727,-2764.8671875,-7.76111482991837e-05
1.0,728,-2770.29736328125,-7.81623893999495e-05
1.0,729,-2775.81860351562,-7.87220633355901e-05
1.0,730,-2781.43212890625,-7.92911960161291e-05
1.0,731,-2787.13940429688,-7.98711917013861e-05
1.0,732,-2792.9423828125,-8.04589581093751e-05
1.0,733,-2798.84228515625,-8.10581113910303e-05
1.0,734,-2804.8408203125,-8.16662723082118e-05
1.0,735,-2810.93969726562,-8.2284830568824e-05
1.0,736,-2817.14086914062,-8.29143609735183e-05
1.0,737,-2823.4453125,-8.35534010548145e-05
1.0,738,-2829.85546875,-8.42043154989369e-05
1.0,739,-2836.37280273438,-8.48645067890175e-05
1.0,740,-2842.99926757812,-8.5537314589601e-05
1.0,741,-2849.73657226562,-8.62207598402165e-05
1.0,742,-2856.58642578125,-8.69156720000319e-05
1.0,743,-2863.55078125,-8.76218473422341e-05
1.0,744,-2870.6318359375,-8.83403845364228e-05
1.0,745,-2877.8310546875,-8.90705123310909e-05
1.0,746,-2885.15087890625,-8.981265273178e-05
1.0,747,-2892.59326171875,-9.05682318261825e-05
1.0,748,-2900.15991210938,-9.1335125034675e-05
1.0,749,-2907.85327148438,-9.21165774343535e-05
1.0,750,-2915.67529296875,-9.29089073906653e-05
1.0,751,-2923.6279296875,-9.3715512775816e-05
1.0,752,-2931.7138671875,-9.45356950978749e-05
1.0,753,-2939.93505859375,-9.53693815972656e-05
1.0,754,-2948.29345703125,-9.62174744927324e-05
1.0,755,-2956.7919921875,-9.70796245383099e-05
1.0,756,-2965.4326171875,-9.79559263214469e-05
1.0,757,-2974.21752929688,-9.88465617410839e-05
1.0,758,-2983.14965820312,-9.97528186417185e-05
1.0,759,-2992.23095703125,-0.000100673496490344
1.0,760,-3001.46435546875,-0.000101610261481255
1.0,761,-3010.85229492188,-0.000102562473330181
1.0,762,-3020.39697265625,-0.000103530146589037
1.0,763,-3030.10131835938,-0.000104514110716991
1.0,764,-3039.96826171875,-0.000105516308394726
1.0,765,-3050.0,-0.000106531711935531
1.0,766,-3060.03173828125,-0.000107548054074869
1.0,767,-3069.89868164062,-0.000108548978460021
1.0,768,-3079.60302734375,-0.000109533037175424
1.0,769,-3089.14770507812,-0.000110501510789618
1.0,770,-3098.53564453125,-0.000111453126010019
1.0,771,-3107.76904296875,-0.000112390007416252
1.0,772,-3116.85034179688,-0.000113310459710192
1.0,773,-3125.78247070312,-0.000114216483780183
1.0,774,-3134.5673828125,-0.000115107141027693
1.0,775,-3143.2080078125,-0.00011598283163039
1.0,776,-3151.70654296875,-0.000116845498268958
1.0,777,-3160.06494140625,-0.000117692063213326
1.0,778,-3168.2861328125,-0.000118526026199106
1.0,779,-3176.3720703125,-0.000119346004794352
1.0,780,-3184.32470703125,-0.000120151707960758
1.0,781,-3192.14672851562,-0.000120945129310712
1.0,782,-3199.84008789062,-0.000121725468488876
1.0,783,-3207.40673828125,-0.000122492550872266
1.0,784,-3214.84912109375,-0.000123247504234314
1.0,785,-3222.1689453125,-0.000123989506391808
1.0,786,-3229.3681640625,-0.000124719183077104
1.0,787,-3236.44921875,-0.000125437451060861
1.0,788,-3243.41357421875,-0.000126143233501352
1.0,789,-3250.26342773438,-0.000126837825519033
1.0,790,-3257.00073242188,-0.000127520877867937
1.0,791,-3263.62719726562,-0.000128193336422555
1.0,792,-3270.14453125,-0.000128853134810925
1.0,793,-3276.5546875,-0.000129503678181209
1.0,794,-3282.85913085938,-0.000130142332636751
1.0,795,-3289.06030273438,-0.00013077148469165
1.0,796,-3295.1591796875,-0.000131389650050551
1.0,797,-3301.15771484375,-0.000131997425341979
1.0,798,-3307.0576171875,-0.000132596178445965
1.0,799,-3312.86059570312,-0.000133183537400328
1.0,800,-3318.56787109375,-0.000133763125631958
1.0,801,-3324.18139648438,-0.000134331858134829
1.0,802,-3329.70263671875,-0.0001348911318928
1.0,803,-3335.1328125,-0.00013544196553994
1.0,804,-3340.47387695312,-0.000135983471409418
1.0,805,-3345.72705078125,-0.000136516202474013
1.0,806,-3350.8935546875,-0.00013703914009966
1.0,807,-3355.97534179688,-0.000137555180117488
1.0,808,-3360.97338867188,-0.000138061557663605
1.0,809,-3365.88940429688,-0.000138559451443143
1.0,810,-3370.72436523438,-0.000139049909194
1.0,811,-3375.47973632812,-0.000139532086905092
1.0,812,-3380.15698242188,-0.000140006217407063
1.0,813,-3384.75732421875,-0.000140471966005862
1.0,814,-3389.28173828125,-0.000140930846100673
1.0,815,-3393.73193359375,-0.000141382333822548
1.0,816,-3398.10888671875,-0.000141825468745083
1.0,817,-3402.41381835938,-0.000142262288136408
1.0,818,-3406.64794921875,-0.000142691555083729
1.0,819,-3410.8125,-0.0001431134151062
1.0,820,-3414.90844726562,-0.000143529658089392
1.0,821,-3418.93701171875,-0.000143936806125566
1.0,822,-3422.89916992188,-0.000144338599056937
1.0,823,-3426.79638671875,-0.000144734163768589
1.0,824,-3430.62939453125,-0.000145122729009017
1.0,825,-3434.39916992188,-0.000145504251122475
1.0,826,-3438.10717773438,-0.000145880432683043
1.0,827,-3441.75415039062,-0.000146249934914522
1.0,828,-3445.34106445312,-0.000146613267133944
1.0,829,-3448.86889648438,-0.000146971258800477
1.0,830,-3452.33862304688,-0.000147322280099615
1.0,831,-3455.75146484375,-0.000147668368299492
1.0,832,-3459.10815429688,-0.000148008941323496
1.0,833,-3462.40966796875,-0.00014834405737929
1.0,834,-3465.65673828125,-0.000148673105286434
1.0,835,-3468.85034179688,-0.000148996361531317
1.0,836,-3471.99145507812,-0.000149314510053955
1.0,837,-3475.0810546875,-0.000149628191138618
1.0,838,-3478.11962890625,-0.000149935905938037
1.0,839,-3481.10815429688,-0.000150239386130124
1.0,840,-3484.04760742188,-0.000150536667206325
1.0,841,-3486.93872070312,-0.000150829699123278
1.0,842,-3489.78247070312,-0.000151118190842681
1.0,843,-3492.5791015625,-0.000151401502080262
1.0,844,-3495.32983398438,-0.000151680244016461
1.0,845,-3498.03540039062,-0.000151954256580211
1.0,846,-3500.69653320312,-0.000152223961777054
1.0,847,-3503.31372070312,-0.00015248911222443
1.0,848,-3505.88793945312,-0.000152750391862355
1.0,849,-3508.41967773438,-0.000153006971231662
1.0,850,-3510.90991210938,-0.000153258981299587
1.0,851,-3513.35913085938,-0.000153507557115518
1.0,852,-3515.76806640625,-0.000153752116602845
1.0,853,-3518.13720703125,-0.000153991641127504
1.0,854,-3520.46752929688,-0.000154227920575067
1.0,855,-3522.75952148438,-0.000154460009071045
1.0,856,-3525.01391601562,-0.000154688998009078
1.0,857,-3527.23095703125,-0.000154913606820628
1.0,858,-3529.41162109375,-0.000155134490341879
1.0,859,-3531.55639648438,-0.000155351866851561
1.0,860,-3533.666015625,-0.000155565154273063
1.0,861,-3535.74096679688,-0.000155776011524722
1.0,862,-3537.78149414062,-0.000155983114382252
1.0,863,-3539.78857421875,-0.000156186695676297
1.0,864,-3541.7626953125,-0.000156386246089824
1.0,865,-3543.70434570312,-0.000156583308125846
1.0,866,-3545.61401367188,-0.000156776717631146
1.0,867,-3547.49243164062,-0.000156966503709555
1.0,868,-3549.33984375,-0.00015715419431217
1.0,869,-3551.15673828125,-0.000157338159624487
1.0,870,-3552.94384765625,-0.000157519461936317
1.0,871,-3554.70141601562,-0.000157697533722967
1.0,872,-3556.43017578125,-0.000157873146235943
1.0,873,-3558.13061523438,-0.000158045382704586
1.0,874,-3559.80297851562,-0.000158214388648048
1.0,875,-3561.44775390625,-0.000158380964421667
1.0,876,-3563.06567382812,-0.000158545182785019
1.0,877,-3564.65673828125,-0.000158706461661495
1.0,878,-3566.2216796875,-0.000158864699187689
1.0,879,-3567.76098632812,-0.000159021117724478
1.0,880,-3569.27490234375,-0.000159174960572273
1.0,881,-3570.76391601562,-0.000159325398271903
1.0,882,-3572.228515625,-0.000159473798703402
1.0,883,-3573.6689453125,-0.000159619696205482
1.0,884,-3575.08569335938,-0.000159763221745379
1.0,885,-3576.47900390625,-0.000159904782776721
1.0,886,-3577.849609375,-0.000160043564392254
1.0,887,-3579.19750976562,-0.000160179741214961
1.0,888,-3580.52319335938,-0.000160313909873366
1.0,889,-3581.8271484375,-0.000160446477821097
1.0,890,-3583.10986328125,-0.000160576208145358
1.0,891,-3584.37109375,-0.000160704279551283
1.0,892,-3585.61181640625,-0.000160829004016705
1.0,893,-3586.83203125,-0.000160953990416601
1.0,894,-3588.0322265625,-0.000161071671755053
1.0,895,-3589.21264648438,-0.000161198709974997
1.0,896,-3590.37377929688,-0.000161298594321124
1.0,897,-3591.515625,-0.00016145252448041
1.0,898,-3592.638671875,-0.00016147930000443
1.0,899,-3593.74340820312,-0.000161784832016565
1.0,900,-3594.82983398438,-0.000161452437168919
1.0,901,-3595.8984375,-0.000162574389833026
1.0,902,-3596.94946289062,-0.000160334937390871
1.0,903,-3597.98315429688,-0.000165895733516663
1.0,904,-3599.0,-0.000153298577060923
3600.0,2,-3600.0,-0.000186836216016673
3600.0,3,-4100.0,-0.000342647370416671
3600.0,6,-2500.0,-5.07538716192357e-05
3600.0,35,-3601.0,-0.000239058121223934
3600.0,36,-3602.03662109375,-0.000219615991227329
3600.0,37,-3603.11108398438,-0.000227346361498348
3600.0,38,-3604.22485351562,-0.000224622795940377
3600.0,39,-3605.37939453125,-0.000225988173042424
3600.0,40,-3606.57592773438,-0.000225748110096902
3600.0,41,-3607.81640625,-0.000226157731958665
3600.0,42,-3609.10229492188,-0.00022631959291175
3600.0,43,-3610.43505859375,-0.000226591291720979
3600.0,44,-3611.81665039062,-0.000226833362830803
3600.0,45,-3613.24877929688,-0.000227100739721209
3600.0,46,-3614.7333984375,-0.000227371157961898
3600.0,47,-3616.27221679688,-0.000227655778871849
3600.0,48,-3617.8671875,-0.000227949713007547
3600.0,49,-3619.5205078125,-0.000228254575631581
3600.0,50,-3621.234375,-0.000228573277126998
3600.0,51,-3623.0107421875,-0.000228902179514989
3600.0,52,-3624.85229492188,-0.000229245153605007
3600.0,53,-3626.76098632812,-0.000229600147577003
3600.0,54,-3628.73974609375,-0.000229968936764635
3600.0,55,-3630.79052734375,-0.000230353005463257
3600.0,56,-3632.91650390625,-0.000230750520131551
3600.0,57,-3635.1201171875,-0.00023116591910366
3600.0,58,-3637.40454101562,-0.000231594720389694
3600.0,59,-3639.77221679688,-0.000232041857088916
3600.0,60,-3642.2265625,-0.000232507329201326
3600.0,61,-3644.77075195312,-0.000232988590141758
3600.0,62,-3647.40795898438,-0.000233489976380952
3600.0,63,-3650.1416015625,-0.000234011618886143
3600.0,64,-3652.97509765625,-0.000234552833717316
3600.0,65,-3655.91235351562,-0.000235114232054912
3600.0,66,-3658.95678710938,-0.000235700339544564
3600.0,67,-3662.11279296875,-0.000236309875617735
3600.0,68,-3665.38403320312,-0.000236942272749729
3600.0,69,-3668.77514648438,-0.000237600412219763
3600.0,70,-3672.2900390625,-0.000238284861552529
3600.0,71,-3675.93359375,-0.000238996319239959
3600.0,72,-3679.71020507812,-0.000239737011725083
3600.0,73,-3683.625,-0.000240509092691354
3600.0,74,-3687.68310546875,-0.000241311165154912
3600.0,75,-3691.88940429688,-0.000242146721575409
3600.0,76,-3696.24951171875,-0.000243015267187729
3600.0,77,-3700.76928710938,-0.000243921094806865
3600.0,78,-3705.4541015625,-0.000244864728301764
3600.0,79,-3710.31030273438,-0.000245846051257104
3600.0,80,-3715.34423828125,-0.000246869458351284
3600.0,81,-3720.56201171875,-0.000247935153311118
3600.0,82,-3725.970703125,-0.000249044591328129
3600.0,83,-3731.5771484375,-0.000250202137976885
3600.0,84,-3737.388671875,-0.000251410674536601
3600.0,85,-3743.41259765625,-0.000252668542088941
3600.0,86,-3749.65698242188,-0.000253981503192335
3600.0,87,-3756.12939453125,-0.000255351449595764
3600.0,88,-3762.8388671875,-0.000256778672337532
3600.0,89,-3769.79345703125,-0.000258271291386336
3600.0,90,-3777.00244140625,-0.000259828782873228
3600.0,91,-3784.47509765625,-0.000261454115388915
3600.0,92,-3792.220703125,-0.000263153953710571
3600.0,93,-3800.25,-0.000264928297838196
3600.0,94,-3808.57250976562,-0.000266784947598353
3600.0,95,-3817.19970703125,-0.000268721487373114
3600.0,96,-3826.14208984375,-0.00027075459365733
3600.0,97,-3835.41162109375,-0.000272872392088175
3600.0,98,-3845.02001953125,-0.000275106460321695
3600.0,99,-3854.97998046875,-0.000277402170468122
3600.0,100,-3864.58837890625,-0.00027968201902695
3600.0,101,-3873.85791015625,-0.000281882501440123
3600.0,102,-3882.80029296875,-0.000284035340882838
3600.0,103,-3891.42749023438,-0.000286127120489255
3600.0,104,-3899.75,-0.000288163457298651
3600.0,105,-3907.779296875,-0.00029014382744208
3600.0,106,-3915.52490234375,-0.00029207015177235
3600.0,107,-3922.99755859375,-0.000293942750431597
3600.0,108,-3930.20654296875,-0.000295760866720229
3600.0,109,-3937.1611328125,-0.000297530525131151
3600.0,110,-3943.87060546875,-0.000299248495139182
3600.0,111,-3950.34301757812,-0.000300916784908623
3600.0,112,-3956.58740234375,-0.000302537257084623
3600.0,113,-3962.611328125,-0.000304109853459522
3600.0,114,-3968.4228515625,-0.000305636262055486
3600.0,115,-3974.029296875,-0.000307117414195091
3600.0,116,-3979.43798828125,-0.000308555056108162
3600.0,117,-3984.65576171875,-0.000309947790810838
3600.0,118,-3989.68969726562,-0.000311300129396841
3600.0,119,-3994.5458984375,-0.000312610936816782
3600.0,120,-3999.23071289062,-0.000313880707835779
3600.0,121,-4003.75048828125,-0.000315112411044538
3600.0,122,-4008.11059570312,-0.00031630729790777
3600.0,123,-4012.31689453125,-0.000317462545353919
3600.0,124,-4016.375,-0.000318583828629926
3600.0,125,-4020.28979492188,-0.000319667946314439
3600.0,126,-4024.06640625,-0.000320718536386266
3600.0,127,-4027.7099609375,-0.000321737461490557
3600.0,128,-4031.22485351562,-0.000322721898555756
3600.0,129,-4034.61596679688,-0.000323675689287484
3600.0,130,-4037.88720703125,-0.000324599270243198
3600.0,131,-4041.04321289062,-0.000325492233969271
3600.0,132,-4044.08764648438,-0.000326357985613868
3600.0,133,-4047.02490234375,-0.000327195011777803
3600.0,134,-4049.8583984375,-0.000328003370668739
3600.0,135,-4052.59204101562,-0.000328788330079988
3600.0,136,-4055.22924804688,-0.000329545437125489
3600.0,137,-4057.7734375,-0.000330277980538085
3600.0,138,-4060.22778320312,-0.000330986949848011
3600.0,139,-4062.59545898438,-0.000331672577885911
3600.0,140,-4064.8798828125,-0.000332337454892695
3600.0,141,-4067.08349609375,-0.000332977069774643
3600.0,142,-4069.20947265625,-0.000333596835844219
3600.0,143,-4071.26025390625,-0.000334196694893762
3600.0,144,-4073.23901367188,-0.000334774376824498
3600.0,145,-4075.14770507812,-0.000335336255375296
3600.0,146,-4076.9892578125,-0.000335877091856673
3600.0,147,-4078.765625,-0.000336399767547846
3600.0,148,-4080.4794921875,-0.000336906232405454
3600.0,149,-4082.1328125,-0.000337392848450691
3600.0,150,-4083.72778320312,-0.000337864534230903
3600.0,151,-4085.2666015625,-0.000338322686729953
3600.0,152,-4086.75122070312,-0.000338763173203915
3600.0,153,-4088.18334960938,-0.000339187448844314
3600.0,154,-4089.56494140625,-0.00033959950087592
3600.0,155,-4090.89770507812,-0.000339997815899551
3600.0,156,-4092.18359375,-0.000340381666319445
3600.0,157,-4093.42407226562,-0.000340752914780751
3600.0,158,-4094.62060546875,-0.000341110106091946
3600.0,159,-4095.77514648438,-0.000341453967848793
3600.0,160,-4096.88916015625,-0.000341793085681275
3600.0,161,-4097.96337890625,-0.000342104700393975
3600.0,162,-4099.0,-0.000342445157002658
3600.0,626,-2501.0,-5.08266384713352e-05
3600.0,627,-2502.01684570312,-5.0942791858688e-05
3600.0,628,-2503.05053710938,-5.1041912229266e-05
3600.0,629,-2504.1015625,-5.11508296767715e-05
3600.0,630,-2505.17016601562,-5.12590668222401e-05
3600.0,631,-2506.25659179688,-5.13688573846593e-05
3600.0,632,-2507.361328125,-5.14808707521297e-05
3600.0,633,-2508.484375,-5.15952269779518e-05
3600.0,634,-2509.62622070312,-5.17111111548729e-05
3600.0,635,-2510.78735351562,-5.18290034960955e-05
3600.0,636,-2511.9677734375,-5.1948747568531e-05
3600.0,637,-2513.16796875,-5.20705070812255e-05
3600.0,638,-2514.38818359375,-5.21942565683275e-05
3600.0,639,-2515.62890625,-5.23202033946291e-05
3600.0,640,-2516.89013671875,-5.24480929016136e-05
3600.0,641,-2518.1728515625,-5.2578699978767e-05
3600.0,642,-2519.47680664062,-5.27105985383969e-05
3600.0,643,-2520.80249023438,-5.28450800629798e-05
3600.0,644,-2522.150390625,-5.2982348279329e-05
3600.0,645,-2523.52099609375,-5.31209552718792e-05
3600.0,646,-2524.91430664062,-5.3262927394826e-05
3600.0,647,-2526.3310546875,-5.34065766260028e-05
3600.0,648,-2527.771484375,-5.35527287865989e-05
3600.0,649,-2529.23608398438,-5.37013183929957e-05
3600.0,650,-2530.72509765625,-5.38519816473126e-05
3600.0,651,-2532.23901367188,-5.40060245839413e-05
3600.0,652,-2533.7783203125,-5.41626613994595e-05
3600.0,653,-2535.34326171875,-5.43211099284235e-05
3600.0,654,-2536.93432617188,-5.44826107216068e-05
3600.0,655,-2538.55224609375,-5.46470510016661e-05
3600.0,656,-2540.19702148438,-5.48138596059289e-05
3600.0,657,-2541.86938476562,-5.49830729141831e-05
3600.0,658,-2543.56982421875,-5.5155556765385e-05
3600.0,659,-2545.29858398438,-5.53313511773013e-05
3600.0,660,-2547.05615234375,-5.55097758478951e-05
3600.0,661,-2548.84326171875,-5.56910781597253e-05
3600.0,662,-2550.66015625,-5.58757565158885e-05
3600.0,663,-2552.50756835938,-5.60627449885942e-05
3600.0,664,-2554.38598632812,-5.62528111913707e-05
3600.0,665,-2556.29565429688,-5.64473448321223e-05
3600.0,666,-2558.2373046875,-5.6644272262929e-05
3600.0,667,-2560.21142578125,-5.68441791983787e-05
3600.0,668,-2562.21850585938,-5.70481424801983e-05
3600.0,669,-2564.25903320312,-5.72551107325125e-05
3600.0,670,-2566.333984375,-5.74652913201135e-05
3600.0,671,-2568.44360351562,-5.7679779274622e-05
3600.0,672,-2570.58837890625,-5.78978724661283e-05
3600.0,673,-2572.76904296875,-5.81187923671678e-05
3600.0,674,-2574.98608398438,-5.83438413741533e-05
3600.0,675,-2577.24047851562,-5.85729649174027e-05
3600.0,676,-2579.53247070312,-5.88055190746672e-05
3600.0,677,-2581.86279296875,-5.90417948842514e-05
3600.0,678,-2584.23193359375,-5.92821634199936e-05
3600.0,679,-2586.64086914062,-5.95259843976237e-05
3600.0,680,-2589.09008789062,-5.97750149609055e-05
3600.0,681,-2591.58032226562,-6.00279781792779e-05
3600.0,682,-2594.11206054688,-6.02848922426347e-05
3600.0,683,-2596.68627929688,-6.05457826168276e-05
3600.0,684,-2599.30346679688,-6.08111222391017e-05
3600.0,685,-2601.96459960938,-6.10821443842724e-05
3600.0,686,-2604.67016601562,-6.13559532212093e-05
3600.0,687,-2607.4208984375,-6.16353063378483e-05
3600.0,688,-2610.21752929688,-6.19187849224545e-05
3600.0,689,-2613.06127929688,-6.22076913714409e-05
3600.0,690,-2615.95239257812,-6.25010143266991e-05
3600.0,691,-2618.89184570312,-6.27986519248225e-05
3600.0,692,-2621.88037109375,-6.31024668109603e-05
3600.0,693,-2624.9189453125,-6.3410509028472e-05
3600.0,694,-2628.00854492188,-6.37245684629306e-05
3600.0,695,-2631.14965820312,-6.40429934719577e-05
3600.0,696,-2634.34326171875,-6.43667372060008e-05
3600.0,697,-2637.59033203125,-6.46959015284665e-05
3600.0,698,-2640.89184570312,-6.50318106636405e-05
3600.0,699,-2644.24853515625,-6.53719398542307e-05
3600.0,700,-2647.66137695312,-6.57181008136831e-05
3600.0,701,-2651.13110351562,-6.60710065858439e-05
3600.0,702,-2654.65893554688,-6.6427826823201e-05
3600.0,703,-2658.24584960938,-6.67919011902995e-05
3600.0,704,-2661.89282226562,-6.71624802635051e-05
3600.0,705,-2665.60083007812,-6.75387709634379e-05
3600.0,706,-2669.37060546875,-6.79206132190302e-05
3600.0,707,-2673.20361328125,-6.83099569869228e-05
3600.0,708,-2677.10083007812,-6.87050342094153e-05
3600.0,709,-2681.06298828125,-6.91071109031327e-05
3600.0,710,-2685.09155273438,-6.95157796144485e-05
3600.0,711,-2689.1875,-6.9931622419972e-05
3600.0,712,-2693.35205078125,-7.03546247677878e-05
3600.0,713,-2697.58618164062,-7.07833169144578e-05
3600.0,714,-2701.89111328125,-7.12203327566385e-05
3600.0,715,-2706.26806640625,-7.16653230483644e-05
3600.0,716,-2710.71826171875,-7.21157193765976e-05
3600.0,717,-2715.24267578125,-7.25753125152551e-05
3600.0,718,-2719.84301757812,-7.30422543711029e-05
3600.0,719,-2724.52026367188,-7.35163484932855e-05
3600.0,720,-2729.27563476562,-7.39991810405627e-05
3600.0,721,-2734.11059570312,-7.44899007258937e-05
3600.0,722,-2739.02661132812,-7.498828927055e-05
3600.0,723,-2744.02465820312,-7.54950306145474e-05
3600.0,724,-2749.1064453125,-7.6011499913875e-05
3600.0,725,-2754.27294921875,-7.65348377171904e-05
3600.0,726,-2759.52612304688,-7.70679835113697e-05
3600.0,727,-2764.8671875,-7.76098822825588e-05
3600.0,728,-2770.29736328125,-7.81611306592822e-05
3600.0,729,-2775.81860351562,-7.87208045949228e-05
3600.0,730,-2781.43212890625,-7.92899372754619e-05
3600.0,731,-2787.13940429688,-7.98699329607189e-05
3600.0,732,-2792.9423828125,-8.04576920927502e-05
3600.0,733,-2798.84228515625,-8.10568453744054e-05
3600.0,734,-2804.8408203125,-8.16650062915869e-05
3600.0,735,-2810.93969726562,-8.22835645521991e-05
3600.0,736,-2817.14086914062,-8.29131022328511e-05
3600.0,737,-2823.4453125,-8.35521423141472e-05
3600.0,738,-2829.85546875,-8.42030567582697e-05
3600.0,739,-2836.37280273438,-8.48632480483502e-05
3600.0,740,-2842.99926757812,-8.55360558489338e-05
3600.0,741,-2849.73657226562,-8.62195010995492e-05
3600.0,742,-2856.58642578125,-8.69144059834071e-05
3600.0,743,-2863.55078125,-8.76205886015669e-05
3600.0,744,-2870.6318359375,-8.83391185197979e-05
3600.0,745,-2877.8310546875,-8.90692535904236e-05
3600.0,746,-2885.15087890625,-8.98113939911127e-05
3600.0,747,-2892.59326171875,-9.05669658095576e-05
3600.0,748,-2900.15991210938,-9.13338590180501e-05
3600.0,749,-2907.85327148438,-9.21153186936863e-05
3600.0,750,-2915.67529296875,-9.29076413740404e-05
3600.0,751,-2923.6279296875,-9.37142467591912e-05
3600.0,752,-2931.7138671875,-9.453442908125e-05
3600.0,753,-2939.93505859375,-9.53681155806407e-05
3600.0,754,-2948.29345703125,-9.62162084761076e-05
3600.0,755,-2956.7919921875,-9.70783657976426e-05
3600.0,756,-2965.4326171875,-9.7954660304822e-05
3600.0,757,-2974.21752929688,-9.88453030004166e-05
3600.0,758,-2983.14965820312,-9.97515526250936e-05
3600.0,759,-2992.23095703125,-0.000100672237749677
3600.0,760,-3001.46435546875,-0.000101609002740588
3600.0,761,-3010.85229492188,-0.000102561207313556
3600.0,762,-3020.39697265625,-0.00010352888784837
3600.0,763,-3030.10131835938,-0.000104512851976324
3600.0,764,-3039.96826171875,-0.000105515049654059
3600.0,765,-3050.0,-0.000106530453194864
3600.0,766,-3060.03173828125,-0.000107546795334201
3600.0,767,-3069.89868164062,-0.000108547719719354
3600.0,768,-3079.60302734375,-0.0001095317711588
3600.0,769,-3089.14770507812,-0.000110500252048951
3600.0,770,-3098.53564453125,-0.000111451867269352
3600.0,771,-3107.76904296875,-0.000112388748675585
3600.0,772,-3116.85034179688,-0.000113309193693567
3600.0,773,-3125.78247070312,-0.000114215225039516
3600.0,774,-3134.5673828125,-0.000115105882287025
3600.0,775,-3143.2080078125,-0.000115981565613765
3600.0,776,-3151.70654296875,-0.000116844232252333
3600.0,777,-3160.06494140625,-0.000117690804472659
3600.0,778,-3168.2861328125,-0.000118524767458439
3600.0,779,-3176.3720703125,-0.000119344738777727
3600.0,780,-3184.32470703125,-0.000120150441944133
3600.0,781,-3192.14672851562,-0.000120943870570045
3600.0,782,-3199.84008789062,-0.000121724202472251
3600.0,783,-3207.40673828125,-0.000122491299407557
3600.0,784,-3214.84912109375,-0.000123246238217689
3600.0,785,-3222.1689453125,-0.000123988254927099
3600.0,786,-3229.3681640625,-0.00012471791706048
3600.0,787,-3236.44921875,-0.000125436199596152
3600.0,788,-3243.41357421875,-0.000126141967484728
3600.0,789,-3250.26342773438,-0.000126836559502408
3600.0,790,-3257.00073242188,-0.000127519611851312
3600.0,791,-3263.62719726562,-0.00012819207040593
3600.0,792,-3270.14453125,-0.000128851883346215
3600.0,793,-3276.5546875,-0.000129502426716499
3600.0,794,-3282.85913085938,-0.000130141066620126
3600.0,795,-3289.06030273438,-0.000130770218675025
3600.0,796,-3295.1591796875,-0.000131388384033926
3600.0,797,-3301.15771484375,-0.000131996159325354
3600.0,798,-3307.0576171875,-0.00013259491242934
3600.0,799,-3312.86059570312,-0.000133182271383703
3600.0,800,-3318.56787109375,-0.000133761874167249
3600.0,801,-3324.18139648438,-0.000134330606670119
3600.0,802,-3329.70263671875,-0.000134889865876175
3600.0,803,-3335.1328125,-0.000135440699523315
3600.0,804,-3340.47387695312,-0.000135982205392793
3600.0,805,-3345.72705078125,-0.000136514936457388
3600.0,806,-3350.8935546875,-0.00013703788863495
3600.0,807,-3355.97534179688,-0.000137553914100863
3600.0,808,-3360.97338867188,-0.00013806029164698
3600.0,809,-3365.88940429688,-0.000138558199978434
3600.0,810,-3370.72436523438,-0.00013904865772929
3600.0,811,-3375.47973632812,-0.000139530820888467
3600.0,812,-3380.15698242188,-0.000140004965942353
3600.0,813,-3384.75732421875,-0.000140470699989237
3600.0,814,-3389.28173828125,-0.000140929580084048
3600.0,815,-3393.73193359375,-0.000141381082357839
3600.0,816,-3398.10888671875,-0.000141824202728458
3600.0,817,-3402.41381835938,-0.000142261022119783
3600.0,818,-3406.64794921875,-0.00014269030361902
3600.0,819,-3410.8125,-0.000143112149089575
3600.0,820,-3414.90844726562,-0.000143528392072767
3600.0,821,-3418.93701171875,-0.000143935554660857
3600.0,822,-3422.89916992188,-0.000144337347592227
3600.0,823,-3426.79638671875,-0.000144732897751965
3600.0,824,-3430.62939453125,-0.000145121462992392
3600.0,825,-3434.39916992188,-0.00014550298510585
3600.0,826,-3438.10717773438,-0.000145879166666418
3600.0,827,-3441.75415039062,-0.000146248668897897
3600.0,828,-3445.34106445312,-0.000146612015669234
3600.0,829,-3448.86889648438,-0.000146969992783852
3600.0,830,-3452.33862304688,-0.000147321028634906
3600.0,831,-3455.75146484375,-0.000147667116834782
3600.0,832,-3459.10815429688,-0.000148007689858787
3600.0,833,-3462.40966796875,-0.000148342805914581
3600.0,834,-3465.65673828125,-0.000148671839269809
3600.0,835,-3468.85034179688,-0.000148995110066608
3600.0,836,-3471.99145507812,-0.000149313258589245
3600.0,837,-3475.0810546875,-0.000149626925121993
3600.0,838,-3478.11962890625,-0.000149934639921412
3600.0,839,-3481.10815429688,-0.000150238120113499
3600.0,840,-3484.04760742188,-0.0001505354011897
3600.0,841,-3486.93872070312,-0.000150828433106653
3600.0,842,-3489.78247070312,-0.000151116939377971
3600.0,843,-3492.5791015625,-0.000151400236063637
3600.0,844,-3495.32983398438,-0.000151678977999836
3600.0,845,-3498.03540039062,-0.000151953005115502
3600.0,846,-3500.69653320312,-0.000152222710312344
3600.0,847,-3503.31372070312,-0.000152487846207805
3600.0,848,-3505.88793945312,-0.000152749140397646
3600.0,849,-3508.41967773438,-0.000153005719766952
3600.0,850,-3510.90991210938,-0.000153257729834877
3600.0,851,-3513.35913085938,-0.000153506291098893
3600.0,852,-3515.76806640625,-0.000153750850586221
3600.0,853,-3518.13720703125,-0.00015399037511088
3600.0,854,-3520.46752929688,-0.000154226669110358
3600.0,855,-3522.75952148438,-0.000154458757606335
3600.0,856,-3525.01391601562,-0.000154687731992453
3600.0,857,-3527.23095703125,-0.000154912340804003
3600.0,858,-3529.41162109375,-0.00015513323887717
3600.0,859,-3531.55639648438,-0.000155350600834936
3600.0,860,-3533.666015625,-0.000155563888256438
3600.0,861,-3535.74096679688,-0.000155774745508097
3600.0,862,-3537.78149414062,-0.000155981848365627
3600.0,863,-3539.78857421875,-0.000156185444211587
3600.0,864,-3541.7626953125,-0.000156384980073199
3600.0,865,-3543.70434570312,-0.000156582042109221
3600.0,866,-3545.61401367188,-0.000156775466166437
3600.0,867,-3547.49243164062,-0.000156965252244845
3600.0,868,-3549.33984375,-0.000157152928295545
3600.0,869,-3551.15673828125,-0.000157336893607862
3600.0,870,-3552.94384765625,-0.000157518195919693
3600.0,871,-3554.70141601562,-0.000157696267706342
3600.0,872,-3556.43017578125,-0.000157871894771233
3600.0,873,-3558.13061523438,-0.000158044116687961
3600.0,874,-3559.80297851562,-0.000158213122631423
3600.0,875,-3561.44775390625,-0.000158379698405042
3600.0,876,-3563.06567382812,-0.000158543916768394
3600.0,877,-3564.65673828125,-0.00015870519564487
3600.0,878,-3566.2216796875,-0.000158863433171064
3600.0,879,-3567.76098632812,-0.000159019866259769
3600.0,880,-3569.27490234375,-0.000159173694555648
3600.0,881,-3570.76391601562,-0.000159324132255279
3600.0,882,-3572.228515625,-0.000159472532686777
3600.0,883,-3573.6689453125,-0.000159618430188857
3600.0,884,-3575.08569335938,-0.000159761941176839
3600.0,885,-3576.47900390625,-0.000159903502208181
3600.0,886,-3577.849609375,-0.000160042283823714
3600.0,887,-3579.19750976562,-0.000160178446094505
3600.0,888,-3580.52319335938,-0.000160312614752911
3600.0,889,-3581.8271484375,-0.000160445182700641
3600.0,890,-3583.10986328125,-0.000160574869369157
3600.0,891,-3584.37109375,-0.000160702984430827
3600.0,892,-3585.61181640625,-0.000160827548825182
3600.0,893,-3586.83203125,-0.000160952797159553
3600.0,894,-3588.0322265625,-0.000161069809109904
3600.0,895,-3589.21264648438,-0.00016119827341754
3600.0,896,-3590.37377929688,-0.000161294898134656
3600.0,897,-3591.515625,-0.000161456206114963
3600.0,898,-3592.638671875,-0.000161466436111368
3600.0,899,-3593.74340820312,-0.00016180970123969
3600.0,900,-3594.82983398438,-0.000161392192239873
3600.0,901,-3595.8984375,-0.000162710464792326
3600.0,902,-3596.94946289062,-0.000160021809278987
3600.0,903,-3597.98315429688,-0.000166632671607658
3600.0,904,-3599.0,-0.000151601561810821
7200.0,2,-3600.0,-0.000189009238965809
7200.0,3,-4100.0,-0.000368767709005624
7200.0,6,-2500.0,-5.07533732161392e-05
7200.0,35,-3601.0,-0.000249180942773819
7200.0,36,-3602.03662109375,-0.000227492972044274
7200.0,37,-3603.11108398438,-0.000235900413827039
7200.0,38,-3604.22485351562,-0.000233033541007899
7200.0,39,-3605.37939453125,-0.000234467865084298
7200.0,40,-3606.57592773438,-0.000234252729569562
7200.0,41,-3607.81640625,-0.00023469039297197
7200.0,42,-3609.10229492188,-0.000234887018450536
7200.0,43,-3610.43505859375,-0.000235189058003016
7200.0,44,-3611.81665039062,-0.000235466723097488
7200.0,45,-3613.24877929688,-0.000235768413404003
7200.0,46,-3614.7333984375,-0.000236076055443846
7200.0,47,-3616.27221679688,-0.000236398351262324
7200.0,48,-3617.8671875,-0.000236732128541917
7200.0,49,-3619.5205078125,-0.00023707801301498
7200.0,50,-3621.234375,-0.000237439700867981
7200.0,51,-3623.0107421875,-0.000237812972045504
7200.0,52,-3624.85229492188,-0.000238202293985523
7200.0,53,-3626.76098632812,-0.000238605323829688
7200.0,54,-3628.73974609375,-0.000239024113398045
7200.0,55,-3630.79052734375,-0.000239460219745524
7200.0,56,-3632.91650390625,-0.00023991176567506
7200.0,57,-3635.1201171875,-0.000240383538766764
7200.0,58,-3637.40454101562,-0.000240870824200101
7200.0,59,-3639.77221679688,-0.000241378875216469
7200.0,60,-3642.2265625,-0.000241907895542681
7200.0,61,-3644.77075195312,-0.000242455003899522
7200.0,62,-3647.40795898438,-0.000243024973315187
7200.0,63,-3650.1416015625,-0.000243618138483725
7200.0,64,-3652.97509765625,-0.000244233728153631
7200.0,65,-3655.91235351562,-0.000244872382609174
7200.0,66,-3658.95678710938,-0.000245539180468768
7200.0,67,-3662.11279296875,-0.000246232841163874
7200.0,68,-3665.38403320312,-0.000246952724410221
7200.0,69,-3668.77514648438,-0.000247701973421499
7200.0,70,-3672.2900390625,-0.000248481461312622
7200.0,71,-3675.93359375,-0.00024929188657552
7200.0,72,-3679.71020507812,-0.000250135781243443
7200.0,73,-3683.625,-0.000251015648245811
7200.0,74,-3687.68310546875,-0.00025192994507961
7200.0,75,-3691.88940429688,-0.00025288262986578
7200.0,76,-3696.24951171875,-0.000253873266046867
7200.0,77,-3700.76928710938,-0.000254906568443403
7200.0,78,-3705.4541015625,-0.000255983381066471
7200.0,79,-3710.31030273438,-0.000257103645708412
7200.0,80,-3715.34423828125,-0.000258272135397419
7200.0,81,-3720.56201171875,-0.000259489315794781
7200.0,82,-3725.970703125,-0.000260756874922663
7200.0,83,-3731.5771484375,-0.000262079876847565
7200.0,84,-3737.388671875,-0.000263461522990838
7200.0,85,-3743.41259765625,-0.000264900067122653
7200.0,86,-3749.65698242188,-0.000266402144916356
7200.0,87,-3756.12939453125,-0.00026796996826306
7200.0,88,-3762.8388671875,-0.000269604031927884
7200.0,89,-3769.79345703125,-0.00027131347451359
7200.0,90,-3777.00244140625,-0.000273098004981875
7200.0,91,-3784.47509765625,-0.000274960999377072
7200.0,92,-3792.220703125,-0.000276910024695098
7200.0,93,-3800.25,-0.000278945546597242
7200.0,94,-3808.57250976562,-0.000281076179817319
7200.0,95,-3817.19970703125,-0.000283299683360383
7200.0,96,-3826.14208984375,-0.000285634800093248
7200.0,97,-3835.41162109375,-0.000288068607915193
7200.0,98,-3845.02001953125,-0.000290637195575982
7200.0,99,-3854.97998046875,-0.000293276767479256
7200.0,100,-3864.58837890625,-0.0002959004486911
7200.0,101,-3873.85791015625,-0.000298433995340019
7200.0,102,-3882.80029296875,-0.00030091340886429
7200.0,103,-3891.42749023438,-0.000303323758998886
7200.0,104,-3899.75,-0.000305671128444374
7200.0,105,-3907.779296875,-0.000307954847812653
7200.0,106,-3915.52490234375,-0.000310176954371855
7200.0,107,-3922.99755859375,-0.000312337826471776
7200.0,108,-3930.20654296875,-0.000314436649205163
7200.0,109,-3937.1611328125,-0.00031648002914153
7200.0,110,-3943.87060546875,-0.000318464386509731
7200.0,111,-3950.34301757812,-0.000320391962304711
7200.0,112,-3956.58740234375,-0.000322264706483111
7200.0,113,-3962.611328125,-0.00032408264814876
7200.0,114,-3968.4228515625,-0.00032584770815447
7200.0,115,-3974.029296875,-0.000327560934238136
7200.0,116,-3979.43798828125,-0.000329224043525755
7200.0,117,-3984.65576171875,-0.000330835668137297
7200.0,118,-3989.68969726562,-0.000332400784827769
7200.0,119,-3994.5458984375,-0.000333918316755444
7200.0,120,-3999.23071289062,-0.000335388642270118
7200.0,121,-4003.75048828125,-0.000336815050104633
7200.0,122,-4008.11059570312,-0.000338199082762003
7200.0,123,-4012.31689453125,-0.000339537597028539
7200.0,124,-4016.375,-0.000340836762916297
7200.0,125,-4020.28979492188,-0.000342093291692436
7200.0,126,-4024.06640625,-0.000343311025062576
7200.0,127,-4027.7099609375,-0.000344492291333154
7200.0,128,-4031.22485351562,-0.000345633772667497
7200.0,129,-4034.61596679688,-0.000346739776432514
7200.0,130,-4037.88720703125,-0.000347811001120135
7200.0,131,-4041.04321289062,-0.000348846835549921
7200.0,132,-4044.08764648438,-0.000349851121427491
7200.0,133,-4047.02490234375,-0.000350822258042172
7200.0,134,-4049.8583984375,-0.000351760390913114
7200.0,135,-4052.59204101562,-0.000352671282598749
7200.0,136,-4055.22924804688,-0.000353549985447899
7200.0,137,-4057.7734375,-0.000354400312062353
7200.0,138,-4060.22778320312,-0.00035522342659533
7200.0,139,-4062.59545898438,-0.000356019474565983
7200.0,140,-4064.8798828125,-0.000356791395461187
7200.0,141,-4067.08349609375,-0.000357534270733595
7200.0,142,-4069.20947265625,-0.000358253950253129
7200.0,143,-4071.26025390625,-0.000358950637746602
7200.0,144,-4073.23901367188,-0.000359621742973104
7200.0,145,-4075.14770507812,-0.000360274367267266
7200.0,146,-4076.9892578125,-0.000360902718966827
7200.0,147,-4078.765625,-0.000361509970389307
7200.0,148,-4080.4794921875,-0.000362098304321989
7200.0,149,-4082.1328125,-0.000362663704436272
7200.0,150,-4083.72778320312,-0.000363211845979095
7200.0,151,-4085.2666015625,-0.00036374427145347
7200.0,152,-4086.75122070312,-0.000364256266038865
7200.0,153,-4088.18334960938,-0.000364749401342124
7200.0,154,-4089.56494140625,-0.00036522833397612
7200.0,155,-4090.89770507812,-0.000365691317711025
7200.0,156,-4092.18359375,-0.000366137537639588
7200.0,157,-4093.42407226562,-0.000366569147445261
7200.0,158,-4094.62060546875,-0.000366984371794388
7200.0,159,-4095.77514648438,-0.000367384287528694
7200.0,160,-4096.88916015625,-0.000367778062354773
7200.0,161,-4097.96337890625,-0.000368141132639721
7200.0,162,-4099.0,-0.00036853548954241
7200.0,626,-2501.0,-5.08261400682386e-05
7200.0,627,-2502.01684570312,-5.09422898176126e-05
7200.0,628,-2503.05053710938,-5.10414138261694e-05
7200.0,629,-2504.1015625,-5.1150331273675e-05
7200.0,630,-2505.17016601562,-5.12585647811648e-05
7200.0,631,-2506.25659179688,-5.13683589815628e-05
7200.0,632,-2507.361328125,-5.14803723490331e-05
7200.0,633,-2508.484375,-5.15947249368764e-05
7200.0,634,-2509.62622070312,-5.17106091137975e-05
7200.0,635,-2510.78735351562,-5.1828505092999e-05
7200.0,636,-2511.9677734375,-5.19482491654344e-05
7200.0,637,-2513.16796875,-5.20700050401501e-05
7200.0,638,-2514.38818359375,-5.2193758165231e-05
7200.0,639,-2515.62890625,-5.23197049915325e-05
7200.0,640,-2516.89013671875,-5.24475908605382e-05
7200.0,641,-2518.1728515625,-5.25782015756704e-05
7200.0,642,-2519.47680664062,-5.27100964973215e-05
7200.0,643,-2520.80249023438,-5.28445780219045e-05
7200.0,644,-2522.150390625,-5.29818462382536e-05
7200.0,645,-2523.52099609375,-5.31204568687826e-05
7200.0,646,-2524.91430664062,-5.32624289917294e-05
7200.0,647,-2526.3310546875,-5.34060782229062e-05
7200.0,648,-2527.771484375,-5.35522303835023e-05
7200.0,649,-2529.23608398438,-5.37008163519204e-05
7200.0,650,-2530.72509765625,-5.38514796062373e-05
7200.0,651,-2532.23901367188,-5.40055225428659e-05
7200.0,652,-2533.7783203125,-5.41621629963629e-05
7200.0,653,-2535.34326171875,-5.4320611525327e-05
7200.0,654,-2536.93432617188,-5.44821123185102e-05
7200.0,655,-2538.55224609375,-5.46465489605907e-05
7200.0,656,-2540.19702148438,-5.48133575648535e-05
7200.0,657,-2541.86938476562,-5.49825745110866e-05
7200.0,658,-2543.56982421875,-5.51550547243096e-05
7200.0,659,-2545.29858398438,-5.53308491362259e-05
7200.0,660,-2547.05615234375,-5.55092738068197e-05
7200.0,661,-2548.84326171875,-5.56905797566287e-05
7200.0,662,-2550.66015625,-5.58752581127919e-05
7200.0,663,-2552.50756835938,-5.60622465854976e-05
7200.0,664,-2554.38598632812,-5.62523127882741e-05
7200.0,665,-2556.29565429688,-5.64468427910469e-05
7200.0,666,-2558.2373046875,-5.66437738598324e-05
7200.0,667,-2560.21142578125,-5.68436771573033e-05
7200.0,668,-2562.21850585938,-5.70476440771017e-05
7200.0,669,-2564.25903320312,-5.7254612329416e-05
7200.0,670,-2566.333984375,-5.74647929170169e-05
7200.0,671,-2568.44360351562,-5.76792772335466e-05
7200.0,672,-2570.58837890625,-5.78973740630317e-05
7200.0,673,-2572.76904296875,-5.81182939640712e-05
7200.0,674,-2574.98608398438,-5.83433429710567e-05
7200.0,675,-2577.24047851562,-5.85724628763273e-05
7200.0,676,-2579.53247070312,-5.88050206715707e-05
7200.0,677,-2581.86279296875,-5.90412964811549e-05
7200.0,678,-2584.23193359375,-5.92816613789182e-05
7200.0,679,-2586.64086914062,-5.95254823565483e-05
7200.0,680,-2589.09008789062,-5.97745129198302e-05
7200.0,681,-2591.58032226562,-6.00274797761813e-05
7200.0,682,-2594.11206054688,-6.02843902015593e-05
7200.0,683,-2596.68627929688,-6.05452805757523e-05
7200.0,684,-2599.30346679688,-6.08106201980263e-05
7200.0,685,-2601.96459960938,-6.1081642343197e-05
7200.0,686,-2604.67016601562,-6.13554584560916e-05
7200.0,687,-2607.4208984375,-6.16348042967729e-05
7200.0,688,-2610.21752929688,-6.19182828813791e-05
7200.0,689,-2613.06127929688,-6.22071966063231e-05
7200.0,690,-2615.95239257812,-6.25005195615813e-05
7200.0,691,-2618.89184570312,-6.27981498837471e-05
7200.0,692,-2621.88037109375,-6.31019647698849e-05
7200.0,693,-2624.9189453125,-6.34100069873966e-05
7200.0,694,-2628.00854492188,-6.37240664218552e-05
7200.0,695,-2631.14965820312,-6.404249870684e-05
7200.0,696,-2634.34326171875,-6.43662424408831e-05
7200.0,697,-2637.59033203125,-6.46953994873911e-05
7200.0,698,-2640.89184570312,-6.50313086225651e-05
7200.0,699,-2644.24853515625,-6.5371445089113e-05
7200.0,700,-2647.66137695312,-6.57175987726077e-05
7200.0,701,-2651.13110351562,-6.60705045447685e-05
7200.0,702,-2654.65893554688,-6.64273247821257e-05
7200.0,703,-2658.24584960938,-6.67914064251818e-05
7200.0,704,-2661.89282226562,-6.71619782224298e-05
7200.0,705,-2665.60083007812,-6.75382761983201e-05
7200.0,706,-2669.37060546875,-6.79201184539124e-05
7200.0,707,-2673.20361328125,-6.83094549458474e-05
7200.0,708,-2677.10083007812,-6.87045321683399e-05
7200.0,709,-2681.06298828125,-6.91066161380149e-05
7200.0,710,-2685.09155273438,-6.95152775733732e-05
7200.0,711,-2689.1875,-6.99311203788966e-05
7200.0,712,-2693.35205078125,-7.03541227267124e-05
7200.0,713,-2697.58618164062,-7.07828148733824e-05
7200.0,714,-2701.89111328125,-7.12198379915208e-05
7200.0,715,-2706.26806640625,-7.1664821007289e-05
7200.0,716,-2710.71826171875,-7.21152246114798e-05
7200.0,717,-2715.24267578125,-7.25748104741797e-05
7200.0,718,-2719.84301757812,-7.30417523300275e-05
7200.0,719,-2724.52026367188,-7.35158464522101e-05
7200.0,720,-2729.27563476562,-7.39986789994873e-05
7200.0,721,-2734.11059570312,-7.44894059607759e-05
7200.0,722,-2739.02661132812,-7.49877945054322e-05
7200.0,723,-2744.02465820312,-7.54945285734721e-05
7200.0,724,-2749.1064453125,-7.60109978727996e-05
7200.0,725,-2754.27294921875,-7.6534335676115e-05
7200.0,726,-2759.52612304688,-7.70674814702943e-05
7200.0,727,-2764.8671875,-7.76093875174411e-05
7200.0,728,-2770.29736328125,-7.81606286182068e-05
7200.0,729,-2775.81860351562,-7.87203025538474e-05
7200.0,730,-2781.43212890625,-7.92894352343865e-05
7200.0,731,-2787.13940429688,-7.98694309196435e-05
7200.0,732,-2792.9423828125,-8.04571973276325e-05
7200.0,733,-2798.84228515625,-8.10563506092876e-05
7200.0,734,-2804.8408203125,-8.16645115264691e-05
7200.0,735,-2810.93969726562,-8.22830697870813e-05
7200.0,736,-2817.14086914062,-8.29126001917757e-05
7200.0,737,-2823.4453125,-8.35516402730718e-05
7200.0,738,-2829.85546875,-8.42025547171943e-05
7200.0,739,-2836.37280273438,-8.48627460072748e-05
7200.0,740,-2842.99926757812,-8.55355538078584e-05
7200.0,741,-2849.73657226562,-8.62189990584739e-05
7200.0,742,-2856.58642578125,-8.69139112182893e-05
7200.0,743,-2863.55078125,-8.76200865604915e-05
7200.0,744,-2870.6318359375,-8.83386237546802e-05
7200.0,745,-2877.8310546875,-8.90687515493482e-05
7200.0,746,-2885.15087890625,-8.98108919500373e-05
7200.0,747,-2892.59326171875,-9.05664710444398e-05
7200.0,748,-2900.15991210938,-9.13333642529324e-05
7200.0,749,-2907.85327148438,-9.21148166526109e-05
7200.0,750,-2915.67529296875,-9.29071466089226e-05
7200.0,751,-2923.6279296875,-9.37137519940734e-05
7200.0,752,-2931.7138671875,-9.45339343161322e-05
7200.0,753,-2939.93505859375,-9.5367620815523e-05
7200.0,754,-2948.29345703125,-9.62157137109898e-05
7200.0,755,-2956.7919921875,-9.70778637565672e-05
7200.0,756,-2965.4326171875,-9.79541655397043e-05
7200.0,757,-2974.21752929688,-9.88448009593412e-05
7200.0,758,-2983.14965820312,-9.97510578599758e-05
7200.0,759,-2992.23095703125,-0.000100671735708602
7200.0,760,-3001.46435546875,-0.000101608500699513
7200.0,761,-3010.85229492188,-0.000102560712548438
7200.0,762,-3020.39697265625,-0.000103528385807294
7200.0,763,-3030.10131835938,-0.000104512349935248
7200.0,764,-3039.96826171875,-0.000105514547612984
7200.0,765,-3050.0,-0.000106529951153789
7200.0,766,-3060.03173828125,-0.000107546293293126
7200.0,767,-3069.89868164062,-0.000108547217678279
7200.0,768,-3079.60302734375,-0.000109531276393682
7200.0,769,-3089.14770507812,-0.000110499750007875
7200.0,770,-3098.53564453125,-0.000111451365228277
7200.0,771,-3107.76904296875,-0.000112388246634509
7200.0,772,-3116.85034179688,-0.000113308698928449
7200.0,773,-3125.78247070312,-0.00011421472299844
7200.0,774,-3134.5673828125,-0.00011510538024595
7200.0,775,-3143.2080078125,-0.000115981070848648
7200.0,776,-3151.70654296875,-0.000116843737487216
7200.0,777,-3160.06494140625,-0.000117690302431583
7200.0,778,-3168.2861328125,-0.000118524272693321
7200.0,779,-3176.3720703125,-0.000119344244012609
7200.0,780,-3184.32470703125,-0.000120149947179016
7200.0,781,-3192.14672851562,-0.00012094336852897
7200.0,782,-3199.84008789062,-0.000121723707707133
7200.0,783,-3207.40673828125,-0.000122490790090524
7200.0,784,-3214.84912109375,-0.000123245743452571
7200.0,785,-3222.1689453125,-0.000123987745610066
7200.0,786,-3229.3681640625,-0.000124717422295362
7200.0,787,-3236.44921875,-0.000125435690279119
7200.0,788,-3243.41357421875,-0.00012614147271961
7200.0,789,-3250.26342773438,-0.00012683606473729
7200.0,790,-3257.00073242188,-0.000127519117086194
7200.0,791,-3263.62719726562,-0.000128191575640813
7200.0,792,-3270.14453125,-0.000128851374029182
7200.0,793,-3276.5546875,-0.000129501917399466
7200.0,794,-3282.85913085938,-0.000130140571855009
7200.0,795,-3289.06030273438,-0.000130769723909907
7200.0,796,-3295.1591796875,-0.000131387889268808
7200.0,797,-3301.15771484375,-0.000131995664560236
7200.0,798,-3307.0576171875,-0.000132594417664222
7200.0,799,-3312.86059570312,-0.000133181776618585
7200.0,800,-3318.56787109375,-0.000133761379402131
7200.0,801,-3324.18139648438,-0.000134330097353086
7200.0,802,-3329.70263671875,-0.000134889371111058
7200.0,803,-3335.1328125,-0.000135440204758197
7200.0,804,-3340.47387695312,-0.000135981710627675
7200.0,805,-3345.72705078125,-0.00013651444169227
7200.0,806,-3350.8935546875,-0.000137037379317917
7200.0,807,-3355.97534179688,-0.000137553419335745
7200.0,808,-3360.97338867188,-0.000138059796881862
7200.0,809,-3365.88940429688,-0.000138557690661401
7200.0,810,-3370.72436523438,-0.000139048148412257
7200.0,811,-3375.47973632812,-0.000139530326123349
7200.0,812,-3380.15698242188,-0.00014000445662532
7200.0,813,-3384.75732421875,-0.000140470205224119
7200.0,814,-3389.28173828125,-0.00014092908531893
7200.0,815,-3393.73193359375,-0.000141380573040806
7200.0,816,-3398.10888671875,-0.00014182370796334
7200.0,817,-3402.41381835938,-0.000142260527354665
7200.0,818,-3406.64794921875,-0.000142689794301987
7200.0,819,-3410.8125,-0.000143111654324457
7200.0,820,-3414.90844726562,-0.000143527897307649
7200.0,821,-3418.93701171875,-0.000143935045343824
7200.0,822,-3422.89916992188,-0.000144336852827109
7200.0,823,-3426.79638671875,-0.000144732402986847
7200.0,824,-3430.62939453125,-0.000145120968227275
7200.0,825,-3434.39916992188,-0.000145502490340732
7200.0,826,-3438.10717773438,-0.000145878671901301
7200.0,827,-3441.75415039062,-0.000146248174132779
7200.0,828,-3445.34106445312,-0.000146611520904116
7200.0,829,-3448.86889648438,-0.000146969498018734
7200.0,830,-3452.33862304688,-0.000147320533869788
7200.0,831,-3455.75146484375,-0.000147666607517749
7200.0,832,-3459.10815429688,-0.000148007195093669
7200.0,833,-3462.40966796875,-0.000148342296597548
7200.0,834,-3465.65673828125,-0.000148671344504692
7200.0,835,-3468.85034179688,-0.000148994600749575
7200.0,836,-3471.99145507812,-0.000149312749272212
7200.0,837,-3475.0810546875,-0.000149626430356875
7200.0,838,-3478.11962890625,-0.000149934145156294
7200.0,839,-3481.10815429688,-0.000150237625348382
7200.0,840,-3484.04760742188,-0.000150534906424582
7200.0,841,-3486.93872070312,-0.000150827938341536
7200.0,842,-3489.78247070312,-0.000151116430060938
7200.0,843,-3492.5791015625,-0.000151399741298519
7200.0,844,-3495.32983398438,-0.000151678483234718
7200.0,845,-3498.03540039062,-0.000151952495798469
7200.0,846,-3500.69653320312,-0.000152222200995311
7200.0,847,-3503.31372070312,-0.000152487351442687
7200.0,848,-3505.88793945312,-0.000152748631080613
7200.0,849,-3508.41967773438,-0.000153005225001834
7200.0,850,-3510.90991210938,-0.000153257220517844
7200.0,851,-3513.35913085938,-0.000153505796333775
7200.0,852,-3515.76806640625,-0.000153750355821103
7200.0,853,-3518.13720703125,-0.000153989880345762
7200.0,854,-3520.46752929688,-0.000154226159793325
7200.0,855,-3522.75952148438,-0.000154458248289302
7200.0,856,-3525.01391601562,-0.000154687237227336
7200.0,857,-3527.23095703125,-0.000154911846038885
7200.0,858,-3529.41162109375,-0.000155132729560137
7200.0,859,-3531.55639648438,-0.000155350106069818
7200.0,860,-3533.666015625,-0.00015556339349132
7200.0,861,-3535.74096679688,-0.000155774250742979
7200.0,862,-3537.78149414062,-0.000155981353600509
7200.0,863,-3539.78857421875,-0.000156184934894554
7200.0,864,-3541.7626953125,-0.000156384485308081
7200.0,865,-3543.70434570312,-0.000156581547344103
7200.0,866,-3545.61401367188,-0.000156774956849404
7200.0,867,-3547.49243164062,-0.000156964742927812
7200.0,868,-3549.33984375,-0.000157152433530428
7200.0,869,-3551.15673828125,-0.000157336398842745
7200.0,870,-3552.94384765625,-0.000157517701154575
7200.0,871,-3554.70141601562,-0.000157695772941224
7200.0,872,-3556.43017578125,-0.0001578713854542
7200.0,873,-3558.13061523438,-0.000158043621922843
7200.0,874,-3559.80297851562,-0.000158212627866305
7200.0,875,-3561.44775390625,-0.000158379203639925
7200.0,876,-3563.06567382812,-0.000158543422003277
7200.0,877,-3564.65673828125,-0.000158704700879753
7200.0,878,-3566.2216796875,-0.000158862938405946
7200.0,879,-3567.76098632812,-0.000159019356942736
7200.0,880,-3569.27490234375,-0.00015917319979053
7200.0,881,-3570.76391601562,-0.000159323637490161
7200.0,882,-3572.228515625,-0.00015947203792166
7200.0,883,-3573.6689453125,-0.000159617935423739
7200.0,884,-3575.08569335938,-0.000159761446411721
7200.0,885,-3576.47900390625,-0.000159903007443063
7200.0,886,-3577.849609375,-0.000160041774506681
7200.0,887,-3579.19750976562,-0.000160177936777472
7200.0,888,-3580.52319335938,-0.000160312090883963
7200.0,889,-3581.8271484375,-0.000160444658831693
7200.0,890,-3583.10986328125,-0.000160574330948293
7200.0,891,-3584.37109375,-0.000160702460561879
7200.0,892,-3585.61181640625,-0.000160826952196658
7200.0,893,-3586.83203125,-0.00016095234605018
7200.0,894,-3588.0322265625,-0.000161068994202651
7200.0,895,-3589.21264648438,-0.000161198244313709
7200.0,896,-3590.37377929688,-0.000161293108249083
7200.0,897,-3591.515625,-0.000161458345246501
7200.0,898,-3592.638671875,-0.000161459800438024
7200.0,899,-3593.74340820312,-0.00016182305989787
7200.0,900,-3594.82983398438,-0.000161360512720421
7200.0,901,-3595.8984375,-0.000162782554980367
7200.0,902,-3596.94946289062,-0.000159856848767959
7200.0,903,-3597.98315429688,-0.000167020873050205
7200.0,904,-3599.0,-0.000150710096932016
14400.0,2,-3600.0,-0.000191915140021592
14400.0,3,-4100.0,-0.000403243553591892
14400.0,6,-2500.0,-5.07527038280386e-05
14400.0,35,-3601.0,-0.000263199413893744
14400.0,36,-3602.03662109375,-0.000238354507018812
14400.0,37,-3603.11108398438,-0.000247751129791141
14400.0,38,-3604.22485351562,-0.000244634924456477
14400.0,39,-3605.37939453125,-0.000246197421802208
14400.0,40,-3606.57592773438,-0.000245990697294474
14400.0,41,-3607.81640625,-0.000246478186454624
14400.0,42,-3609.10229492188,-0.000246711453655735
14400.0,43,-3610.43505859375,-0.000247056828811765
14400.0,44,-3611.81665039062,-0.000247377553023398
14400.0,45,-3613.24877929688,-0.000247724557993934
14400.0,46,-3614.7333984375,-0.000248079100856557
14400.0,47,-3616.27221679688,-0.000248450029175729
14400.0,48,-3617.8671875,-0.000248834607191384
14400.0,49,-3619.5205078125,-0.000249233125941828
14400.0,50,-3621.234375,-0.000249649747274816
14400.0,51,-3623.0107421875,-0.000250079814577475
14400.0,52,-3624.85229492188,-0.000250528450123966
14400.0,53,-3626.76098632812,-0.000250992947258055
14400.0,54,-3628.73974609375,-0.000251475750701502
14400.0,55,-3630.79052734375,-0.000251978432061151
14400.0,56,-3632.91650390625,-0.000252499128691852
14400.0,57,-3635.1201171875,-0.000253043050179258
14400.0,58,-3637.40454101562,-0.000253605161560699
14400.0,59,-3639.77221679688,-0.000254191138083115
14400.0,60,-3642.2265625,-0.000254801474511623
14400.0,61,-3644.77075195312,-0.000255432853009552
14400.0,62,-3647.40795898438,-0.000256090541370213
14400.0,63,-3650.1416015625,-0.000256775208981708
14400.0,64,-3652.97509765625,-0.000257485924521461
14400.0,65,-3655.91235351562,-0.000258223415585235
14400.0,66,-3658.95678710938,-0.000258993473835289
14400.0,67,-3662.11279296875,-0.000259794731391594
14400.0,68,-3665.38403320312,-0.000260626518866047
14400.0,69,-3668.77514648438,-0.000261492386925966
14400.0,70,-3672.2900390625,-0.000262393441516906
14400.0,71,-3675.93359375,-0.000263330468442291
14400.0,72,-3679.71020507812,-0.000264306378085166
14400.0,73,-3683.625,-0.000265324109932408
14400.0,74,-3687.68310546875,-0.00026638200506568
14400.0,75,-3691.88940429688,-0.000267484545474872
14400.0,76,-3696.24951171875,-0.00026863141101785
14400.0,77,-3700.76928710938,-0.000269827840384096
14400.0,78,-3705.4541015625,-0.000271075085038319
14400.0,79,-3710.31030273438,-0.00027237314498052
14400.0,80,-3715.34423828125,-0.000273727317107841
14400.0,81,-3720.56201171875,-0.000275138358119875
14400.0,82,-3725.970703125,-0.000276608334388584
14400.0,83,-3731.5771484375,-0.000278143212199211
14400.0,84,-3737.388671875,-0.000279746513115242
14400.0,85,-3743.41259765625,-0.000281416461803019
14400.0,86,-3749.65698242188,-0.000283160741673782
14400.0,87,-3756.12939453125,-0.000284982117591426
14400.0,88,-3762.8388671875,-0.000286881200736389
14400.0,89,-3769.79345703125,-0.000288868584902957
14400.0,90,-3777.00244140625,-0.000290944124571979
14400.0,91,-3784.47509765625,-0.000293111952487379
14400.0,92,-3792.220703125,-0.000295380566967651
14400.0,93,-3800.25,-0.000297751306788996
14400.0,94,-3808.57250976562,-0.000300233572488651
14400.0,95,-3817.19970703125,-0.000302825559629127
14400.0,96,-3826.14208984375,-0.000305548659525812
14400.0,97,-3835.41162109375,-0.000308388582197949
14400.0,98,-3845.02001953125,-0.000311387237161398
14400.0,99,-3854.97998046875,-0.000314469041768461
14400.0,100,-3864.58837890625,-0.0003175352467224
14400.0,101,-3873.85791015625,-0.0003204976383131
14400.0,102,-3882.80029296875,-0.000323397776810452
14400.0,103,-3891.42749023438,-0.000326218723785132
14400.0,104,-3899.75,-0.000328967144014314
14400.0,105,-3907.779296875,-0.000331642164383084
14400.0,106,-3915.52490234375,-0.000334245996782556
14400.0,107,-3922.99755859375,-0.000336779077770188
14400.0,108,-3930.20654296875,-0.000339240534231067
14400.0,109,-3937.1611328125,-0.000341637613018975
14400.0,110,-3943.87060546875,-0.000343966414220631
14400.0,111,-3950.34301757812,-0.000346229295246303
14400.0,112,-3956.58740234375,-0.000348428497090936
14400.0,113,-3962.611328125,-0.000350563961546868
14400.0,114,-3968.4228515625,-0.000352638016920537
14400.0,115,-3974.029296875,-0.00035465185646899
14400.0,116,-3979.43798828125,-0.000356607139110565
14400.0,117,-3984.65576171875,-0.000358502467861399
14400.0,118,-3989.68969726562,-0.000360343517968431
14400.0,119,-3994.5458984375,-0.000362129212589934
14400.0,120,-3999.23071289062,-0.000363859697245061
14400.0,121,-4003.75048828125,-0.000365538813639432
14400.0,122,-4008.11059570312,-0.000367168395314366
14400.0,123,-4012.31689453125,-0.000368744891602546
14400.0,124,-4016.375,-0.000370275171007961
14400.0,125,-4020.28979492188,-0.000371755711967126
14400.0,126,-4024.06640625,-0.000373190676327795
14400.0,127,-4027.7099609375,-0.000374582916265354
14400.0,128,-4031.22485351562,-0.000375928648281842
14400.0,129,-4034.61596679688,-0.000377232645405456
14400.0,130,-4037.88720703125,-0.0003784958680626
14400.0,131,-4041.04321289062,-0.000379717588657513
14400.0,132,-4044.08764648438,-0.000380902201868594
14400.0,133,-4047.02490234375,-0.000382047845050693
14400.0,134,-4049.8583984375,-0.000383154925657436
14400.0,135,-4052.59204101562,-0.000384229788323864
14400.0,136,-4055.22924804688,-0.00038526690332219
14400.0,137,-4057.7734375,-0.000386270636226982
14400.0,138,-4060.22778320312,-0.000387242471333593
14400.0,139,-4062.59545898438,-0.000388182350434363
14400.0,140,-4064.8798828125,-0.000389093824196607
14400.0,141,-4067.08349609375,-0.000389971217373386
14400.0,142,-4069.20947265625,-0.000390821194741875
14400.0,143,-4071.26025390625,-0.00039164413465187
14400.0,144,-4073.23901367188,-0.000392437039408833
14400.0,145,-4075.14770507812,-0.000393207999877632
14400.0,146,-4076.9892578125,-0.000393950467696413
14400.0,147,-4078.765625,-0.000394668051740155
14400.0,148,-4080.4794921875,-0.000395363167626783
14400.0,149,-4082.1328125,-0.0003960314206779
14400.0,150,-4083.72778320312,-0.000396679330151528
14400.0,151,-4085.2666015625,-0.000397308642277494
14400.0,152,-4086.75122070312,-0.000397913943743333
14400.0,153,-4088.18334960938,-0.000398496980778873
14400.0,154,-4089.56494140625,-0.000399063195800409
14400.0,155,-4090.89770507812,-0.000399610609747469
14400.0,156,-4092.18359375,-0.00040013829129748
14400.0,157,-4093.42407226562,-0.000400648626964539
14400.0,158,-4094.62060546875,-0.000401139666792005
14400.0,159,-4095.77514648438,-0.000401612720452249
14400.0,160,-4096.88916015625,-0.000402077886974439
14400.0,161,-4097.96337890625,-0.000402508216211572
14400.0,162,-4099.0,-0.000402972538722679
14400.0,626,-2501.0,-5.08254706801381e-05
14400.0,627,-2502.01684570312,-5.09416204295121e-05
14400.0,628,-2503.05053710938,-5.10407444380689e-05
14400.0,629,-2504.1015625,-5.11496618855745e-05
14400.0,630,-2505.17016601562,-5.12578953930642e-05
14400.0,631,-2506.25659179688,-5.13676895934623e-05
14400.0,632,-2507.361328125,-5.14796993229538e-05
14400.0,633,-2508.484375,-5.15940555487759e-05
14400.0,634,-2509.62622070312,-5.1709939725697e-05
14400.0,635,-2510.78735351562,-5.18278357048985e-05
14400.0,636,-2511.9677734375,-5.19475797773339e-05
14400.0,637,-2513.16796875,-5.20693356520496e-05
14400.0,638,-2514.38818359375,-5.21930887771305e-05
14400.0,639,-2515.62890625,-5.2319035603432e-05
14400.0,640,-2516.89013671875,-5.24469214724377e-05
14400.0,641,-2518.1728515625,-5.25775321875699e-05
14400.0,642,-2519.47680664062,-5.2709427109221e-05
14400.0,643,-2520.80249023438,-5.28439086338039e-05
14400.0,644,-2522.150390625,-5.29811768501531e-05
14400.0,645,-2523.52099609375,-5.31197874806821e-05
14400.0,646,-2524.91430664062,-5.32617559656501e-05
14400.0,647,-2526.3310546875,-5.34054088348057e-05
14400.0,648,-2527.771484375,-5.35515609954018e-05
14400.0,649,-2529.23608398438,-5.37001469638199e-05
14400.0,650,-2530.72509765625,-5.38508102181368e-05
14400.0,651,-2532.23901367188,-5.40048531547654e-05
14400.0,652,-2533.7783203125,-5.41614936082624e-05
14400.0,653,-2535.34326171875,-5.43199421372265e-05
14400.0,654,-2536.93432617188,-5.44814429304097e-05
14400.0,655,-2538.55224609375,-5.46458795724902e-05
14400.0,656,-2540.19702148438,-5.4812688176753e-05
14400.0,657,-2541.86938476562,-5.49819051229861e-05
14400.0,658,-2543.56982421875,-5.51543853362091e-05
14400.0,659,-2545.29858398438,-5.53301797481254e-05
14400.0,660,-2547.05615234375,-5.55086044187192e-05
14400.0,661,-2548.84326171875,-5.56899103685282e-05
14400.0,662,-2550.66015625,-5.58745887246914e-05
14400.0,663,-2552.50756835938,-5.60615771973971e-05
14400.0,664,-2554.38598632812,-5.62516434001736e-05
14400.0,665,-2556.29565429688,-5.64461734029464e-05
14400.0,666,-2558.2373046875,-5.66431044717319e-05
14400.0,667,-2560.21142578125,-5.68430077692028e-05
14400.0,668,-2562.21850585938,-5.70469746890012e-05
14400.0,669,-2564.25903320312,-5.72539429413155e-05
14400.0,670,-2566.333984375,-5.74641235289164e-05
14400.0,671,-2568.44360351562,-5.76786078454461e-05
14400.0,672,-2570.58837890625,-5.78967046749312e-05
14400.0,673,-2572.76904296875,-5.81176245759707e-05
14400.0,674,-2574.98608398438,-5.83426735829562e-05
14400.0,675,-2577.24047851562,-5.85717934882268e-05
14400.0,676,-2579.53247070312,-5.88043512834702e-05
14400.0,677,-2581.86279296875,-5.90406234550755e-05
14400.0,678,-2584.23193359375,-5.92809919908177e-05
14400.0,679,-2586.64086914062,-5.95248129684478e-05
14400.0,680,-2589.09008789062,-5.97738435317297e-05
14400.0,681,-2591.58032226562,-6.0026806750102e-05
14400.0,682,-2594.11206054688,-6.02837208134588e-05
14400.0,683,-2596.68627929688,-6.05446111876518e-05
14400.0,684,-2599.30346679688,-6.08099508099258e-05
14400.0,685,-2601.96459960938,-6.10809729550965e-05
14400.0,686,-2604.67016601562,-6.13547890679911e-05
14400.0,687,-2607.4208984375,-6.16341349086724e-05
14400.0,688,-2610.21752929688,-6.19176134932786e-05
14400.0,689,-2613.06127929688,-6.22065272182226e-05
14400.0,690,-2615.95239257812,-6.24998501734808e-05
14400.0,691,-2618.89184570312,-6.27974804956466e-05
14400.0,692,-2621.88037109375,-6.31012953817844e-05
14400.0,693,-2624.9189453125,-6.34093375992961e-05
14400.0,694,-2628.00854492188,-6.37233970337547e-05
14400.0,695,-2631.14965820312,-6.40418220427819e-05
14400.0,696,-2634.34326171875,-6.43655730527826e-05
14400.0,697,-2637.59033203125,-6.46947300992906e-05
14400.0,698,-2640.89184570312,-6.50306392344646e-05
14400.0,699,-2644.24853515625,-6.53707757010125e-05
14400.0,700,-2647.66137695312,-6.57169293845072e-05
14400.0,701,-2651.13110351562,-6.6069835156668e-05
14400.0,702,-2654.65893554688,-6.64266553940251e-05
14400.0,703,-2658.24584960938,-6.67907370370813e-05
14400.0,704,-2661.89282226562,-6.71613088343292e-05
14400.0,705,-2665.60083007812,-6.75376068102196e-05
14400.0,706,-2669.37060546875,-6.79194490658119e-05
14400.0,707,-2673.20361328125,-6.83087855577469e-05
14400.0,708,-2677.10083007812,-6.87038627802394e-05
14400.0,709,-2681.06298828125,-6.91059467499144e-05
14400.0,710,-2685.09155273438,-6.95146081852727e-05
14400.0,711,-2689.1875,-6.99304509907961e-05
14400.0,712,-2693.35205078125,-7.03534533386119e-05
14400.0,713,-2697.58618164062,-7.07821454852819e-05
14400.0,714,-2701.89111328125,-7.12191686034203e-05
14400.0,715,-2706.26806640625,-7.16641516191885e-05
14400.0,716,-2710.71826171875,-7.21145552233793e-05
14400.0,717,-2715.24267578125,-7.25741410860792e-05
14400.0,718,-2719.84301757812,-7.3041082941927e-05
14400.0,719,-2724.52026367188,-7.35151770641096e-05
14400.0,720,-2729.27563476562,-7.39980096113868e-05
14400.0,721,-2734.11059570312,-7.44887365726754e-05
14400.0,722,-2739.02661132812,-7.49871251173317e-05
14400.0,723,-2744.02465820312,-7.54938591853715e-05
14400.0,724,-2749.1064453125,-7.60103284846991e-05
14400.0,725,-2754.27294921875,-7.65336662880145e-05
14400.0,726,-2759.52612304688,-7.70668120821938e-05
14400.0,727,-2764.8671875,-7.76087181293406e-05
14400.0,728,-2770.29736328125,-7.81599592301063e-05
14400.0,729,-2775.81860351562,-7.87196331657469e-05
14400.0,730,-2781.43212890625,-7.9288765846286e-05
14400.0,731,-2787.13940429688,-7.9868761531543e-05
14400.0,732,-2792.9423828125,-8.0456527939532e-05
14400.0,733,-2798.84228515625,-8.10556812211871e-05
14400.0,734,-2804.8408203125,-8.1663834862411e-05
14400.0,735,-2810.93969726562,-8.22824003989808e-05
14400.0,736,-2817.14086914062,-8.29119308036752e-05
14400.0,737,-2823.4453125,-8.35509708849713e-05
14400.0,738,-2829.85546875,-8.42018853290938e-05
14400.0,739,-2836.37280273438,-8.48620766191743e-05
14400.0,740,-2842.99926757812,-8.55348844197579e-05
14400.0,741,-2849.73657226562,-8.62183296703734e-05
14400.0,742,-2856.58642578125,-8.69132418301888e-05
14400.0,743,-2863.55078125,-8.7619417172391e-05
14400.0,744,-2870.6318359375,-8.83379543665797e-05
14400.0,745,-2877.8310546875,-8.90680821612477e-05
14400.0,746,-2885.15087890625,-8.98102225619368e-05
14400.0,747,-2892.59326171875,-9.05658016563393e-05
14400.0,748,-2900.15991210938,-9.13326948648319e-05
14400.0,749,-2907.85327148438,-9.21141472645104e-05
14400.0,750,-2915.67529296875,-9.29064772208221e-05
14400.0,751,-2923.6279296875,-9.37130826059729e-05
14400.0,752,-2931.7138671875,-9.45332649280317e-05
14400.0,753,-2939.93505859375,-9.53669514274225e-05
14400.0,754,-2948.29345703125,-9.62150443228893e-05
14400.0,755,-2956.7919921875,-9.70771943684667e-05
14400.0,756,-2965.4326171875,-9.79534961516038e-05
14400.0,757,-2974.21752929688,-9.88441315712407e-05
14400.0,758,-2983.14965820312,-9.97503884718753e-05
14400.0,759,-2992.23095703125,-0.000100671066320501
14400.0,760,-3001.46435546875,-0.000101607831311412
14400.0,761,-3010.85229492188,-0.000102560043160338
14400.0,762,-3020.39697265625,-0.000103527716419194
14400.0,763,-3030.10131835938,-0.000104511680547148
14400.0,764,-3039.96826171875,-0.000105513878224883
14400.0,765,-3050.0,-0.000106529281765688
14400.0,766,-3060.03173828125,-0.000107545623905025
14400.0,767,-3069.89868164062,-0.000108546548290178
14400.0,768,-3079.60302734375,-0.000109530607005581
14400.0,769,-3089.14770507812,-0.000110499080619775
14400.0,770,-3098.53564453125,-0.000111450695840176
14400.0,771,-3107.76904296875,-0.000112387577246409
14400.0,772,-3116.85034179688,-0.000113308029540349
14400.0,773,-3125.78247070312,-0.00011421405361034
14400.0,774,-3134.5673828125,-0.00011510471085785
14400.0,775,-3143.2080078125,-0.000115980401460547
14400.0,776,-3151.70654296875,-0.000116843068099115
14400.0,777,-3160.06494140625,-0.000117689633043483
14400.0,778,-3168.2861328125,-0.000118523603305221
14400.0,779,-3176.3720703125,-0.000119343574624509
14400.0,780,-3184.32470703125,-0.000120149277790915
14400.0,781,-3192.14672851562,-0.000120942699140869
14400.0,782,-3199.84008789062,-0.000121723038319033
14400.0,783,-3207.40673828125,-0.000122490120702423
14400.0,784,-3214.84912109375,-0.000123245074064471
14400.0,785,-3222.1689453125,-0.000123987076221965
14400.0,786,-3229.3681640625,-0.000124716752907261
14400.0,787,-3236.44921875,-0.000125435020891018
14400.0,788,-3243.41357421875,-0.000126140803331509
14400.0,789,-3250.26342773438,-0.00012683539534919
14400.0,790,-3257.00073242188,-0.000127518447698094
14400.0,791,-3263.62719726562,-0.000128190906252712
14400.0,792,-3270.14453125,-0.000128850704641081
14400.0,793,-3276.5546875,-0.000129501248011366
14400.0,794,-3282.85913085938,-0.000130139902466908
14400.0,795,-3289.06030273438,-0.000130769054521807
14400.0,796,-3295.1591796875,-0.000131387219880708
14400.0,797,-3301.15771484375,-0.000131994995172136
14400.0,798,-3307.0576171875,-0.000132593748276122
14400.0,799,-3312.86059570312,-0.000133181107230484
14400.0,800,-3318.56787109375,-0.00013376071001403
14400.0,801,-3324.18139648438,-0.000134329427964985
14400.0,802,-3329.70263671875,-0.000134888701722957
14400.0,803,-3335.1328125,-0.000135439535370097
14400.0,804,-3340.47387695312,-0.000135981041239575
14400.0,805,-3345.72705078125,-0.00013651377230417
14400.0,806,-3350.8935546875,-0.000137036709929816
14400.0,807,-3355.97534179688,-0.000137552749947645
14400.0,808,-3360.97338867188,-0.000138059127493761
14400.0,809,-3365.88940429688,-0.0001385570212733
14400.0,810,-3370.72436523438,-0.000139047479024157
14400.0,811,-3375.47973632812,-0.000139529656735249
14400.0,812,-3380.15698242188,-0.00014000378723722
14400.0,813,-3384.75732421875,-0.000140469535836019
14400.0,814,-3389.28173828125,-0.00014092841593083
14400.0,815,-3393.73193359375,-0.000141379903652705
14400.0,816,-3398.10888671875,-0.000141823038575239
14400.0,817,-3402.41381835938,-0.000142259857966565
14400.0,818,-3406.64794921875,-0.000142689124913886
14400.0,819,-3410.8125,-0.000143110984936357
14400.0,820,-3414.90844726562,-0.000143527227919549
14400.0,821,-3418.93701171875,-0.000143934375955723
14400.0,822,-3422.89916992188,-0.000144336183439009
14400.0,823,-3426.79638671875,-0.000144731733598746
14400.0,824,-3430.62939453125,-0.000145120298839174
14400.0,825,-3434.39916992188,-0.000145501820952632
14400.0,826,-3438.10717773438,-0.0001458780025132
14400.0,827,-3441.75415039062,-0.000146247504744679
14400.0,828,-3445.34106445312,-0.000146610851516016
14400.0,829,-3448.86889648438,-0.000146968828630634
14400.0,830,-3452.33862304688,-0.000147319864481688
14400.0,831,-3455.75146484375,-0.000147665938129649
14400.0,832,-3459.10815429688,-0.000148006525705568
14400.0,833,-3462.40966796875,-0.000148341627209447
14400.0,834,-3465.65673828125,-0.000148670675116591
14400.0,835,-3468.85034179688,-0.000148993931361474
14400.0,836,-3471.99145507812,-0.000149312079884112
14400.0,837,-3475.0810546875,-0.000149625760968775
14400.0,838,-3478.11962890625,-0.000149933475768194
14400.0,839,-3481.10815429688,-0.000150236955960281
14400.0,840,-3484.04760742188,-0.000150534237036481
14400.0,841,-3486.93872070312,-0.000150827268953435
14400.0,842,-3489.78247070312,-0.000151115760672837
14400.0,843,-3492.5791015625,-0.000151399071910419
14400.0,844,-3495.32983398438,-0.000151677813846618
14400.0,845,-3498.03540039062,-0.000151951840962283
14400.0,846,-3500.69653320312,-0.000152221546159126
14400.0,847,-3503.31372070312,-0.000152486682054587
14400.0,848,-3505.88793945312,-0.000152747961692512
14400.0,849,-3508.41967773438,-0.000153004555613734
14400.0,850,-3510.90991210938,-0.000153256551129743
14400.0,851,-3513.35913085938,-0.000153505126945674
14400.0,852,-3515.76806640625,-0.000153749686433002
14400.0,853,-3518.13720703125,-0.000153989210957661
14400.0,854,-3520.46752929688,-0.000154225490405224
14400.0,855,-3522.75952148438,-0.000154457578901201
14400.0,856,-3525.01391601562,-0.000154686567839235
14400.0,857,-3527.23095703125,-0.000154911176650785
14400.0,858,-3529.41162109375,-0.000155132060172036
14400.0,859,-3531.55639648438,-0.000155349436681718
14400.0,860,-3533.666015625,-0.00015556272410322
14400.0,861,-3535.74096679688,-0.000155773581354879
14400.0,862,-3537.78149414062,-0.000155980684212409
14400.0,863,-3539.78857421875,-0.000156184265506454
14400.0,864,-3541.7626953125,-0.00015638381591998
14400.0,865,-3543.70434570312,-0.000156580877956003
14400.0,866,-3545.61401367188,-0.000156774287461303
14400.0,867,-3547.49243164062,-0.000156964088091627
14400.0,868,-3549.33984375,-0.000157151764142327
14400.0,869,-3551.15673828125,-0.000157335729454644
14400.0,870,-3552.94384765625,-0.000157517031766474
14400.0,871,-3554.70141601562,-0.000157695103553124
14400.0,872,-3556.43017578125,-0.0001578707160661
14400.0,873,-3558.13061523438,-0.000158042952534743
14400.0,874,-3559.80297851562,-0.000158211958478205
14400.0,875,-3561.44775390625,-0.000158378534251824
14400.0,876,-3563.06567382812,-0.000158542752615176
14400.0,877,-3564.65673828125,-0.000158704031491652
14400.0,878,-3566.2216796875,-0.000158862269017845
14400.0,879,-3567.76098632812,-0.000159018687554635
14400.0,880,-3569.27490234375,-0.000159172530402429
14400.0,881,-3570.76391601562,-0.00015932296810206
14400.0,882,-3572.228515625,-0.000159471353981644
14400.0,883,-3573.6689453125,-0.000159617251483724
14400.0,884,-3575.08569335938,-0.000159760762471706
14400.0,885,-3576.47900390625,-0.000159902323503047
14400.0,886,-3577.849609375,-0.000160041090566665
14400.0,887,-3579.19750976562,-0.000160177252837457
14400.0,888,-3580.52319335938,-0.000160311392392032
14400.0,889,-3581.8271484375,-0.000160443974891677
14400.0,890,-3583.10986328125,-0.000160573603352532
14400.0,891,-3584.37109375,-0.000160701776621863
14400.0,892,-3585.61181640625,-0.00016082615184132
14400.0,893,-3586.83203125,-0.000160951734869741
14400.0,894,-3588.0322265625,-0.000161067888257094
14400.0,895,-3589.21264648438,-0.000161198186106049
14400.0,896,-3590.37377929688,-0.000161290692631155
14400.0,897,-3591.515625,-0.000161461226525716
14400.0,898,-3592.638671875,-0.00016145090921782
14400.0,899,-3593.74340820312,-0.000161841016961262
14400.0,900,-3594.82983398438,-0.000161318108439445
14400.0,901,-3595.8984375,-0.000162879092385992
14400.0,902,-3596.94946289062,-0.000159636285388842
14400.0,903,-3597.98315429688,-0.000167540216352791
14400.0,904,-3599.0,-0.000149519328260794
28800.0,2,-3600.0,-0.000195540735148825
28800.0,3,-4100.0,-0.000446666264906526
28800.0,6,-2500.0,-5.07518452650402e-05
28800.0,35,-3601.0,-0.000281607906799763
28800.0,36,-3602.03662109375,-0.000252574100159109
28800.0,37,-3603.11108398438,-0.000263323221588507
28800.0,38,-3604.22485351562,-0.000259821390500292
28800.0,39,-3605.37939453125,-0.000261592038441449
28800.0,40,-3606.57592773438,-0.00026136462111026
28800.0,41,-3607.81640625,-0.000261931883869693
28800.0,42,-3609.10229492188,-0.000262199086137116
28800.0,43,-3610.43505859375,-0.000262603833107278
28800.0,44,-3611.81665039062,-0.000262973713688552
28800.0,45,-3613.24877929688,-0.00026337816962041
28800.0,46,-3614.7333984375,-0.000263788970187306
28800.0,47,-3616.27221679688,-0.000264220085227862
28800.0,48,-3617.8671875,-0.000264666421571746
28800.0,49,-3619.5205078125,-0.000265129492618144
28800.0,50,-3621.234375,-0.000265613285591826
28800.0,51,-3623.0107421875,-0.000266112911049277
28800.0,52,-3624.85229492188,-0.000266634073341265
28800.0,53,-3626.76098632812,-0.000267173832980916
28800.0,54,-3628.73974609375,-0.000267734896624461
28800.0,55,-3630.79052734375,-0.000268319068709388
28800.0,56,-3632.91650390625,-0.000268924341071397
28800.0,57,-3635.1201171875,-0.000269556563580409
28800.0,58,-3637.40454101562,-0.000270210177404806
28800.0,59,-3639.77221679688,-0.000270891556283459
28800.0,60,-3642.2265625,-0.000271601369604468
28800.0,61,-3644.77075195312,-0.000272335833869874
28800.0,62,-3647.40795898438,-0.00027310085715726
28800.0,63,-3650.1416015625,-0.000273897516308352
28800.0,64,-3652.97509765625,-0.000274724618066102
28800.0,65,-3655.91235351562,-0.000275583035545424
28800.0,66,-3658.95678710938,-0.000276479433523491
28800.0,67,-3662.11279296875,-0.000277412327704951
28800.0,68,-3665.38403320312,-0.000278381106909364
28800.0,69,-3668.77514648438,-0.000279389641946182
28800.0,70,-3672.2900390625,-0.000280439417110756
28800.0,71,-3675.93359375,-0.000281531392829493
28800.0,72,-3679.71020507812,-0.000282668886939064
28800.0,73,-3683.625,-0.000283855333691463
28800.0,74,-3687.68310546875,-0.000285088957753032
28800.0,75,-3691.88940429688,-0.000286374910501763
28800.0,76,-3696.24951171875,-0.000287713046418503
28800.0,77,-3700.76928710938,-0.000289109157165512
28800.0,78,-3705.4541015625,-0.00029056504718028
28800.0,79,-3710.31030273438,-0.000292080774670467
28800.0,80,-3715.34423828125,-0.000293662276817486
28800.0,81,-3720.56201171875,-0.000295310746878386
28800.0,82,-3725.970703125,-0.000297028600471094
28800.0,83,-3731.5771484375,-0.000298823026241735
28800.0,84,-3737.388671875,-0.000300697807688266
28800.0,85,-3743.41259765625,-0.000302651314996183
28800.0,86,-3749.65698242188,-0.000304692395729944
28800.0,87,-3756.12939453125,-0.000306824484141544
28800.0,88,-3762.8388671875,-0.000309048482449725
28800.0,89,-3769.79345703125,-0.000311376614263281
28800.0,90,-3777.00244140625,-0.000313809083309025
28800.0,91,-3784.47509765625,-0.000316350749926642
28800.0,92,-3792.220703125,-0.000319011538522318
28800.0,93,-3800.25,-0.000321793602779508
28800.0,94,-3808.57250976562,-0.000324707594700158
28800.0,95,-3817.19970703125,-0.000327752117300406
28800.0,96,-3826.14208984375,-0.000330951792420819
28800.0,97,-3835.41162109375,-0.00033429084578529
28800.0,98,-3845.02001953125,-0.000337818230036646
28800.0,99,-3854.97998046875,-0.000341443810611963
28800.0,100,-3864.58837890625,-0.000345054490026087
28800.0,101,-3873.85791015625,-0.000348544854205102
28800.0,102,-3882.80029296875,-0.000351963099092245
28800.0,103,-3891.42749023438,-0.000355289957951754
28800.0,104,-3899.75,-0.000358532735845074
28800.0,105,-3907.779296875,-0.000361690239515156
28800.0,106,-3915.52490234375,-0.000364764971891418
28800.0,107,-3922.99755859375,-0.000367757340427488
28800.0,108,-3930.20654296875,-0.000370666472008452
28800.0,109,-3937.1611328125,-0.000373500341083854
28800.0,110,-3943.87060546875,-0.000376254582079127
28800.0,111,-3950.34301757812,-0.000378931843442842
28800.0,112,-3956.58740234375,-0.000381534569896758
28800.0,113,-3962.611328125,-0.000384062674129382
28800.0,114,-3968.4228515625,-0.000386518950108439
28800.0,115,-3974.029296875,-0.000388904707506299
28800.0,116,-3979.43798828125,-0.000391221576137468
28800.0,117,-3984.65576171875,-0.000393468100810423
28800.0,118,-3989.68969726562,-0.000395650829887018
28800.0,119,-3994.5458984375,-0.000397768628317863
28800.0,120,-3999.23071289062,-0.000399821466999128
28800.0,121,-4003.75048828125,-0.000401813711505383
28800.0,122,-4008.11059570312,-0.000403747661039233
28800.0,123,-4012.31689453125,-0.000405619211960584
28800.0,124,-4016.375,-0.000407436018576846
28800.0,125,-4020.28979492188,-0.00040919435559772
28800.0,126,-4024.06640625,-0.000410898850532249
28800.0,127,-4027.7099609375,-0.000412552879424766
28800.0,128,-4031.22485351562,-0.000414152076700702
28800.0,129,-4034.61596679688,-0.000415701855672523
28800.0,130,-4037.88720703125,-0.000417203438701108
28800.0,131,-4041.04321289062,-0.000418656039983034
28800.0,132,-4044.08764648438,-0.000420064578065649
28800.0,133,-4047.02490234375,-0.00042142701568082
28800.0,134,-4049.8583984375,-0.000422744051320478
28800.0,135,-4052.59204101562,-0.000424022669903934
28800.0,136,-4055.22924804688,-0.000425256614107639
28800.0,137,-4057.7734375,-0.000426451093517244
28800.0,138,-4060.22778320312,-0.000427607767051086
28800.0,139,-4062.59545898438,-0.000428726547397673
28800.0,140,-4064.8798828125,-0.0004298115381971
28800.0,141,-4067.08349609375,-0.000430856278399006
28800.0,142,-4069.20947265625,-0.000431868334999308
28800.0,143,-4071.26025390625,-0.000432848290074617
28800.0,144,-4073.23901367188,-0.000433792796684429
28800.0,145,-4075.14770507812,-0.000434710993431509
28800.0,146,-4076.9892578125,-0.00043559551704675
28800.0,147,-4078.765625,-0.000436450412962586
28800.0,148,-4080.4794921875,-0.000437278475146741
28800.0,149,-4082.1328125,-0.000438074785051867
28800.0,150,-4083.72778320312,-0.000438846880570054
28800.0,151,-4085.2666015625,-0.000439596886280924
28800.0,152,-4086.75122070312,-0.000440318370237947
28800.0,153,-4088.18334960938,-0.000441013398813084
28800.0,154,-4089.56494140625,-0.000441688345745206
28800.0,155,-4090.89770507812,-0.000442340911831707
28800.0,156,-4092.18359375,-0.000442970136646181
28800.0,157,-4093.42407226562,-0.000443578523118049
28800.0,158,-4094.62060546875,-0.000444164063083008
28800.0,159,-4095.77514648438,-0.000444728240836412
28800.0,160,-4096.88916015625,-0.000445282319560647
28800.0,161,-4097.96337890625,-0.000445796555140987
28800.0,162,-4099.0,-0.000446347490651533
28800.0,626,-2501.0,-5.08246157551184e-05
28800.0,627,-2502.01684570312,-5.09407655044924e-05
28800.0,628,-2503.05053710938,-5.10398858750705e-05
28800.0,629,-2504.1015625,-5.1148803322576e-05
28800.0,630,-2505.17016601562,-5.12570404680446e-05
28800.0,631,-2506.25659179688,-5.13668346684426e-05
28800.0,632,-2507.361328125,-5.14788443979342e-05
28800.0,633,-2508.484375,-5.15932006237563e-05
28800.0,634,-2509.62622070312,-5.17090848006774e-05
28800.0,635,-2510.78735351562,-5.18269771419e-05
28800.0,636,-2511.9677734375,-5.19467248523142e-05
28800.0,637,-2513.16796875,-5.206848072703e-05
28800.0,638,-2514.38818359375,-5.21922338521108e-05
28800.0,639,-2515.62890625,-5.23181770404335e-05
28800.0,640,-2516.89013671875,-5.2446066547418e-05
28800.0,641,-2518.1728515625,-5.25766736245714e-05
28800.0,642,-2519.47680664062,-5.27085721842013e-05
28800.0,643,-2520.80249023438,-5.28430537087843e-05
28800.0,644,-2522.150390625,-5.29803219251335e-05
28800.0,645,-2523.52099609375,-5.31189325556625e-05
28800.0,646,-2524.91430664062,-5.32609010406304e-05
28800.0,647,-2526.3310546875,-5.34045502718072e-05
28800.0,648,-2527.771484375,-5.35507060703821e-05
28800.0,649,-2529.23608398438,-5.36992920388002e-05
28800.0,650,-2530.72509765625,-5.38499552931171e-05
28800.0,651,-2532.23901367188,-5.40039982297458e-05
28800.0,652,-2533.7783203125,-5.41606350452639e-05
28800.0,653,-2535.34326171875,-5.43190872122068e-05
28800.0,654,-2536.93432617188,-5.44805843674112e-05
28800.0,655,-2538.55224609375,-5.46450246474706e-05
28800.0,656,-2540.19702148438,-5.48118332517333e-05
28800.0,657,-2541.86938476562,-5.49810465599876e-05
28800.0,658,-2543.56982421875,-5.51535304111894e-05
28800.0,659,-2545.29858398438,-5.53293248231057e-05
28800.0,660,-2547.05615234375,-5.55077494936995e-05
28800.0,661,-2548.84326171875,-5.56890518055297e-05
28800.0,662,-2550.66015625,-5.58737337996718e-05
28800.0,663,-2552.50756835938,-5.60607222723775e-05
28800.0,664,-2554.38598632812,-5.62507848371752e-05
28800.0,665,-2556.29565429688,-5.64453184779268e-05
28800.0,666,-2558.2373046875,-5.66422495467123e-05
28800.0,667,-2560.21142578125,-5.68421528441831e-05
28800.0,668,-2562.21850585938,-5.70461161260027e-05
28800.0,669,-2564.25903320312,-5.72530880162958e-05
28800.0,670,-2566.333984375,-5.74632686038967e-05
28800.0,671,-2568.44360351562,-5.76777529204264e-05
28800.0,672,-2570.58837890625,-5.78958497499116e-05
28800.0,673,-2572.76904296875,-5.81167660129722e-05
28800.0,674,-2574.98608398438,-5.83418150199577e-05
28800.0,675,-2577.24047851562,-5.85709385632072e-05
28800.0,676,-2579.53247070312,-5.88034963584505e-05
28800.0,677,-2581.86279296875,-5.90397685300559e-05
28800.0,678,-2584.23193359375,-5.9280137065798e-05
28800.0,679,-2586.64086914062,-5.95239580434281e-05
28800.0,680,-2589.09008789062,-5.977298860671e-05
28800.0,681,-2591.58032226562,-6.00259518250823e-05
28800.0,682,-2594.11206054688,-6.02828658884391e-05
28800.0,683,-2596.68627929688,-6.05437562626321e-05
28800.0,684,-2599.30346679688,-6.08090958849061e-05
28800.0,685,-2601.96459960938,-6.10801216680557e-05
28800.0,686,-2604.67016601562,-6.13539305049926e-05
28800.0,687,-2607.4208984375,-6.16332763456739e-05
28800.0,688,-2610.21752929688,-6.19167549302801e-05
28800.0,689,-2613.06127929688,-6.22056686552241e-05
28800.0,690,-2615.95239257812,-6.24989916104823e-05
28800.0,691,-2618.89184570312,-6.27966219326481e-05
28800.0,692,-2621.88037109375,-6.31004440947436e-05
28800.0,693,-2624.9189453125,-6.34084863122553e-05
28800.0,694,-2628.00854492188,-6.37225384707563e-05
28800.0,695,-2631.14965820312,-6.4040970755741e-05
28800.0,696,-2634.34326171875,-6.43647144897841e-05
28800.0,697,-2637.59033203125,-6.46938715362921e-05
28800.0,698,-2640.89184570312,-6.50297806714661e-05
28800.0,699,-2644.24853515625,-6.5369917138014e-05
28800.0,700,-2647.66137695312,-6.57160708215088e-05
28800.0,701,-2651.13110351562,-6.60689765936695e-05
28800.0,702,-2654.65893554688,-6.64258041069843e-05
28800.0,703,-2658.24584960938,-6.67898784740828e-05
28800.0,704,-2661.89282226562,-6.71604502713308e-05
28800.0,705,-2665.60083007812,-6.75367482472211e-05
28800.0,706,-2669.37060546875,-6.79185905028135e-05
28800.0,707,-2673.20361328125,-6.8307934270706e-05
28800.0,708,-2677.10083007812,-6.87030114931986e-05
28800.0,709,-2681.06298828125,-6.9105088186916e-05
28800.0,710,-2685.09155273438,-6.95137568982318e-05
28800.0,711,-2689.1875,-6.99295997037552e-05
28800.0,712,-2693.35205078125,-7.0352602051571e-05
28800.0,713,-2697.58618164062,-7.07812869222835e-05
28800.0,714,-2701.89111328125,-7.12183100404218e-05
28800.0,715,-2706.26806640625,-7.166329305619e-05
28800.0,716,-2710.71826171875,-7.21136966603808e-05
28800.0,717,-2715.24267578125,-7.25732825230807e-05
28800.0,718,-2719.84301757812,-7.30402243789285e-05
28800.0,719,-2724.52026367188,-7.35143257770687e-05
28800.0,720,-2729.27563476562,-7.39971510483883e-05
28800.0,721,-2734.11059570312,-7.44878780096769e-05
28800.0,722,-2739.02661132812,-7.49862665543333e-05
28800.0,723,-2744.02465820312,-7.54930078983307e-05
28800.0,724,-2749.1064453125,-7.60094771976583e-05
28800.0,725,-2754.27294921875,-7.65328150009736e-05
28800.0,726,-2759.52612304688,-7.70659607951529e-05
28800.0,727,-2764.8671875,-7.76078595663421e-05
28800.0,728,-2770.29736328125,-7.81591006671079e-05
28800.0,729,-2775.81860351562,-7.87187746027485e-05
28800.0,730,-2781.43212890625,-7.92879072832875e-05
28800.0,731,-2787.13940429688,-7.98679102445021e-05
28800.0,732,-2792.9423828125,-8.04556693765335e-05
28800.0,733,-2798.84228515625,-8.10548226581886e-05
28800.0,734,-2804.8408203125,-8.16629835753702e-05
28800.0,735,-2810.93969726562,-8.22815418359824e-05
28800.0,736,-2817.14086914062,-8.29110722406767e-05
28800.0,737,-2823.4453125,-8.35501123219728e-05
28800.0,738,-2829.85546875,-8.42010267660953e-05
28800.0,739,-2836.37280273438,-8.48612180561759e-05
28800.0,740,-2842.99926757812,-8.55340258567594e-05
28800.0,741,-2849.73657226562,-8.62174711073749e-05
28800.0,742,-2856.58642578125,-8.69123832671903e-05
28800.0,743,-2863.55078125,-8.76185658853501e-05
28800.0,744,-2870.6318359375,-8.83370958035812e-05
28800.0,745,-2877.8310546875,-8.90672308742069e-05
28800.0,746,-2885.15087890625,-8.9809371274896e-05
28800.0,747,-2892.59326171875,-9.05649430933408e-05
28800.0,748,-2900.15991210938,-9.13318363018334e-05
28800.0,749,-2907.85327148438,-9.21132887015119e-05
28800.0,750,-2915.67529296875,-9.29056186578237e-05
28800.0,751,-2923.6279296875,-9.37122240429744e-05
28800.0,752,-2931.7138671875,-9.45324063650332e-05
28800.0,753,-2939.93505859375,-9.5366092864424e-05
28800.0,754,-2948.29345703125,-9.62141857598908e-05
28800.0,755,-2956.7919921875,-9.70763358054683e-05
28800.0,756,-2965.4326171875,-9.79526375886053e-05
28800.0,757,-2974.21752929688,-9.88432730082422e-05
28800.0,758,-2983.14965820312,-9.97495299088769e-05
28800.0,759,-2992.23095703125,-0.000100670207757503
28800.0,760,-3001.46435546875,-0.000101606980024371
28800.0,761,-3010.85229492188,-0.000102559184597339
28800.0,762,-3020.39697265625,-0.000103526857856195
28800.0,763,-3030.10131835938,-0.000104510829260107
28800.0,764,-3039.96826171875,-0.000105513026937842
28800.0,765,-3050.0,-0.000106528430478647
28800.0,766,-3060.03173828125,-0.000107544772617985
28800.0,767,-3069.89868164062,-0.000108545697003137
28800.0,768,-3079.60302734375,-0.000109529748442583
28800.0,769,-3089.14770507812,-0.000110498222056776
28800.0,770,-3098.53564453125,-0.000111449844553135
28800.0,771,-3107.76904296875,-0.00011238671868341
28800.0,772,-3116.85034179688,-0.00011330717097735
28800.0,773,-3125.78247070312,-0.000114213202323299
28800.0,774,-3134.5673828125,-0.000115103859570809
28800.0,775,-3143.2080078125,-0.000115979542897549
28800.0,776,-3151.70654296875,-0.000116842209536117
28800.0,777,-3160.06494140625,-0.000117688781756442
28800.0,778,-3168.2861328125,-0.000118522744742222
28800.0,779,-3176.3720703125,-0.00011934271606151
28800.0,780,-3184.32470703125,-0.000120148419227917
28800.0,781,-3192.14672851562,-0.000120941847853828
28800.0,782,-3199.84008789062,-0.000121722179756034
28800.0,783,-3207.40673828125,-0.00012248927669134
28800.0,784,-3214.84912109375,-0.000123244215501472
28800.0,785,-3222.1689453125,-0.000123986232210882
28800.0,786,-3229.3681640625,-0.000124715894344263
28800.0,787,-3236.44921875,-0.000125434176879935
28800.0,788,-3243.41357421875,-0.000126139944768511
28800.0,789,-3250.26342773438,-0.000126834536786191
28800.0,790,-3257.00073242188,-0.000127517589135095
28800.0,791,-3263.62719726562,-0.000128190047689714
28800.0,792,-3270.14453125,-0.000128849860629998
28800.0,793,-3276.5546875,-0.000129500404000282
28800.0,794,-3282.85913085938,-0.00013013904390391
28800.0,795,-3289.06030273438,-0.000130768195958808
28800.0,796,-3295.1591796875,-0.000131386361317709
28800.0,797,-3301.15771484375,-0.000131994136609137
28800.0,798,-3307.0576171875,-0.000132592889713123
28800.0,799,-3312.86059570312,-0.000133180248667486
28800.0,800,-3318.56787109375,-0.000133759851451032
28800.0,801,-3324.18139648438,-0.000134328583953902
28800.0,802,-3329.70263671875,-0.000134887843159959
28800.0,803,-3335.1328125,-0.000135438676807098
28800.0,804,-3340.47387695312,-0.000135980182676576
28800.0,805,-3345.72705078125,-0.000136512913741171
28800.0,806,-3350.8935546875,-0.000137035865918733
28800.0,807,-3355.97534179688,-0.000137551891384646
28800.0,808,-3360.97338867188,-0.000138058268930763
28800.0,809,-3365.88940429688,-0.000138556177262217
28800.0,810,-3370.72436523438,-0.000139046635013074
28800.0,811,-3375.47973632812,-0.00013952879817225
28800.0,812,-3380.15698242188,-0.000140002943226136
28800.0,813,-3384.75732421875,-0.00014046867727302
28800.0,814,-3389.28173828125,-0.000140927557367831
28800.0,815,-3393.73193359375,-0.000141379045089707
28800.0,816,-3398.10888671875,-0.000141822180012241
28800.0,817,-3402.41381835938,-0.000142258999403566
28800.0,818,-3406.64794921875,-0.000142688280902803
28800.0,819,-3410.8125,-0.000143110126373358
28800.0,820,-3414.90844726562,-0.00014352636935655
28800.0,821,-3418.93701171875,-0.00014393353194464
28800.0,822,-3422.89916992188,-0.00014433532487601
28800.0,823,-3426.79638671875,-0.000144730875035748
28800.0,824,-3430.62939453125,-0.000145119440276176
28800.0,825,-3434.39916992188,-0.000145500962389633
28800.0,826,-3438.10717773438,-0.000145877143950202
28800.0,827,-3441.75415039062,-0.00014624664618168
28800.0,828,-3445.34106445312,-0.000146609992953017
28800.0,829,-3448.86889648438,-0.000146967970067635
28800.0,830,-3452.33862304688,-0.000147319005918689
28800.0,831,-3455.75146484375,-0.000147665094118565
28800.0,832,-3459.10815429688,-0.00014800566714257
28800.0,833,-3462.40966796875,-0.000148340783198364
28800.0,834,-3465.65673828125,-0.000148669816553593
28800.0,835,-3468.85034179688,-0.000148993087350391
28800.0,836,-3471.99145507812,-0.000149311235873029
28800.0,837,-3475.0810546875,-0.000149624902405776
28800.0,838,-3478.11962890625,-0.000149932617205195
28800.0,839,-3481.10815429688,-0.000150236097397283
28800.0,840,-3484.04760742188,-0.000150533378473483
28800.0,841,-3486.93872070312,-0.000150826410390437
28800.0,842,-3489.78247070312,-0.000151114916661754
28800.0,843,-3492.5791015625,-0.00015139821334742
28800.0,844,-3495.32983398438,-0.000151676955283619
28800.0,845,-3498.03540039062,-0.000151950982399285
28800.0,846,-3500.69653320312,-0.000152220687596127
28800.0,847,-3503.31372070312,-0.000152485823491588
28800.0,848,-3505.88793945312,-0.000152747117681429
28800.0,849,-3508.41967773438,-0.000153003697050735
28800.0,850,-3510.90991210938,-0.00015325570711866
28800.0,851,-3513.35913085938,-0.000153504268382676
28800.0,852,-3515.76806640625,-0.000153748827870004
28800.0,853,-3518.13720703125,-0.000153988352394663
28800.0,854,-3520.46752929688,-0.000154224646394141
28800.0,855,-3522.75952148438,-0.000154456734890118
28800.0,856,-3525.01391601562,-0.000154685709276237
28800.0,857,-3527.23095703125,-0.000154910318087786
28800.0,858,-3529.41162109375,-0.000155131216160953
28800.0,859,-3531.55639648438,-0.000155348578118719
28800.0,860,-3533.666015625,-0.000155561865540221
28800.0,861,-3535.74096679688,-0.00015577272279188
28800.0,862,-3537.78149414062,-0.00015597982564941
28800.0,863,-3539.78857421875,-0.000156183421495371
28800.0,864,-3541.7626953125,-0.000156382957356982
28800.0,865,-3543.70434570312,-0.000156580019393004
28800.0,866,-3545.61401367188,-0.00015677344345022
28800.0,867,-3547.49243164062,-0.000156963229528628
28800.0,868,-3549.33984375,-0.000157150905579329
28800.0,869,-3551.15673828125,-0.000157334870891646
28800.0,870,-3552.94384765625,-0.000157516173203476
28800.0,871,-3554.70141601562,-0.000157694244990125
28800.0,872,-3556.43017578125,-0.000157869872055016
28800.0,873,-3558.13061523438,-0.000158042093971744
28800.0,874,-3559.80297851562,-0.000158211099915206
28800.0,875,-3561.44775390625,-0.000158377675688826
28800.0,876,-3563.06567382812,-0.000158541894052178
28800.0,877,-3564.65673828125,-0.000158703172928654
28800.0,878,-3566.2216796875,-0.000158861410454847
28800.0,879,-3567.76098632812,-0.000159017828991637
28800.0,880,-3569.27490234375,-0.000159171671839431
28800.0,881,-3570.76391601562,-0.000159322109539062
28800.0,882,-3572.228515625,-0.000159470495418645
28800.0,883,-3573.6689453125,-0.000159616392920725
28800.0,884,-3575.08569335938,-0.000159759903908707
28800.0,885,-3576.47900390625,-0.000159901464940049
28800.0,886,-3577.849609375,-0.000160040217451751
28800.0,887,-3579.19750976562,-0.000160176379722543
28800.0,888,-3580.52319335938,-0.000160310504725203
28800.0,889,-3581.8271484375,-0.000160443087224849
28800.0,890,-3583.10986328125,-0.000160572672029957
28800.0,891,-3584.37109375,-0.000160700888955034
28800.0,892,-3585.61181640625,-0.000160825118655339
28800.0,893,-3586.83203125,-0.000160950963618234
28800.0,894,-3588.0322265625,-0.000161066505825147
28800.0,895,-3589.21264648438,-0.000161198127898388
28800.0,896,-3590.37377929688,-0.000161287665832788
28800.0,897,-3591.515625,-0.000161464835400693
28800.0,898,-3592.638671875,-0.000161439791554585
28800.0,899,-3593.74340820312,-0.000161863441462629
28800.0,900,-3594.82983398438,-0.000161265226779506
28800.0,901,-3595.8984375,-0.000162999596795999
28800.0,902,-3596.94946289062,-0.000159361443365924
28800.0,903,-3597.98315429688,-0.000168188082170673
28800.0,904,-3599.0,-0.000148036502650939
57600.0,2,-3600.0,-0.000199743342818692
57600.0,3,-4100.0,-0.000498495297506452
57600.0,6,-2500.0,-5.0750812079059e-05
57600.0,35,-3601.0,-0.000304356100969017
57600.0,36,-3602.03662109375,-0.000270105025265366
57600.0,37,-3603.11108398438,-0.000282593187876046
57600.0,38,-3604.22485351562,-0.000278540857834741
57600.0,39,-3605.37939453125,-0.000280621316051111
57600.0,40,-3606.57592773438,-0.000280328589724377
57600.0,41,-3607.81640625,-0.00028101378120482
57600.0,42,-3609.10229492188,-0.000281306012766436
57600.0,43,-3610.43505859375,-0.000281788321444765
57600.0,44,-3611.81665039062,-0.000282210530713201
57600.0,45,-3613.24877929688,-0.000282684690319002
57600.0,46,-3614.7333984375,-0.00028315931558609
57600.0,47,-3616.27221679688,-0.000283661356661469
57600.0,48,-3617.8671875,-0.000284179055597633
57600.0,49,-3619.5205078125,-0.000284717592876405
57600.0,50,-3621.234375,-0.000285279296804219
57600.0,51,-3623.0107421875,-0.000285860005533323
57600.0,52,-3624.85229492188,-0.000286465510725975
57600.0,53,-3626.76098632812,-0.00028709284379147
57600.0,54,-3628.73974609375,-0.000287745002424344
57600.0,55,-3630.79052734375,-0.0002884239947889
57600.0,56,-3632.91650390625,-0.000289127754513174
57600.0,57,-3635.1201171875,-0.000289862684439868
57600.0,58,-3637.40454101562,-0.000290622847387567
57600.0,59,-3639.77221679688,-0.000291415199171752
57600.0,60,-3642.2265625,-0.000292240816634148
57600.0,61,-3644.77075195312,-0.000293095246888697
57600.0,62,-3647.40795898438,-0.000293985212920234
57600.0,63,-3650.1416015625,-0.000294912169920281
57600.0,64,-3652.97509765625,-0.000295874750008807
57600.0,65,-3655.91235351562,-0.000296873942716047
57600.0,66,-3658.95678710938,-0.000297917373245582
57600.0,67,-3662.11279296875,-0.000299003557302058
57600.0,68,-3665.38403320312,-0.000300131709082052
57600.0,69,-3668.77514648438,-0.000301306339679286
57600.0,70,-3672.2900390625,-0.000302529311738908
57600.0,71,-3675.93359375,-0.000303801643894985
57600.0,72,-3679.71020507812,-0.000305127265164629
57600.0,73,-3683.625,-0.000306510191876441
57600.0,74,-3687.68310546875,-0.000307948444969952
57600.0,75,-3691.88940429688,-0.000309447961626574
57600.0,76,-3696.24951171875,-0.000311008800053969
57600.0,77,-3700.76928710938,-0.000312637508613989
57600.0,78,-3705.4541015625,-0.00031433641561307
57600.0,79,-3710.31030273438,-0.000316105724778026
57600.0,80,-3715.34423828125,-0.000317952100886032
57600.0,81,-3720.56201171875,-0.000319877144647762
57600.0,82,-3725.970703125,-0.000321883882861584
57600.0,83,-3731.5771484375,-0.00032398069743067
57600.0,84,-3737.388671875,-0.000326171983033419
57600.0,85,-3743.41259765625,-0.000328455993440002
57600.0,86,-3749.65698242188,-0.000330843118717894
57600.0,87,-3756.12939453125,-0.000333337491611019
57600.0,88,-3762.8388671875,-0.000335940363584086
57600.0,89,-3769.79345703125,-0.00033866596641019
57600.0,90,-3777.00244140625,-0.000341514765750617
57600.0,91,-3784.47509765625,-0.00034449269878678
57600.0,92,-3792.220703125,-0.000347611116012558
57600.0,93,-3800.25,-0.000350873306160793
57600.0,94,-3808.57250976562,-0.000354291376424953
57600.0,95,-3817.19970703125,-0.000357864337274805
57600.0,96,-3826.14208984375,-0.000361620652256534
57600.0,97,-3835.41162109375,-0.000365542859071866
57600.0,98,-3845.02001953125,-0.000369688146747649
57600.0,99,-3854.97998046875,-0.00037394929677248
57600.0,100,-3864.58837890625,-0.000378196593374014
57600.0,101,-3873.85791015625,-0.000382304540835321
57600.0,102,-3882.80029296875,-0.000386328931199387
57600.0,103,-3891.42749023438,-0.000390247907489538
57600.0,104,-3899.75,-0.00039406938594766
57600.0,105,-3907.779296875,-0.000397791911382228
57600.0,106,-3915.52490234375,-0.000401418219553307
57600.0,107,-3922.99755859375,-0.000404948805226013
57600.0,108,-3930.20654296875,-0.000408382620662451
57600.0,109,-3937.1611328125,-0.00041172860073857
57600.0,110,-3943.87060546875,-0.000414981826907024
57600.0,111,-3950.34301757812,-0.000418145180447027
57600.0,112,-3956.58740234375,-0.000421221426222473
57600.0,113,-3962.611328125,-0.00042421038961038
57600.0,114,-3968.4228515625,-0.000427115359343588
57600.0,115,-3974.029296875,-0.000429937848821282
57600.0,116,-3979.43798828125,-0.000432679458754137
57600.0,117,-3984.65576171875,-0.000435338617535308
57600.0,118,-3989.68969726562,-0.000437922833953053
57600.0,119,-3994.5458984375,-0.000440431002061814
57600.0,120,-3999.23071289062,-0.000442862772615626
57600.0,121,-4003.75048828125,-0.00044522323878482
57600.0,122,-4008.11059570312,-0.000447515136329457
57600.0,123,-4012.31689453125,-0.000449733750429004
57600.0,124,-4016.375,-0.000451887666713446
57600.0,125,-4020.28979492188,-0.00045397289795801
57600.0,126,-4024.06640625,-0.000455994566436857
57600.0,127,-4027.7099609375,-0.00045795671758242
57600.0,128,-4031.22485351562,-0.000459854258224368
57600.0,129,-4034.61596679688,-0.00046169341658242
57600.0,130,-4037.88720703125,-0.000463475764263421
57600.0,131,-4041.04321289062,-0.000465200195321813
57600.0,132,-4044.08764648438,-0.000466872472316027
57600.0,133,-4047.02490234375,-0.000468490296043456
57600.0,134,-4049.8583984375,-0.000470054626930505
57600.0,135,-4052.59204101562,-0.000471573293907568
57600.0,136,-4055.22924804688,-0.000473039166536182
57600.0,137,-4057.7734375,-0.000474458385724574
57600.0,138,-4060.22778320312,-0.000475832901429385
57600.0,139,-4062.59545898438,-0.000477162539027631
57600.0,140,-4064.8798828125,-0.000478452013339847
57600.0,141,-4067.08349609375,-0.000479694019304588
57600.0,142,-4069.20947265625,-0.000480897142551839
57600.0,143,-4071.26025390625,-0.000482062227092683
57600.0,144,-4073.23901367188,-0.0004831854312215
57600.0,145,-4075.14770507812,-0.000484277232317254
57600.0,146,-4076.9892578125,-0.000485329248476774
57600.0,147,-4078.765625,-0.000486346078105271
57600.0,148,-4080.4794921875,-0.000487330893520266
57600.0,149,-4082.1328125,-0.000488278223201632
57600.0,150,-4083.72778320312,-0.000489196856506169
57600.0,151,-4085.2666015625,-0.000490089121740311
57600.0,152,-4086.75122070312,-0.000490947684738785
57600.0,153,-4088.18334960938,-0.000491774815600365
57600.0,154,-4089.56494140625,-0.00049257802311331
57600.0,155,-4090.89770507812,-0.000493354629725218
57600.0,156,-4092.18359375,-0.000494103587698191
57600.0,157,-4093.42407226562,-0.000494827690999955
57600.0,158,-4094.62060546875,-0.000495524727739394
57600.0,159,-4095.77514648438,-0.000496196327731013
57600.0,160,-4096.88916015625,-0.000496855296660215
57600.0,161,-4097.96337890625,-0.000497468514367938
57600.0,162,-4099.0,-0.000498120905831456
57600.0,626,-2501.0,-5.08235789311584e-05
57600.0,627,-2502.01684570312,-5.09397286805324e-05
57600.0,628,-2503.05053710938,-5.10388526890893e-05
57600.0,629,-2504.1015625,-5.11477701365948e-05
57600.0,630,-2505.17016601562,-5.12560036440846e-05
57600.0,631,-2506.25659179688,-5.13657978444826e-05
57600.0,632,-2507.361328125,-5.14778112119529e-05
57600.0,633,-2508.484375,-5.15921637997963e-05
57600.0,634,-2509.62622070312,-5.17080516146962e-05
57600.0,635,-2510.78735351562,-5.18259439559188e-05
57600.0,636,-2511.9677734375,-5.19456880283542e-05
57600.0,637,-2513.16796875,-5.20674439030699e-05
57600.0,638,-2514.38818359375,-5.21911970281508e-05
57600.0,639,-2515.62890625,-5.23171438544523e-05
57600.0,640,-2516.89013671875,-5.2445029723458e-05
57600.0,641,-2518.1728515625,-5.25756404385902e-05
57600.0,642,-2519.47680664062,-5.27075353602413e-05
57600.0,643,-2520.80249023438,-5.28420168848243e-05
57600.0,644,-2522.150390625,-5.29792851011734e-05
57600.0,645,-2523.52099609375,-5.31178957317024e-05
57600.0,646,-2524.91430664062,-5.32598678546492e-05
57600.0,647,-2526.3310546875,-5.3403517085826e-05
57600.0,648,-2527.771484375,-5.35496692464221e-05
57600.0,649,-2529.23608398438,-5.36982552148402e-05
57600.0,650,-2530.72509765625,-5.38489184691571e-05
57600.0,651,-2532.23901367188,-5.40029614057858e-05
57600.0,652,-2533.7783203125,-5.41596018592827e-05
57600.0,653,-2535.34326171875,-5.43180503882468e-05
57600.0,654,-2536.93432617188,-5.447955118143e-05
57600.0,655,-2538.55224609375,-5.46439914614893e-05
57600.0,656,-2540.19702148438,-5.48107964277733e-05
57600.0,657,-2541.86938476562,-5.49800133740064e-05
57600.0,658,-2543.56982421875,-5.51524972252082e-05
57600.0,659,-2545.29858398438,-5.53282879991457e-05
57600.0,660,-2547.05615234375,-5.55067126697395e-05
57600.0,661,-2548.84326171875,-5.56880186195485e-05
57600.0,662,-2550.66015625,-5.58726969757117e-05
57600.0,663,-2552.50756835938,-5.60596854484174e-05
57600.0,664,-2554.38598632812,-5.62497516511939e-05
57600.0,665,-2556.29565429688,-5.64442852919456e-05
57600.0,666,-2558.2373046875,-5.66412127227522e-05
57600.0,667,-2560.21142578125,-5.68411196582019e-05
57600.0,668,-2562.21850585938,-5.70450829400215e-05
57600.0,669,-2564.25903320312,-5.72520511923358e-05
57600.0,670,-2566.333984375,-5.74622317799367e-05
57600.0,671,-2568.44360351562,-5.76767197344452e-05
57600.0,672,-2570.58837890625,-5.78948129259516e-05
57600.0,673,-2572.76904296875,-5.8115732826991e-05
57600.0,674,-2574.98608398438,-5.83407818339765e-05
57600.0,675,-2577.24047851562,-5.8569905377226e-05
57600.0,676,-2579.53247070312,-5.88024595344905e-05
57600.0,677,-2581.86279296875,-5.90387353440747e-05
57600.0,678,-2584.23193359375,-5.9279100241838e-05
57600.0,679,-2586.64086914062,-5.95229248574469e-05
57600.0,680,-2589.09008789062,-5.977195178275e-05
57600.0,681,-2591.58032226562,-6.00249186391011e-05
57600.0,682,-2594.11206054688,-6.02818290644791e-05
57600.0,683,-2596.68627929688,-6.05427194386721e-05
57600.0,684,-2599.30346679688,-6.08080590609461e-05
57600.0,685,-2601.96459960938,-6.10790812061168e-05
57600.0,686,-2604.67016601562,-6.13528973190114e-05
57600.0,687,-2607.4208984375,-6.16322431596927e-05
57600.0,688,-2610.21752929688,-6.19157217442989e-05
57600.0,689,-2613.06127929688,-6.22046354692429e-05
57600.0,690,-2615.95239257812,-6.24979584245011e-05
57600.0,691,-2618.89184570312,-6.27955887466669e-05
57600.0,692,-2621.88037109375,-6.30994109087624e-05
57600.0,693,-2624.9189453125,-6.34074458503164e-05
57600.0,694,-2628.00854492188,-6.3721505284775e-05
57600.0,695,-2631.14965820312,-6.40399375697598e-05
57600.0,696,-2634.34326171875,-6.43636813038029e-05
57600.0,697,-2637.59033203125,-6.46928383503109e-05
57600.0,698,-2640.89184570312,-6.50287474854849e-05
57600.0,699,-2644.24853515625,-6.53688839520328e-05
57600.0,700,-2647.66137695312,-6.57150376355276e-05
57600.0,701,-2651.13110351562,-6.60679434076883e-05
57600.0,702,-2654.65893554688,-6.64247636450455e-05
57600.0,703,-2658.24584960938,-6.67888452881016e-05
57600.0,704,-2661.89282226562,-6.71594170853496e-05
57600.0,705,-2665.60083007812,-6.75357150612399e-05
57600.0,706,-2669.37060546875,-6.79175573168322e-05
57600.0,707,-2673.20361328125,-6.83068938087672e-05
57600.0,708,-2677.10083007812,-6.87019710312597e-05
57600.0,709,-2681.06298828125,-6.91040550009347e-05
57600.0,710,-2685.09155273438,-6.95127237122506e-05
57600.0,711,-2689.1875,-6.99285592418164e-05
57600.0,712,-2693.35205078125,-7.03515615896322e-05
57600.0,713,-2697.58618164062,-7.07802537363023e-05
57600.0,714,-2701.89111328125,-7.12172768544406e-05
57600.0,715,-2706.26806640625,-7.16622598702088e-05
57600.0,716,-2710.71826171875,-7.21126634743996e-05
57600.0,717,-2715.24267578125,-7.25722493370995e-05
57600.0,718,-2719.84301757812,-7.30391911929473e-05
57600.0,719,-2724.52026367188,-7.35132925910875e-05
57600.0,720,-2729.27563476562,-7.39961178624071e-05
57600.0,721,-2734.11059570312,-7.44868448236957e-05
57600.0,722,-2739.02661132812,-7.49852333683521e-05
57600.0,723,-2744.02465820312,-7.54919674363919e-05
57600.0,724,-2749.1064453125,-7.60084440116771e-05
57600.0,725,-2754.27294921875,-7.65317818149924e-05
57600.0,726,-2759.52612304688,-7.70649203332141e-05
57600.0,727,-2764.8671875,-7.76068263803609e-05
57600.0,728,-2770.29736328125,-7.81580674811266e-05
57600.0,729,-2775.81860351562,-7.87177414167672e-05
57600.0,730,-2781.43212890625,-7.92868740973063e-05
57600.0,731,-2787.13940429688,-7.98668697825633e-05
57600.0,732,-2792.9423828125,-8.04546361905523e-05
57600.0,733,-2798.84228515625,-8.10537894722074e-05
57600.0,734,-2804.8408203125,-8.16619503893889e-05
57600.0,735,-2810.93969726562,-8.22805086500011e-05
57600.0,736,-2817.14086914062,-8.29100390546955e-05
57600.0,737,-2823.4453125,-8.35490791359916e-05
57600.0,738,-2829.85546875,-8.41999935801141e-05
57600.0,739,-2836.37280273438,-8.48601848701946e-05
57600.0,740,-2842.99926757812,-8.55329926707782e-05
57600.0,741,-2849.73657226562,-8.62164379213937e-05
57600.0,742,-2856.58642578125,-8.69113500812091e-05
57600.0,743,-2863.55078125,-8.76175254234113e-05
57600.0,744,-2870.6318359375,-8.83360626176e-05
57600.0,745,-2877.8310546875,-8.90661976882257e-05
57600.0,746,-2885.15087890625,-8.98083380889148e-05
57600.0,747,-2892.59326171875,-9.05639099073596e-05
57600.0,748,-2900.15991210938,-9.13308031158522e-05
57600.0,749,-2907.85327148438,-9.21122555155307e-05
57600.0,750,-2915.67529296875,-9.29045854718424e-05
57600.0,751,-2923.6279296875,-9.37111908569932e-05
57600.0,752,-2931.7138671875,-9.4531373179052e-05
57600.0,753,-2939.93505859375,-9.53650596784428e-05
57600.0,754,-2948.29345703125,-9.62131525739096e-05
57600.0,755,-2956.7919921875,-9.7075302619487e-05
57600.0,756,-2965.4326171875,-9.79516044026241e-05
57600.0,757,-2974.21752929688,-9.8842239822261e-05
57600.0,758,-2983.14965820312,-9.97484967228957e-05
57600.0,759,-2992.23095703125,-0.000100669174571522
57600.0,760,-3001.46435546875,-0.000101605939562432
57600.0,761,-3010.85229492188,-0.000102558151411358
57600.0,762,-3020.39697265625,-0.000103525824670214
57600.0,763,-3030.10131835938,-0.000104509796074126
57600.0,764,-3039.96826171875,-0.000105511986475904
57600.0,765,-3050.0,-0.000106527397292666
57600.0,766,-3060.03173828125,-0.000107543732156046
57600.0,767,-3069.89868164062,-0.000108544663817156
57600.0,768,-3079.60302734375,-0.000109528715256602
57600.0,769,-3089.14770507812,-0.000110497188870795
57600.0,770,-3098.53564453125,-0.000111448811367154
57600.0,771,-3107.76904296875,-0.000112385685497429
57600.0,772,-3116.85034179688,-0.000113306137791369
57600.0,773,-3125.78247070312,-0.000114212169137318
57600.0,774,-3134.5673828125,-0.000115102826384827
57600.0,775,-3143.2080078125,-0.000115978509711567
57600.0,776,-3151.70654296875,-0.000116841176350135
57600.0,777,-3160.06494140625,-0.000117687748570461
57600.0,778,-3168.2861328125,-0.000118521711556241
57600.0,779,-3176.3720703125,-0.000119341682875529
57600.0,780,-3184.32470703125,-0.000120147386041936
57600.0,781,-3192.14672851562,-0.000120940814667847
57600.0,782,-3199.84008789062,-0.000121721146570053
57600.0,783,-3207.40673828125,-0.000122488228953443
57600.0,784,-3214.84912109375,-0.000123243182315491
57600.0,785,-3222.1689453125,-0.000123985199024901
57600.0,786,-3229.3681640625,-0.000124714861158282
57600.0,787,-3236.44921875,-0.000125433143693954
57600.0,788,-3243.41357421875,-0.00012613891158253
57600.0,789,-3250.26342773438,-0.00012683350360021
57600.0,790,-3257.00073242188,-0.000127516555949114
57600.0,791,-3263.62719726562,-0.000128189014503732
57600.0,792,-3270.14453125,-0.000128848827444017
57600.0,793,-3276.5546875,-0.000129499370814301
57600.0,794,-3282.85913085938,-0.000130138010717928
57600.0,795,-3289.06030273438,-0.000130767162772827
57600.0,796,-3295.1591796875,-0.000131385328131728
57600.0,797,-3301.15771484375,-0.000131993103423156
57600.0,798,-3307.0576171875,-0.000132591856527142
57600.0,799,-3312.86059570312,-0.000133179215481505
57600.0,800,-3318.56787109375,-0.000133758818265051
57600.0,801,-3324.18139648438,-0.000134327550767921
57600.0,802,-3329.70263671875,-0.000134886809973978
57600.0,803,-3335.1328125,-0.000135437643621117
57600.0,804,-3340.47387695312,-0.000135979149490595
57600.0,805,-3345.72705078125,-0.00013651188055519
57600.0,806,-3350.8935546875,-0.000137034832732752
57600.0,807,-3355.97534179688,-0.000137550858198665
57600.0,808,-3360.97338867188,-0.000138057235744782
57600.0,809,-3365.88940429688,-0.000138555144076236
57600.0,810,-3370.72436523438,-0.000139045601827092
57600.0,811,-3375.47973632812,-0.000139527764986269
57600.0,812,-3380.15698242188,-0.000140001910040155
57600.0,813,-3384.75732421875,-0.000140467644087039
57600.0,814,-3389.28173828125,-0.00014092652418185
57600.0,815,-3393.73193359375,-0.000141378011903726
57600.0,816,-3398.10888671875,-0.00014182114682626
57600.0,817,-3402.41381835938,-0.000142257966217585
57600.0,818,-3406.64794921875,-0.000142687233164907
57600.0,819,-3410.8125,-0.000143109093187377
57600.0,820,-3414.90844726562,-0.000143525336170569
57600.0,821,-3418.93701171875,-0.000143932498758659
57600.0,822,-3422.89916992188,-0.000144334291690029
57600.0,823,-3426.79638671875,-0.000144729841849767
57600.0,824,-3430.62939453125,-0.000145118407090195
57600.0,825,-3434.39916992188,-0.000145499929203652
57600.0,826,-3438.10717773438,-0.00014587611076422
57600.0,827,-3441.75415039062,-0.000146245612995699
57600.0,828,-3445.34106445312,-0.000146608959767036
57600.0,829,-3448.86889648438,-0.000146966936881654
57600.0,830,-3452.33862304688,-0.000147317972732708
57600.0,831,-3455.75146484375,-0.000147664060932584
57600.0,832,-3459.10815429688,-0.000148004633956589
57600.0,833,-3462.40966796875,-0.000148339750012383
57600.0,834,-3465.65673828125,-0.000148668783367611
57600.0,835,-3468.85034179688,-0.00014899205416441
57600.0,836,-3471.99145507812,-0.000149310202687047
57600.0,837,-3475.0810546875,-0.000149623869219795
57600.0,838,-3478.11962890625,-0.000149931584019214
57600.0,839,-3481.10815429688,-0.000150235064211302
57600.0,840,-3484.04760742188,-0.000150532345287502
57600.0,841,-3486.93872070312,-0.000150825377204455
57600.0,842,-3489.78247070312,-0.000151113883475773
57600.0,843,-3492.5791015625,-0.000151397180161439
57600.0,844,-3495.32983398438,-0.000151675922097638
57600.0,845,-3498.03540039062,-0.000151949949213304
57600.0,846,-3500.69653320312,-0.000152219654410146
57600.0,847,-3503.31372070312,-0.000152484790305607
57600.0,848,-3505.88793945312,-0.000152746084495448
57600.0,849,-3508.41967773438,-0.000153002663864754
57600.0,850,-3510.90991210938,-0.000153254673932679
57600.0,851,-3513.35913085938,-0.000153503235196695
57600.0,852,-3515.76806640625,-0.000153747794684023
57600.0,853,-3518.13720703125,-0.000153987319208682
57600.0,854,-3520.46752929688,-0.00015422361320816
57600.0,855,-3522.75952148438,-0.000154455701704137
57600.0,856,-3525.01391601562,-0.000154684676090255
57600.0,857,-3527.23095703125,-0.000154909284901805
57600.0,858,-3529.41162109375,-0.000155130182974972
57600.0,859,-3531.55639648438,-0.000155347544932738
57600.0,860,-3533.666015625,-0.00015556083235424
57600.0,861,-3535.74096679688,-0.000155771689605899
57600.0,862,-3537.78149414062,-0.000155978792463429
57600.0,863,-3539.78857421875,-0.000156182388309389
57600.0,864,-3541.7626953125,-0.000156381924171001
57600.0,865,-3543.70434570312,-0.000156578986207023
57600.0,866,-3545.61401367188,-0.000156772410264239
57600.0,867,-3547.49243164062,-0.000156962196342647
57600.0,868,-3549.33984375,-0.000157149872393347
57600.0,869,-3551.15673828125,-0.000157333837705664
57600.0,870,-3552.94384765625,-0.000157515140017495
57600.0,871,-3554.70141601562,-0.000157693211804144
57600.0,872,-3556.43017578125,-0.000157868838869035
57600.0,873,-3558.13061523438,-0.000158041060785763
57600.0,874,-3559.80297851562,-0.000158210066729225
57600.0,875,-3561.44775390625,-0.000158376642502844
57600.0,876,-3563.06567382812,-0.000158540860866196
57600.0,877,-3564.65673828125,-0.000158702139742672
57600.0,878,-3566.2216796875,-0.000158860377268866
57600.0,879,-3567.76098632812,-0.000159016795805655
57600.0,880,-3569.27490234375,-0.00015917063865345
57600.0,881,-3570.76391601562,-0.000159321076353081
57600.0,882,-3572.228515625,-0.000159469462232664
57600.0,883,-3573.6689453125,-0.000159615359734744
57600.0,884,-3575.08569335938,-0.000159758870722726
57600.0,885,-3576.47900390625,-0.000159900417202152
57600.0,886,-3577.849609375,-0.000160039169713855
57600.0,887,-3579.19750976562,-0.000160175317432731
57600.0,888,-3580.52319335938,-0.000160309442435391
57600.0,889,-3581.8271484375,-0.000160442010383122
57600.0,890,-3583.10986328125,-0.0001605715660844
57600.0,891,-3584.37109375,-0.000160699812113307
57600.0,892,-3585.61181640625,-0.00016082389629446
57600.0,893,-3586.83203125,-0.000160950032295659
57600.0,894,-3588.0322265625,-0.000161064846906811
57600.0,895,-3589.21264648438,-0.000161197996931151
57600.0,896,-3590.37377929688,-0.000161284115165472
57600.0,897,-3591.515625,-0.000161468997248448
57600.0,898,-3592.638671875,-0.000161426884005778
57600.0,899,-3593.74340820312,-0.000161889402079396
57600.0,900,-3594.82983398438,-0.000161204079631716
57600.0,901,-3595.8984375,-0.000163139135111123
57600.0,902,-3596.94946289062,-0.000159043716848828
57600.0,903,-3597.98315429688,-0.000168938378919847
57600.0,904,-3599.0,-0.000146322505315766
86400.0,2,-3600.0,-0.000202712399186566
86400.0,3,-4100.0,-0.000538423715624958
86400.0,6,-2500.0,-5.0750018999679e-05
86400.0,35,-3601.0,-0.000321637722663581
86400.0,36,-3602.03662109375,-0.000283433852018788
86400.0,37,-3603.11108398438,-0.000297249644063413
86400.0,38,-3604.22485351562,-0.000292759475996718
86400.0,39,-3605.37939453125,-0.000295095785986632
86400.0,40,-3606.57592773438,-0.000294738332740963
86400.0,41,-3607.81640625,-0.000295523175736889
86400.0,42,-3609.10229492188,-0.000295828096568584
86400.0,43,-3610.43505859375,-0.000296373094897717
86400.0,44,-3611.81665039062,-0.00029683270258829
86400.0,45,-3613.24877929688,-0.000297361082630232
86400.0,46,-3614.7333984375,-0.000297883321763948
86400.0,47,-3616.27221679688,-0.000298439670586959
86400.0,48,-3617.8671875,-0.000299011211609468
86400.0,49,-3619.5205078125,-0.00029960717074573
86400.0,50,-3621.234375,-0.000300227897241712
86400.0,51,-3623.0107421875,-0.000300870218779892
86400.0,52,-3624.85229492188,-0.000301539723295718
86400.0,53,-3626.76098632812,-0.000302233558613807
86400.0,54,-3628.73974609375,-0.000302954867947847
86400.0,55,-3630.79052734375,-0.000303705921396613
86400.0,56,-3632.91650390625,-0.000304484448861331
86400.0,57,-3635.1201171875,-0.00030529746436514
86400.0,58,-3637.40454101562,-0.000306138565065339
86400.0,59,-3639.77221679688,-0.000307015317957848
86400.0,60,-3642.2265625,-0.000307928916299716
86400.0,61,-3644.77075195312,-0.000308874616166577
86400.0,62,-3647.40795898438,-0.000309859606204554
86400.0,63,-3650.1416015625,-0.000310885719954967
86400.0,64,-3652.97509765625,-0.000311951414914802
86400.0,65,-3655.91235351562,-0.000313057767925784
86400.0,66,-3658.95678710938,-0.000314213160891086
86400.0,67,-3662.11279296875,-0.000315416051307693
86400.0,68,-3665.38403320312,-0.000316665682476014
86400.0,69,-3668.77514648438,-0.000317966885631904
86400.0,70,-3672.2900390625,-0.000319321872666478
86400.0,71,-3675.93359375,-0.000320731749525294
86400.0,72,-3679.71020507812,-0.000322200852679089
86400.0,73,-3683.625,-0.000323733693221584
86400.0,74,-3687.68310546875,-0.000325328146573156
86400.0,75,-3691.88940429688,-0.000326990790199488
86400.0,76,-3696.24951171875,-0.000328721740515903
86400.0,77,-3700.76928710938,-0.000330528157064691
86400.0,78,-3705.4541015625,-0.000332412862917408
86400.0,79,-3710.31030273438,-0.000334376090904698
86400.0,80,-3715.34423828125,-0.000336425146088004
86400.0,81,-3720.56201171875,-0.000338561891112477
86400.0,82,-3725.970703125,-0.000340789876645431
86400.0,83,-3731.5771484375,-0.000343118386808783
86400.0,84,-3737.388671875,-0.000345552252838388
86400.0,85,-3743.41259765625,-0.000348089728504419
86400.0,86,-3749.65698242188,-0.000350742368027568
86400.0,87,-3756.12939453125,-0.000353514915332198
86400.0,88,-3762.8388671875,-0.000356408854713663
86400.0,89,-3769.79345703125,-0.000359439960448071
86400.0,90,-3777.00244140625,-0.000362609018338844
86400.0,91,-3784.47509765625,-0.000365922664059326
86400.0,92,-3792.220703125,-0.000369393557775766
86400.0,93,-3800.25,-0.000373025803128257
86400.0,94,-3808.57250976562,-0.000376832613255829
86400.0,95,-3817.19970703125,-0.000380813493393362
86400.0,96,-3826.14208984375,-0.000384999846573919
86400.0,97,-3835.41162109375,-0.000389372929930687
86400.0,98,-3845.02001953125,-0.000393996364437044
86400.0,99,-3854.97998046875,-0.000398749689338729
86400.0,100,-3864.58837890625,-0.000403490499593318
86400.0,101,-3873.85791015625,-0.000408077641623095
86400.0,102,-3882.80029296875,-0.000412572699133307
86400.0,103,-3891.42749023438,-0.000416951806982979
86400.0,104,-3899.75,-0.000421223317971453
86400.0,105,-3907.779296875,-0.000425385544076562
86400.0,106,-3915.52490234375,-0.000429441395681351
86400.0,107,-3922.99755859375,-0.000433391309343278
86400.0,108,-3930.20654296875,-0.000437234120909125
86400.0,109,-3937.1611328125,-0.000440979551058263
86400.0,110,-3943.87060546875,-0.000444622128270566
86400.0,111,-3950.34301757812,-0.000448164995759726
86400.0,112,-3956.58740234375,-0.000451611034804955
86400.0,113,-3962.611328125,-0.000454960158094764
86400.0,114,-3968.4228515625,-0.000458215858088806
86400.0,115,-3974.029296875,-0.000461379939224571
86400.0,116,-3979.43798828125,-0.00046445379848592
86400.0,117,-3984.65576171875,-0.000467435893369839
86400.0,118,-3989.68969726562,-0.000470334460260347
86400.0,119,-3994.5458984375,-0.000473148335004225
86400.0,120,-3999.23071289062,-0.000475877022836357
86400.0,121,-4003.75048828125,-0.000478526053484529
86400.0,122,-4008.11059570312,-0.00048109857016243
86400.0,123,-4012.31689453125,-0.00048358939238824
86400.0,124,-4016.375,-0.000486007746076211
86400.0,125,-4020.28979492188,-0.000488349527586251
86400.0,126,-4024.06640625,-0.000490620150230825
86400.0,127,-4027.7099609375,-0.000492824241518974
86400.0,128,-4031.22485351562,-0.000494956155307591
86400.0,129,-4034.61596679688,-0.000497022643685341
86400.0,130,-4037.88720703125,-0.000499025569297373
86400.0,131,-4041.04321289062,-0.000500963709782809
86400.0,132,-4044.08764648438,-0.000502843351569027
86400.0,133,-4047.02490234375,-0.000504661991726607
86400.0,134,-4049.8583984375,-0.00050642091082409
86400.0,135,-4052.59204101562,-0.000508128490764648
86400.0,136,-4055.22924804688,-0.000509776873514056
86400.0,137,-4057.7734375,-0.000511372985783964
86400.0,138,-4060.22778320312,-0.000512919039465487
86400.0,139,-4062.59545898438,-0.000514414743520319
86400.0,140,-4064.8798828125,-0.000515865336637944
86400.0,141,-4067.08349609375,-0.000517262727953494
86400.0,142,-4069.20947265625,-0.000518616405315697
86400.0,143,-4071.26025390625,-0.000519927416462451
86400.0,144,-4073.23901367188,-0.000521191512234509
86400.0,145,-4075.14770507812,-0.000522420217748731
86400.0,146,-4076.9892578125,-0.000523604336194694
86400.0,147,-4078.765625,-0.000524748873431236
86400.0,148,-4080.4794921875,-0.000525857321918011
86400.0,149,-4082.1328125,-0.000526923802681267
86400.0,150,-4083.72778320312,-0.000527958036400378
86400.0,151,-4085.2666015625,-0.000528962642420083
86400.0,152,-4086.75122070312,-0.000529929355252534
86400.0,153,-4088.18334960938,-0.000530860736034811
86400.0,154,-4089.56494140625,-0.000531765224877745
86400.0,155,-4090.89770507812,-0.000532639853190631
86400.0,156,-4092.18359375,-0.000533483340404928
86400.0,157,-4093.42407226562,-0.000534298829734325
86400.0,158,-4094.62060546875,-0.000535083876457065
86400.0,159,-4095.77514648438,-0.000535840401425958
86400.0,160,-4096.88916015625,-0.0005365822580643
86400.0,161,-4097.96337890625,-0.00053727364866063
86400.0,162,-4099.0,-0.000538005726411939
86400.0,626,-2501.0,-5.08227858517785e-05
86400.0,627,-2502.01684570312,-5.09389356011525e-05
86400.0,628,-2503.05053710938,-5.10380596097093e-05
86400.0,629,-2504.1015625,-5.11469770572148e-05
86400.0,630,-2505.17016601562,-5.12552105647046e-05
86400.0,631,-2506.25659179688,-5.13650047651026e-05
86400.0,632,-2507.361328125,-5.1477018132573e-05
86400.0,633,-2508.484375,-5.15913707204163e-05
86400.0,634,-2509.62622070312,-5.17072585353162e-05
86400.0,635,-2510.78735351562,-5.18251508765388e-05
86400.0,636,-2511.9677734375,-5.19448949489743e-05
86400.0,637,-2513.16796875,-5.206665082369e-05
86400.0,638,-2514.38818359375,-5.21904039487708e-05
86400.0,639,-2515.62890625,-5.23163507750724e-05
86400.0,640,-2516.89013671875,-5.2444236644078e-05
86400.0,641,-2518.1728515625,-5.25748473592103e-05
86400.0,642,-2519.47680664062,-5.27067422808614e-05
86400.0,643,-2520.80249023438,-5.28412238054443e-05
86400.0,644,-2522.150390625,-5.29784920217935e-05
86400.0,645,-2523.52099609375,-5.31171026523225e-05
86400.0,646,-2524.91430664062,-5.32590747752693e-05
86400.0,647,-2526.3310546875,-5.34027240064461e-05
86400.0,648,-2527.771484375,-5.35488761670422e-05
86400.0,649,-2529.23608398438,-5.36974621354602e-05
86400.0,650,-2530.72509765625,-5.38481253897771e-05
86400.0,651,-2532.23901367188,-5.40021683264058e-05
86400.0,652,-2533.7783203125,-5.41588087799028e-05
86400.0,653,-2535.34326171875,-5.43172573088668e-05
86400.0,654,-2536.93432617188,-5.44787581020501e-05
86400.0,655,-2538.55224609375,-5.46431947441306e-05
86400.0,656,-2540.19702148438,-5.48100033483934e-05
86400.0,657,-2541.86938476562,-5.49792202946264e-05
86400.0,658,-2543.56982421875,-5.51517041458283e-05
86400.0,659,-2545.29858398438,-5.53274949197657e-05
86400.0,660,-2547.05615234375,-5.55059195903596e-05
86400.0,661,-2548.84326171875,-5.56872255401686e-05
86400.0,662,-2550.66015625,-5.58719038963318e-05
86400.0,663,-2552.50756835938,-5.60588923690375e-05
86400.0,664,-2554.38598632812,-5.6248958571814e-05
86400.0,665,-2556.29565429688,-5.64434922125656e-05
86400.0,666,-2558.2373046875,-5.66404196433723e-05
86400.0,667,-2560.21142578125,-5.6840326578822e-05
86400.0,668,-2562.21850585938,-5.70442898606416e-05
86400.0,669,-2564.25903320312,-5.72512581129558e-05
86400.0,670,-2566.333984375,-5.74614387005568e-05
86400.0,671,-2568.44360351562,-5.76759266550653e-05
86400.0,672,-2570.58837890625,-5.78940198465716e-05
86400.0,673,-2572.76904296875,-5.81149397476111e-05
86400.0,674,-2574.98608398438,-5.83399887545966e-05
86400.0,675,-2577.24047851562,-5.8569112297846e-05
86400.0,676,-2579.53247070312,-5.88016664551105e-05
86400.0,677,-2581.86279296875,-5.90379422646947e-05
86400.0,678,-2584.23193359375,-5.92783071624581e-05
86400.0,679,-2586.64086914062,-5.9522131778067e-05
86400.0,680,-2589.09008789062,-5.977115870337e-05
86400.0,681,-2591.58032226562,-6.00241255597211e-05
86400.0,682,-2594.11206054688,-6.02810359850992e-05
86400.0,683,-2596.68627929688,-6.05419263592921e-05
86400.0,684,-2599.30346679688,-6.08072659815662e-05
86400.0,685,-2601.96459960938,-6.10782881267369e-05
86400.0,686,-2604.67016601562,-6.13521042396314e-05
86400.0,687,-2607.4208984375,-6.16314500803128e-05
86400.0,688,-2610.21752929688,-6.1914928664919e-05
86400.0,689,-2613.06127929688,-6.2203842389863e-05
86400.0,690,-2615.95239257812,-6.24971653451212e-05
86400.0,691,-2618.89184570312,-6.2794795667287e-05
86400.0,692,-2621.88037109375,-6.30986178293824e-05
86400.0,693,-2624.9189453125,-6.34066527709365e-05
86400.0,694,-2628.00854492188,-6.37207122053951e-05
86400.0,695,-2631.14965820312,-6.40391444903798e-05
86400.0,696,-2634.34326171875,-6.43628882244229e-05
86400.0,697,-2637.59033203125,-6.4692045270931e-05
86400.0,698,-2640.89184570312,-6.5027954406105e-05
86400.0,699,-2644.24853515625,-6.53680908726528e-05
86400.0,700,-2647.66137695312,-6.57142445561476e-05
86400.0,701,-2651.13110351562,-6.60671503283083e-05
86400.0,702,-2654.65893554688,-6.64239705656655e-05
86400.0,703,-2658.24584960938,-6.67880522087216e-05
86400.0,704,-2661.89282226562,-6.71586240059696e-05
86400.0,705,-2665.60083007812,-6.753492198186e-05
86400.0,706,-2669.37060546875,-6.79167642374523e-05
86400.0,707,-2673.20361328125,-6.83061007293873e-05
86400.0,708,-2677.10083007812,-6.87011779518798e-05
86400.0,709,-2681.06298828125,-6.91032619215548e-05
86400.0,710,-2685.09155273438,-6.95119306328706e-05
86400.0,711,-2689.1875,-6.99277661624365e-05
86400.0,712,-2693.35205078125,-7.03507685102522e-05
86400.0,713,-2697.58618164062,-7.07794606569223e-05
86400.0,714,-2701.89111328125,-7.12164837750606e-05
86400.0,715,-2706.26806640625,-7.16614667908289e-05
86400.0,716,-2710.71826171875,-7.21118703950197e-05
86400.0,717,-2715.24267578125,-7.25714562577195e-05
86400.0,718,-2719.84301757812,-7.30383981135674e-05
86400.0,719,-2724.52026367188,-7.35124995117076e-05
86400.0,720,-2729.27563476562,-7.39953247830272e-05
86400.0,721,-2734.11059570312,-7.44860517443158e-05
86400.0,722,-2739.02661132812,-7.49844402889721e-05
86400.0,723,-2744.02465820312,-7.54911743570119e-05
86400.0,724,-2749.1064453125,-7.60076509322971e-05
86400.0,725,-2754.27294921875,-7.65309887356125e-05
86400.0,726,-2759.52612304688,-7.70641272538342e-05
86400.0,727,-2764.8671875,-7.76060333009809e-05
86400.0,728,-2770.29736328125,-7.81572744017467e-05
86400.0,729,-2775.81860351562,-7.87169483373873e-05
86400.0,730,-2781.43212890625,-7.92860810179263e-05
86400.0,731,-2787.13940429688,-7.98660767031834e-05
86400.0,732,-2792.9423828125,-8.04538431111723e-05
86400.0,733,-2798.84228515625,-8.10529963928275e-05
86400.0,734,-2804.8408203125,-8.1661157310009e-05
86400.0,735,-2810.93969726562,-8.22797155706212e-05
86400.0,736,-2817.14086914062,-8.29092459753156e-05
86400.0,737,-2823.4453125,-8.35482860566117e-05
86400.0,738,-2829.85546875,-8.41992005007342e-05
86400.0,739,-2836.37280273438,-8.48593917908147e-05
86400.0,740,-2842.99926757812,-8.55321995913982e-05
86400.0,741,-2849.73657226562,-8.62156448420137e-05
86400.0,742,-2856.58642578125,-8.69105570018291e-05
86400.0,743,-2863.55078125,-8.76167323440313e-05
86400.0,744,-2870.6318359375,-8.833526953822e-05
86400.0,745,-2877.8310546875,-8.90654046088457e-05
86400.0,746,-2885.15087890625,-8.98075450095348e-05
86400.0,747,-2892.59326171875,-9.05631168279797e-05
86400.0,748,-2900.15991210938,-9.13300100364722e-05
86400.0,749,-2907.85327148438,-9.21114624361508e-05
86400.0,750,-2915.67529296875,-9.29037923924625e-05
86400.0,751,-2923.6279296875,-9.37103977776133e-05
86400.0,752,-2931.7138671875,-9.45305800996721e-05
86400.0,753,-2939.93505859375,-9.53642665990628e-05
86400.0,754,-2948.29345703125,-9.62123594945297e-05
86400.0,755,-2956.7919921875,-9.70745095401071e-05
86400.0,756,-2965.4326171875,-9.79508113232441e-05
86400.0,757,-2974.21752929688,-9.88414467428811e-05
86400.0,758,-2983.14965820312,-9.97477036435157e-05
86400.0,759,-2992.23095703125,-0.000100668381492142
86400.0,760,-3001.46435546875,-0.000101605146483053
86400.0,761,-3010.85229492188,-0.000102557358331978
86400.0,762,-3020.39697265625,-0.000103525031590834
86400.0,763,-3030.10131835938,-0.000104509002994746
86400.0,764,-3039.96826171875,-0.000105511193396524
86400.0,765,-3050.0,-0.000106526604213286
86400.0,766,-3060.03173828125,-0.000107542939076666
86400.0,767,-3069.89868164062,-0.000108543870737776
86400.0,768,-3079.60302734375,-0.000109527922177222
86400.0,769,-3089.14770507812,-0.000110496395791415
86400.0,770,-3098.53564453125,-0.000111448018287774
86400.0,771,-3107.76904296875,-0.000112384892418049
86400.0,772,-3116.85034179688,-0.000113305344711989
86400.0,773,-3125.78247070312,-0.000114211376057938
86400.0,774,-3134.5673828125,-0.000115102033305448
86400.0,775,-3143.2080078125,-0.000115977716632187
86400.0,776,-3151.70654296875,-0.000116840383270755
86400.0,777,-3160.06494140625,-0.000117686955491081
86400.0,778,-3168.2861328125,-0.000118520918476861
86400.0,779,-3176.3720703125,-0.000119340889796149
86400.0,780,-3184.32470703125,-0.000120146592962556
86400.0,781,-3192.14672851562,-0.000120940021588467
86400.0,782,-3199.84008789062,-0.000121720353490673
86400.0,783,-3207.40673828125,-0.000122487443150021
86400.0,784,-3214.84912109375,-0.000123242381960154
86400.0,785,-3222.1689453125,-0.000123984398669563
86400.0,786,-3229.3681640625,-0.000124714075354859
86400.0,787,-3236.44921875,-0.000125432343338616
86400.0,788,-3243.41357421875,-0.000126138111227192
86400.0,789,-3250.26342773438,-0.000126832703244872
86400.0,790,-3257.00073242188,-0.000127515770145692
86400.0,791,-3263.62719726562,-0.000128188214148395
86400.0,792,-3270.14453125,-0.000128848027088679
86400.0,793,-3276.5546875,-0.000129498570458964
86400.0,794,-3282.85913085938,-0.000130137224914506
86400.0,795,-3289.06030273438,-0.000130766376969405
86400.0,796,-3295.1591796875,-0.000131384542328306
86400.0,797,-3301.15771484375,-0.000131992303067818
86400.0,798,-3307.0576171875,-0.000132591056171805
86400.0,799,-3312.86059570312,-0.000133178429678082
86400.0,800,-3318.56787109375,-0.000133758017909713
86400.0,801,-3324.18139648438,-0.000134326750412583
86400.0,802,-3329.70263671875,-0.000134886024170555
86400.0,803,-3335.1328125,-0.000135436857817695
86400.0,804,-3340.47387695312,-0.000135978363687173
86400.0,805,-3345.72705078125,-0.000136511080199853
86400.0,806,-3350.8935546875,-0.000137034032377414
86400.0,807,-3355.97534179688,-0.000137550072395243
86400.0,808,-3360.97338867188,-0.000138056449941359
86400.0,809,-3365.88940429688,-0.000138554343720898
86400.0,810,-3370.72436523438,-0.000139044801471755
86400.0,811,-3375.47973632812,-0.000139526979182847
86400.0,812,-3380.15698242188,-0.000140001109684817
86400.0,813,-3384.75732421875,-0.000140466843731701
86400.0,814,-3389.28173828125,-0.000140925738378428
86400.0,815,-3393.73193359375,-0.000141377226100303
86400.0,816,-3398.10888671875,-0.000141820361022837
86400.0,817,-3402.41381835938,-0.000142257180414163
86400.0,818,-3406.64794921875,-0.000142686447361484
86400.0,819,-3410.8125,-0.000143108307383955
86400.0,820,-3414.90844726562,-0.000143524550367147
86400.0,821,-3418.93701171875,-0.000143931698403321
86400.0,822,-3422.89916992188,-0.000144333491334692
86400.0,823,-3426.79638671875,-0.000144729056046344
86400.0,824,-3430.62939453125,-0.000145117621286772
86400.0,825,-3434.39916992188,-0.00014549914340023
86400.0,826,-3438.10717773438,-0.000145875310408883
86400.0,827,-3441.75415039062,-0.000146244812640361
86400.0,828,-3445.34106445312,-0.000146608159411699
86400.0,829,-3448.86889648438,-0.000146966151078232
86400.0,830,-3452.33862304688,-0.00014731717237737
86400.0,831,-3455.75146484375,-0.000147663260577247
86400.0,832,-3459.10815429688,-0.000148003833601251
86400.0,833,-3462.40966796875,-0.000148338949657045
86400.0,834,-3465.65673828125,-0.000148667997564189
86400.0,835,-3468.85034179688,-0.000148991253809072
86400.0,836,-3471.99145507812,-0.00014930940233171
86400.0,837,-3475.0810546875,-0.000149623083416373
86400.0,838,-3478.11962890625,-0.000149930798215792
86400.0,839,-3481.10815429688,-0.000150234278407879
86400.0,840,-3484.04760742188,-0.000150531544932164
86400.0,841,-3486.93872070312,-0.000150824576849118
86400.0,842,-3489.78247070312,-0.000151113083120435
86400.0,843,-3492.5791015625,-0.000151396394358017
86400.0,844,-3495.32983398438,-0.000151675136294216
86400.0,845,-3498.03540039062,-0.000151949148857966
86400.0,846,-3500.69653320312,-0.000152218854054809
86400.0,847,-3503.31372070312,-0.000152484004502185
86400.0,848,-3505.88793945312,-0.00015274528414011
86400.0,849,-3508.41967773438,-0.000153001863509417
86400.0,850,-3510.90991210938,-0.000153253873577341
86400.0,851,-3513.35913085938,-0.000153502449393272
86400.0,852,-3515.76806640625,-0.0001537470088806
86400.0,853,-3518.13720703125,-0.000153986533405259
86400.0,854,-3520.46752929688,-0.000154222812852822
86400.0,855,-3522.75952148438,-0.000154454901348799
86400.0,856,-3525.01391601562,-0.000154683875734918
86400.0,857,-3527.23095703125,-0.000154908499098383
86400.0,858,-3529.41162109375,-0.000155129382619634
86400.0,859,-3531.55639648438,-0.000155346759129316
86400.0,860,-3533.666015625,-0.000155560031998903
86400.0,861,-3535.74096679688,-0.000155770903802477
86400.0,862,-3537.78149414062,-0.000155978006660007
86400.0,863,-3539.78857421875,-0.000156181587954052
86400.0,864,-3541.7626953125,-0.000156381138367578
86400.0,865,-3543.70434570312,-0.000156578200403601
86400.0,866,-3545.61401367188,-0.000156771609908901
86400.0,867,-3547.49243164062,-0.00015696139598731
86400.0,868,-3549.33984375,-0.000157149086589925
86400.0,869,-3551.15673828125,-0.000157333051902242
86400.0,870,-3552.94384765625,-0.000157514354214072
86400.0,871,-3554.70141601562,-0.000157692426000722
86400.0,872,-3556.43017578125,-0.000157868038513698
86400.0,873,-3558.13061523438,-0.000158040274982341
86400.0,874,-3559.80297851562,-0.000158209266373888
86400.0,875,-3561.44775390625,-0.000158375856699422
86400.0,876,-3563.06567382812,-0.000158540075062774
86400.0,877,-3564.65673828125,-0.00015870135393925
86400.0,878,-3566.2216796875,-0.000158859591465443
86400.0,879,-3567.76098632812,-0.000159016010002233
86400.0,880,-3569.27490234375,-0.000159169838298112
86400.0,881,-3570.76391601562,-0.000159320275997743
86400.0,882,-3572.228515625,-0.000159468661877327
86400.0,883,-3573.6689453125,-0.000159614559379406
86400.0,884,-3575.08569335938,-0.000159758070367388
86400.0,885,-3576.47900390625,-0.000159899616846815
86400.0,886,-3577.849609375,-0.000160038354806602
86400.0,887,-3579.19750976562,-0.000160174517077394
86400.0,888,-3580.52319335938,-0.000160308612976223
86400.0,889,-3581.8271484375,-0.000160441195475869
86400.0,890,-3583.10986328125,-0.000160570707521401
86400.0,891,-3584.37109375,-0.000160698997206055
86400.0,892,-3585.61181640625,-0.00016082295041997
86400.0,893,-3586.83203125,-0.000160949304699898
86400.0,894,-3588.0322265625,-0.000161063609994017
86400.0,895,-3589.21264648438,-0.000161197851411998
86400.0,896,-3590.37377929688,-0.000161281539476477
86400.0,897,-3591.515625,-0.000161471849423833
86400.0,898,-3592.638671875,-0.000161417759954929
86400.0,899,-3593.74340820312,-0.000161907591973431
86400.0,900,-3594.82983398438,-0.000161161166033708
86400.0,901,-3595.8984375,-0.000163237171364017
86400.0,902,-3596.94946289062,-0.000158820679644123
86400.0,903,-3597.98315429688,-0.0001694664824754
86400.0,904,-3599.0,-0.000145117388456129
172800.0,2,-3600.0,-0.000208322104299441
172800.0,3,-4100.0,-0.000617637357208878
172800.0,6,-2500.0,-5.07484364788979e-05
172800.0,35,-3601.0,-0.000356454955181107
172800.0,36,-3602.03662109375,-0.000310242437990382
172800.0,37,-3603.11108398438,-0.000326841953210533
172800.0,38,-3604.22485351562,-0.000321364204864949
172800.0,39,-3605.37939453125,-0.000324290071148425
172800.0,40,-3606.57592773438,-0.00032375258160755
172800.0,41,-3607.81640625,-0.000324764114338905
172800.0,42,-3609.10229492188,-0.000325075525324792
172800.0,43,-3610.43505859375,-0.000325753760989755
172800.0,44,-3611.81665039062,-0.000326280191075057
172800.0,45,-3613.24877929688,-0.000326918205246329
172800.0,46,-3614.7333984375,-0.00032753124833107
172800.0,47,-3616.27221679688,-0.000328194961184636
172800.0,48,-3617.8671875,-0.000328870868543163
172800.0,49,-3619.5205078125,-0.000329579488607123
172800.0,50,-3621.234375,-0.0003303152625449
172800.0,51,-3623.0107421875,-0.000331078044837341
172800.0,52,-3624.85229492188,-0.000331872462993488
172800.0,53,-3626.76098632812,-0.000332696334226057
172800.0,54,-3628.73974609375,-0.000333552743541077
172800.0,55,-3630.79052734375,-0.000334444543113932
172800.0,56,-3632.91650390625,-0.000335369142703712
172800.0,57,-3635.1201171875,-0.000336334691382945
172800.0,58,-3637.40454101562,-0.000337333971401677
172800.0,59,-3639.77221679688,-0.000338375568389893
172800.0,60,-3642.2265625,-0.000339461170369759
172800.0,61,-3644.77075195312,-0.000340585160301998
172800.0,62,-3647.40795898438,-0.00034175583277829
172800.0,63,-3650.1416015625,-0.000342975690728053
172800.0,64,-3652.97509765625,-0.00034424290060997
172800.0,65,-3655.91235351562,-0.000345558626577258
172800.0,66,-3658.95678710938,-0.000346932822139934
172800.0,67,-3662.11279296875,-0.000348363857483491
172800.0,68,-3665.38403320312,-0.000349850859493017
172800.0,69,-3668.77514648438,-0.00035139947431162
172800.0,70,-3672.2900390625,-0.000353012525010854
172800.0,71,-3675.93359375,-0.000354691292159259
172800.0,72,-3679.71020507812,-0.000356440956238657
172800.0,73,-3683.625,-0.000358266872353852
172800.0,74,-3687.68310546875,-0.000360166770406067
172800.0,75,-3691.88940429688,-0.000362148333806545
172800.0,76,-3696.24951171875,-0.000364212028216571
172800.0,77,-3700.76928710938,-0.000366366060916334
172800.0,78,-3705.4541015625,-0.000368614186299965
172800.0,79,-3710.31030273438,-0.000370956811821088
172800.0,80,-3715.34423828125,-0.000373402377590537
172800.0,81,-3720.56201171875,-0.000375953444745392
172800.0,82,-3725.970703125,-0.00037861437886022
172800.0,83,-3731.5771484375,-0.000381396501325071
172800.0,84,-3737.388671875,-0.0003843053127639
172800.0,85,-3743.41259765625,-0.000387339096050709
172800.0,86,-3749.65698242188,-0.000390511791920289
172800.0,87,-3756.12939453125,-0.000393829221138731
172800.0,88,-3762.8388671875,-0.000397293420974165
172800.0,89,-3769.79345703125,-0.000400923163397238
172800.0,90,-3777.00244140625,-0.000404719932703301
172800.0,91,-3784.47509765625,-0.000408691761549562
172800.0,92,-3792.220703125,-0.000412853696616367
172800.0,93,-3800.25,-0.000417211645981297
172800.0,94,-3808.57250976562,-0.000421780947363004
172800.0,95,-3817.19970703125,-0.000426562037318945
172800.0,96,-3826.14208984375,-0.000431592023232952
172800.0,97,-3835.41162109375,-0.000436849979450926
172800.0,98,-3845.02001953125,-0.000442411750555038
172800.0,99,-3854.97998046875,-0.000448131060693413
172800.0,100,-3864.58837890625,-0.000453840708360076
172800.0,101,-3873.85791015625,-0.000459368777228519
172800.0,102,-3882.80029296875,-0.000464788172394037
172800.0,103,-3891.42749023438,-0.000470071070594713
172800.0,104,-3899.75,-0.000475226814160123
172800.0,105,-3907.779296875,-0.000480253132991493
172800.0,106,-3915.52490234375,-0.000485153228510171
172800.0,107,-3922.99755859375,-0.000489927595481277
172800.0,108,-3930.20654296875,-0.000494574895128608
172800.0,109,-3937.1611328125,-0.000499106128700078
172800.0,110,-3943.87060546875,-0.000503515009768307
172800.0,111,-3950.34301757812,-0.000507804972585291
172800.0,112,-3956.58740234375,-0.0005119793349877
172800.0,113,-3962.611328125,-0.000516037805937231
172800.0,114,-3968.4228515625,-0.000519984751008451
172800.0,115,-3974.029296875,-0.00052382203284651
172800.0,116,-3979.43798828125,-0.000527551048435271
172800.0,117,-3984.65576171875,-0.000531169935129583
172800.0,118,-3989.68969726562,-0.000534688646439463
172800.0,119,-3994.5458984375,-0.000538105785381049
172800.0,120,-3999.23071289062,-0.000541420478839427
172800.0,121,-4003.75048828125,-0.000544639187864959
172800.0,122,-4008.11059570312,-0.000547765812370926
172800.0,123,-4012.31689453125,-0.000550794182345271
172800.0,124,-4016.375,-0.00055373489158228
172800.0,125,-4020.28979492188,-0.000556583516299725
172800.0,126,-4024.06640625,-0.000559346110094339
172800.0,127,-4027.7099609375,-0.000562028377316892
172800.0,128,-4031.22485351562,-0.000564623449463397
172800.0,129,-4034.61596679688,-0.000567139300983399
172800.0,130,-4037.88720703125,-0.000569578260183334
172800.0,131,-4041.04321289062,-0.000571938988287002
172800.0,132,-4044.08764648438,-0.000574228703044355
172800.0,133,-4047.02490234375,-0.000576444552280009
172800.0,134,-4049.8583984375,-0.000578588165808469
172800.0,135,-4052.59204101562,-0.000580669322516769
172800.0,136,-4055.22924804688,-0.000582678825594485
172800.0,137,-4057.7734375,-0.000584624882321805
172800.0,138,-4060.22778320312,-0.000586510228458792
172800.0,139,-4062.59545898438,-0.00058833445655182
172800.0,140,-4064.8798828125,-0.000590103736612946
172800.0,141,-4067.08349609375,-0.000591808697208762
172800.0,142,-4069.20947265625,-0.000593460281379521
172800.0,143,-4071.26025390625,-0.000595060060732067
172800.0,144,-4073.23901367188,-0.000596603029407561
172800.0,145,-4075.14770507812,-0.000598102575168014
172800.0,146,-4076.9892578125,-0.000599548046011478
172800.0,147,-4078.765625,-0.000600945379119366
172800.0,148,-4080.4794921875,-0.000602298532612622
172800.0,149,-4082.1328125,-0.000603600812610239
172800.0,150,-4083.72778320312,-0.000604863802436739
172800.0,151,-4085.2666015625,-0.000606090761721134
172800.0,152,-4086.75122070312,-0.000607271620538086
172800.0,153,-4088.18334960938,-0.000608409405685961
172800.0,154,-4089.56494140625,-0.000609514303505421
172800.0,155,-4090.89770507812,-0.000610582705121487
172800.0,156,-4092.18359375,-0.000611613388173282
172800.0,157,-4093.42407226562,-0.000612609728705138
172800.0,158,-4094.62060546875,-0.000613569165579975
172800.0,159,-4095.77514648438,-0.000614493503235281
172800.0,160,-4096.88916015625,-0.000615399389062077
172800.0,161,-4097.96337890625,-0.000616245437413454
172800.0,162,-4099.0,-0.00061713409377262
172800.0,626,-2501.0,-5.08212033309974e-05
172800.0,627,-2502.01684570312,-5.09373530803714e-05
172800.0,628,-2503.05053710938,-5.10364770889282e-05
172800.0,629,-2504.1015625,-5.11453945364337e-05
172800.0,630,-2505.17016601562,-5.12536280439235e-05
172800.0,631,-2506.25659179688,-5.13634222443216e-05
172800.0,632,-2507.361328125,-5.14754319738131e-05
172800.0,633,-2508.484375,-5.15897881996352e-05
172800.0,634,-2509.62622070312,-5.17056723765563e-05
172800.0,635,-2510.78735351562,-5.18235683557577e-05
172800.0,636,-2511.9677734375,-5.19433124281932e-05
172800.0,637,-2513.16796875,-5.20650683029089e-05
172800.0,638,-2514.38818359375,-5.21888214279898e-05
172800.0,639,-2515.62890625,-5.23147682542913e-05
172800.0,640,-2516.89013671875,-5.2442654123297e-05
172800.0,641,-2518.1728515625,-5.25732648384292e-05
172800.0,642,-2519.47680664062,-5.27051597600803e-05
172800.0,643,-2520.80249023438,-5.28396412846632e-05
172800.0,644,-2522.150390625,-5.29769095010124e-05
172800.0,645,-2523.52099609375,-5.31155201315414e-05
172800.0,646,-2524.91430664062,-5.32574886165094e-05
172800.0,647,-2526.3310546875,-5.3401141485665e-05
172800.0,648,-2527.771484375,-5.35472936462611e-05
172800.0,649,-2529.23608398438,-5.36958796146791e-05
172800.0,650,-2530.72509765625,-5.3846542868996e-05
172800.0,651,-2532.23901367188,-5.40005858056247e-05
172800.0,652,-2533.7783203125,-5.41572262591217e-05
172800.0,653,-2535.34326171875,-5.43156747880857e-05
172800.0,654,-2536.93432617188,-5.4477175581269e-05
172800.0,655,-2538.55224609375,-5.46416122233495e-05
172800.0,656,-2540.19702148438,-5.48084208276123e-05
172800.0,657,-2541.86938476562,-5.49776377738453e-05
172800.0,658,-2543.56982421875,-5.51501179870684e-05
172800.0,659,-2545.29858398438,-5.53259123989847e-05
172800.0,660,-2547.05615234375,-5.55043370695785e-05
172800.0,661,-2548.84326171875,-5.56856430193875e-05
172800.0,662,-2550.66015625,-5.58703213755507e-05
172800.0,663,-2552.50756835938,-5.60573098482564e-05
172800.0,664,-2554.38598632812,-5.62473760510329e-05
172800.0,665,-2556.29565429688,-5.64419060538057e-05
172800.0,666,-2558.2373046875,-5.66388371225912e-05
172800.0,667,-2560.21142578125,-5.68387404200621e-05
172800.0,668,-2562.21850585938,-5.70427073398605e-05
172800.0,669,-2564.25903320312,-5.72496755921748e-05
172800.0,670,-2566.333984375,-5.74598561797757e-05
172800.0,671,-2568.44360351562,-5.76743404963054e-05
172800.0,672,-2570.58837890625,-5.78924373257905e-05
172800.0,673,-2572.76904296875,-5.811335722683e-05
172800.0,674,-2574.98608398438,-5.83384062338155e-05
172800.0,675,-2577.24047851562,-5.85675261390861e-05
172800.0,676,-2579.53247070312,-5.88000839343295e-05
172800.0,677,-2581.86279296875,-5.90363597439136e-05
172800.0,678,-2584.23193359375,-5.9276724641677e-05
172800.0,679,-2586.64086914062,-5.95205456193071e-05
172800.0,680,-2589.09008789062,-5.97695761825889e-05
172800.0,681,-2591.58032226562,-6.00225430389401e-05
172800.0,682,-2594.11206054688,-6.02794534643181e-05
172800.0,683,-2596.68627929688,-6.0540343838511e-05
172800.0,684,-2599.30346679688,-6.08056834607851e-05
172800.0,685,-2601.96459960938,-6.10767092439346e-05
172800.0,686,-2604.67016601562,-6.13505180808716e-05
172800.0,687,-2607.4208984375,-6.16298639215529e-05
172800.0,688,-2610.21752929688,-6.19133497821167e-05
172800.0,689,-2613.06127929688,-6.22022562311031e-05
172800.0,690,-2615.95239257812,-6.24955791863613e-05
172800.0,691,-2618.89184570312,-6.27932167844847e-05
172800.0,692,-2621.88037109375,-6.30970316706225e-05
172800.0,693,-2624.9189453125,-6.34050738881342e-05
172800.0,694,-2628.00854492188,-6.37191333225928e-05
172800.0,695,-2631.14965820312,-6.40375583316199e-05
172800.0,696,-2634.34326171875,-6.4361302065663e-05
172800.0,697,-2637.59033203125,-6.46904591121711e-05
172800.0,698,-2640.89184570312,-6.50263682473451e-05
172800.0,699,-2644.24853515625,-6.53665047138929e-05
172800.0,700,-2647.66137695312,-6.57126656733453e-05
172800.0,701,-2651.13110351562,-6.60655714455061e-05
172800.0,702,-2654.65893554688,-6.64223916828632e-05
172800.0,703,-2658.24584960938,-6.67864660499617e-05
172800.0,704,-2661.89282226562,-6.71570378472097e-05
172800.0,705,-2665.60083007812,-6.75333358231001e-05
172800.0,706,-2669.37060546875,-6.79151780786924e-05
172800.0,707,-2673.20361328125,-6.8304521846585e-05
172800.0,708,-2677.10083007812,-6.86995990690775e-05
172800.0,709,-2681.06298828125,-6.91016757627949e-05
172800.0,710,-2685.09155273438,-6.95103444741108e-05
172800.0,711,-2689.1875,-6.99261872796342e-05
172800.0,712,-2693.35205078125,-7.034918962745e-05
172800.0,713,-2697.58618164062,-7.077788177412e-05
172800.0,714,-2701.89111328125,-7.12148976163007e-05
172800.0,715,-2706.26806640625,-7.16598879080266e-05
172800.0,716,-2710.71826171875,-7.21102842362598e-05
172800.0,717,-2715.24267578125,-7.25698773749173e-05
172800.0,718,-2719.84301757812,-7.30368192307651e-05
172800.0,719,-2724.52026367188,-7.35109133529477e-05
172800.0,720,-2729.27563476562,-7.39937459002249e-05
172800.0,721,-2734.11059570312,-7.44844655855559e-05
172800.0,722,-2739.02661132812,-7.49828541302122e-05
172800.0,723,-2744.02465820312,-7.54895954742096e-05
172800.0,724,-2749.1064453125,-7.60060647735372e-05
172800.0,725,-2754.27294921875,-7.65294025768526e-05
172800.0,726,-2759.52612304688,-7.70625483710319e-05
172800.0,727,-2764.8671875,-7.7604447142221e-05
172800.0,728,-2770.29736328125,-7.81556955189444e-05
172800.0,729,-2775.81860351562,-7.8715369454585e-05
172800.0,730,-2781.43212890625,-7.92845021351241e-05
172800.0,731,-2787.13940429688,-7.98644978203811e-05
172800.0,732,-2792.9423828125,-8.045226422837e-05
172800.0,733,-2798.84228515625,-8.10514102340676e-05
172800.0,734,-2804.8408203125,-8.16595711512491e-05
172800.0,735,-2810.93969726562,-8.22781294118613e-05
172800.0,736,-2817.14086914062,-8.29076670925133e-05
172800.0,737,-2823.4453125,-8.35467071738094e-05
172800.0,738,-2829.85546875,-8.41976216179319e-05
172800.0,739,-2836.37280273438,-8.48578129080124e-05
172800.0,740,-2842.99926757812,-8.5530620708596e-05
172800.0,741,-2849.73657226562,-8.62140659592114e-05
172800.0,742,-2856.58642578125,-8.69089781190269e-05
172800.0,743,-2863.55078125,-8.76151534612291e-05
172800.0,744,-2870.6318359375,-8.83336833794601e-05
172800.0,745,-2877.8310546875,-8.90638184500858e-05
172800.0,746,-2885.15087890625,-8.98059588507749e-05
172800.0,747,-2892.59326171875,-9.05615306692198e-05
172800.0,748,-2900.15991210938,-9.132843115367e-05
172800.0,749,-2907.85327148438,-9.21098835533485e-05
172800.0,750,-2915.67529296875,-9.29022135096602e-05
172800.0,751,-2923.6279296875,-9.3708818894811e-05
172800.0,752,-2931.7138671875,-9.45289939409122e-05
172800.0,753,-2939.93505859375,-9.53626877162606e-05
172800.0,754,-2948.29345703125,-9.62107806117274e-05
172800.0,755,-2956.7919921875,-9.70729306573048e-05
172800.0,756,-2965.4326171875,-9.79492324404418e-05
172800.0,757,-2974.21752929688,-9.88398678600788e-05
172800.0,758,-2983.14965820312,-9.97461247607134e-05
172800.0,759,-2992.23095703125,-0.000100666802609339
172800.0,760,-3001.46435546875,-0.00010160356760025
172800.0,761,-3010.85229492188,-0.000102555779449176
172800.0,762,-3020.39697265625,-0.000103523452708032
172800.0,763,-3030.10131835938,-0.000104507416835986
172800.0,764,-3039.96826171875,-0.000105509614513721
172800.0,765,-3050.0,-0.000106525018054526
172800.0,766,-3060.03173828125,-0.000107541360193864
172800.0,767,-3069.89868164062,-0.000108542284579016
172800.0,768,-3079.60302734375,-0.000109526343294419
172800.0,769,-3089.14770507812,-0.000110494816908613
172800.0,770,-3098.53564453125,-0.000111446432129014
172800.0,771,-3107.76904296875,-0.000112383313535247
172800.0,772,-3116.85034179688,-0.000113303765829187
172800.0,773,-3125.78247070312,-0.000114209789899178
172800.0,774,-3134.5673828125,-0.000115100447146688
172800.0,775,-3143.2080078125,-0.000115976137749385
172800.0,776,-3151.70654296875,-0.000116838804387953
172800.0,777,-3160.06494140625,-0.000117685369332321
172800.0,778,-3168.2861328125,-0.000118519339594059
172800.0,779,-3176.3720703125,-0.000119339310913347
172800.0,780,-3184.32470703125,-0.000120145014079753
172800.0,781,-3192.14672851562,-0.000120938442705665
172800.0,782,-3199.84008789062,-0.000121718774607871
172800.0,783,-3207.40673828125,-0.000122485856991261
172800.0,784,-3214.84912109375,-0.000123240810353309
172800.0,785,-3222.1689453125,-0.000123982812510803
172800.0,786,-3229.3681640625,-0.000124712489196099
172800.0,787,-3236.44921875,-0.000125430757179856
172800.0,788,-3243.41357421875,-0.000126136539620347
172800.0,789,-3250.26342773438,-0.000126831131638028
172800.0,790,-3257.00073242188,-0.000127514183986932
172800.0,791,-3263.62719726562,-0.00012818664254155
172800.0,792,-3270.14453125,-0.000128846440929919
172800.0,793,-3276.5546875,-0.000129496984300204
172800.0,794,-3282.85913085938,-0.000130135638755746
172800.0,795,-3289.06030273438,-0.000130764790810645
172800.0,796,-3295.1591796875,-0.000131382956169546
172800.0,797,-3301.15771484375,-0.000131990731460974
172800.0,798,-3307.0576171875,-0.00013258948456496
172800.0,799,-3312.86059570312,-0.000133176843519323
172800.0,800,-3318.56787109375,-0.000133756446302868
172800.0,801,-3324.18139648438,-0.000134325164253823
172800.0,802,-3329.70263671875,-0.000134884438011795
172800.0,803,-3335.1328125,-0.000135435271658935
172800.0,804,-3340.47387695312,-0.000135976777528413
172800.0,805,-3345.72705078125,-0.000136509508593008
172800.0,806,-3350.8935546875,-0.000137032446218655
172800.0,807,-3355.97534179688,-0.000137548486236483
172800.0,808,-3360.97338867188,-0.0001380548637826
172800.0,809,-3365.88940429688,-0.000138552757562138
172800.0,810,-3370.72436523438,-0.00013904322986491
172800.0,811,-3375.47973632812,-0.000139525393024087
172800.0,812,-3380.15698242188,-0.000139999538077973
172800.0,813,-3384.75732421875,-0.000140465272124857
172800.0,814,-3389.28173828125,-0.000140924152219668
172800.0,815,-3393.73193359375,-0.000141375639941543
172800.0,816,-3398.10888671875,-0.000141818774864078
172800.0,817,-3402.41381835938,-0.000142255594255403
172800.0,818,-3406.64794921875,-0.000142684861202724
172800.0,819,-3410.8125,-0.000143106721225195
172800.0,820,-3414.90844726562,-0.000143522964208387
172800.0,821,-3418.93701171875,-0.000143930112244561
172800.0,822,-3422.89916992188,-0.000144331919727847
172800.0,823,-3426.79638671875,-0.000144727469887584
172800.0,824,-3430.62939453125,-0.000145116035128012
172800.0,825,-3434.39916992188,-0.00014549755724147
172800.0,826,-3438.10717773438,-0.000145873738802038
172800.0,827,-3441.75415039062,-0.000146243241033517
172800.0,828,-3445.34106445312,-0.000146606587804854
172800.0,829,-3448.86889648438,-0.000146964564919472
172800.0,830,-3452.33862304688,-0.000147315600770526
172800.0,831,-3455.75146484375,-0.000147661674418487
172800.0,832,-3459.10815429688,-0.000148002261994407
172800.0,833,-3462.40966796875,-0.000148337363498285
172800.0,834,-3465.65673828125,-0.000148666411405429
172800.0,835,-3468.85034179688,-0.000148989667650312
172800.0,836,-3471.99145507812,-0.000149307830724865
172800.0,837,-3475.0810546875,-0.000149621497257613
172800.0,838,-3478.11962890625,-0.000149929212057032
172800.0,839,-3481.10815429688,-0.000150232692249119
172800.0,840,-3484.04760742188,-0.00015052997332532
172800.0,841,-3486.93872070312,-0.000150823005242273
172800.0,842,-3489.78247070312,-0.000151111496961676
172800.0,843,-3492.5791015625,-0.000151394808199257
172800.0,844,-3495.32983398438,-0.000151673550135456
172800.0,845,-3498.03540039062,-0.000151947577251121
172800.0,846,-3500.69653320312,-0.000152217282447964
172800.0,847,-3503.31372070312,-0.000152482418343425
172800.0,848,-3505.88793945312,-0.000152743712533265
172800.0,849,-3508.41967773438,-0.000153000291902572
172800.0,850,-3510.90991210938,-0.000153252301970497
172800.0,851,-3513.35913085938,-0.000153500863234513
172800.0,852,-3515.76806640625,-0.00015374542272184
172800.0,853,-3518.13720703125,-0.000153984947246499
172800.0,854,-3520.46752929688,-0.000154221226694062
172800.0,855,-3522.75952148438,-0.000154453329741955
172800.0,856,-3525.01391601562,-0.000154682304128073
172800.0,857,-3527.23095703125,-0.000154906912939623
172800.0,858,-3529.41162109375,-0.00015512781101279
172800.0,859,-3531.55639648438,-0.000155345172970556
172800.0,860,-3533.666015625,-0.000155558460392058
172800.0,861,-3535.74096679688,-0.000155769317643717
172800.0,862,-3537.78149414062,-0.000155976420501247
172800.0,863,-3539.78857421875,-0.000156180016347207
172800.0,864,-3541.7626953125,-0.000156379552208818
172800.0,865,-3543.70434570312,-0.000156576614244841
172800.0,866,-3545.61401367188,-0.000156770023750141
172800.0,867,-3547.49243164062,-0.000156959824380465
172800.0,868,-3549.33984375,-0.000157147500431165
172800.0,869,-3551.15673828125,-0.000157331465743482
172800.0,870,-3552.94384765625,-0.000157512768055312
172800.0,871,-3554.70141601562,-0.000157690839841962
172800.0,872,-3556.43017578125,-0.000157866466906853
172800.0,873,-3558.13061523438,-0.000158038688823581
172800.0,874,-3559.80297851562,-0.000158207694767043
172800.0,875,-3561.44775390625,-0.000158374270540662
172800.0,876,-3563.06567382812,-0.000158538488904014
172800.0,877,-3564.65673828125,-0.00015869976778049
172800.0,878,-3566.2216796875,-0.000158858005306683
172800.0,879,-3567.76098632812,-0.000159014423843473
172800.0,880,-3569.27490234375,-0.000159168252139352
172800.0,881,-3570.76391601562,-0.000159318689838983
172800.0,882,-3572.228515625,-0.000159467075718567
172800.0,883,-3573.6689453125,-0.000159612973220646
172800.0,884,-3575.08569335938,-0.000159756469656713
172800.0,885,-3576.47900390625,-0.00015989801613614
172800.0,886,-3577.849609375,-0.000160036754095927
172800.0,887,-3579.19750976562,-0.000160172901814803
172800.0,888,-3580.52319335938,-0.000160306983161718
172800.0,889,-3581.8271484375,-0.000160439551109448
172800.0,890,-3583.10986328125,-0.00016056900494732
172800.0,891,-3584.37109375,-0.000160697352839634
172800.0,892,-3585.61181640625,-0.000160821087774821
172800.0,893,-3586.83203125,-0.00016094783495646
172800.0,894,-3588.0322265625,-0.000161061179824173
172800.0,895,-3589.21264648438,-0.000161197487614118
172800.0,896,-3590.37377929688,-0.000161276620929129
172800.0,897,-3591.515625,-0.000161477146320976
172800.0,898,-3592.638671875,-0.000161400559591129
172800.0,899,-3593.74340820312,-0.000161941745318472
172800.0,900,-3594.82983398438,-0.000161080504767597
172800.0,901,-3595.8984375,-0.000163421660545282
172800.0,902,-3596.94946289062,-0.000158401366206817
172800.0,903,-3597.98315429688,-0.000170461775269359
172800.0,904,-3599.0,-0.000142849414260127
0.0,2,-3600.0,-0.000208322104299441
0.0,3,-4100.0,-0.000617637357208878
0.0,6,-2500.0,-5.07484364788979e-05
0.0,35,-3601.0,-0.000356454955181107
0.0,36,-3602.03662109375,-0.000310242437990382
0.0,37,-3603.11108398438,-0.000326841953210533
0.0,38,-3604.22485351562,-0.000321364204864949
0.0,39,-3605.37939453125,-0.000324290071148425
0.0,40,-3606.57592773438,-0.00032375258160755
0.0,41,-3607.81640625,-0.000324764114338905
0.0,42,-3609.10229492188,-0.000325075525324792
0.0,43,-3610.43505859375,-0.000325753760989755
0.0,44,-3611.81665039062,-0.000326280191075057
0.0,45,-3613.24877929688,-0.000326918205246329
0.0,46,-3614.7333984375,-0.00032753124833107
0.0,47,-3616.27221679688,-0.000328194961184636
0.0,48,-3617.8671875,-0.000328870868543163
0.0,49,-3619.5205078125,-0.000329579488607123
0.0,50,-3621.234375,-0.0003303152625449
0.0,51,-3623.0107421875,-0.000331078044837341
0.0,52,-3624.85229492188,-0.000331872462993488
0.0,53,-3626.76098632812,-0.000332696334226057
0.0,54,-3628.73974609375,-0.000333552743541077
0.0,55,-3630.79052734375,-0.000334444543113932
0.0,56,-3632.91650390625,-0.000335369142703712
0.0,57,-3635.1201171875,-0.000336334691382945
0.0,58,-3637.40454101562,-0.000337333971401677
0.0,59,-3639.77221679688,-0.000338375568389893
0.0,60,-3642.2265625,-0.000339461170369759
0.0,61,-3644.77075195312,-0.000340585160301998
0.0,62,-3647.40795898438,-0.00034175583277829
0.0,63,-3650.1416015625,-0.000342975690728053
0.0,64,-3652.97509765625,-0.00034424290060997
0.0,65,-3655.91235351562,-0.000345558626577258
0.0,66,-3658.95678710938,-0.000346932822139934
0.0,67,-3662.11279296875,-0.000348363857483491
0.0,68,-3665.38403320312,-0.000349850859493017
0.0,69,-3668.77514648438,-0.00035139947431162
0.0,70,-3672.2900390625,-0.000353012525010854
0.0,71,-3675.93359375,-0.000354691292159259
0.0,72,-3679.71020507812,-0.000356440956238657
0.0,73,-3683.625,-0.000358266872353852
0.0,74,-3687.68310546875,-0.000360166770406067
0.0,75,-3691.88940429688,-0.000362148333806545
0.0,76,-3696.24951171875,-0.000364212028216571
0.0,77,-3700.76928710938,-0.000366366060916334
0.0,78,-3705.4541015625,-0.000368614186299965
0.0,79,-3710.31030273438,-0.000370956811821088
0.0,80,-3715.34423828125,-0.000373402377590537
0.0,81,-3720.56201171875,-0.000375953444745392
0.0,82,-3725.970703125,-0.00037861437886022
0.0,83,-3731.5771484375,-0.000381396501325071
0.0,84,-3737.388671875,-0.0003843053127639
0.0,85,-3743.41259765625,-0.000387339096050709
0.0,86,-3749.65698242188,-0.000390511791920289
0.0,87,-3756.12939453125,-0.000393829221138731
0.0,88,-3762.8388671875,-0.000397293420974165
0.0,89,-3769.79345703125,-0.000400923163397238
0.0,90,-3777.00244140625,-0.000404719932703301
0.0,91,-3784.47509765625,-0.000408691761549562
0.0,92,-3792.220703125,-0.000412853696616367
0.0,93,-3800.25,-0.000417211645981297
0.0,94,-3808.57250976562,-0.000421780947363004
0.0,95,-3817.19970703125,-0.000426562037318945
0.0,96,-3826.14208984375,-0.000431592023232952
0.0,97,-3835.41162109375,-0.000436849979450926
0.0,98,-3845.02001953125,-0.000442411750555038
0.0,99,-3854.97998046875,-0.000448131060693413
0.0,100,-3864.58837890625,-0.000453840708360076
0.0,101,-3873.85791015625,-0.000459368777228519
0.0,102,-3882.80029296875,-0.000464788172394037
0.0,103,-3891.42749023438,-0.000470071070594713
0.0,104,-3899.75,-0.000475226814160123
0.0,105,-3907.779296875,-0.000480253132991493
0.0,106,-3915.52490234375,-0.000485153228510171
0.0,107,-3922.99755859375,-0.000489927595481277
0.0,108,-3930.20654296875,-0.000494574895128608
0.0,109,-3937.1611328125,-0.000499106128700078
0.0,110,-3943.87060546875,-0.000503515009768307
0.0,111,-3950.34301757812,-0.000507804972585291
0.0,112,-3956.58740234375,-0.0005119793349877
0.0,113,-3962.611328125,-0.000516037805937231
0.0,114,-3968.4228515625,-0.000519984751008451
0.0,115,-3974.029296875,-0.00052382203284651
0.0,116,-3979.43798828125,-0.000527551048435271
0.0,117,-3984.65576171875,-0.000531169935129583
0.0,118,-3989.68969726562,-0.000534688646439463
0.0,119,-3994.5458984375,-0.000538105785381049
0.0,120,-3999.23071289062,-0.000541420478839427
0.0,121,-4003.75048828125,-0.000544639187864959
0.0,122,-4008.11059570312,-0.000547765812370926
0.0,123,-4012.31689453125,-0.000550794182345271
0.0,124,-4016.375,-0.00055373489158228
0.0,125,-4020.28979492188,-0.000556583516299725
0.0,126,-4024.06640625,-0.000559346110094339
0.0,127,-4027.7099609375,-0.000562028377316892
0.0,128,-4031.22485351562,-0.000564623449463397
0.0,129,-4034.61596679688,-0.000567139300983399
0.0,130,-4037.88720703125,-0.000569578260183334
0.0,131,-4041.04321289062,-0.000571938988287002
0.0,132,-4044.08764648438,-0.000574228703044355
0.0,133,-4047.02490234375,-0.000576444552280009
0.0,134,-4049.8583984375,-0.000578588165808469
0.0,135,-4052.59204101562,-0.000580669322516769
0.0,136,-4055.22924804688,-0.000582678825594485
0.0,137,-4057.7734375,-0.000584624882321805
0.0,138,-4060.22778320312,-0.000586510228458792
0.0,139,-4062.59545898438,-0.00058833445655182
0.0,140,-4064.8798828125,-0.000590103736612946
0.0,141,-4067.08349609375,-0.000591808697208762
0.0,142,-4069.20947265625,-0.000593460281379521
0.0,143,-4071.26025390625,-0.000595060060732067
0.0,144,-4073.23901367188,-0.000596603029407561
0.0,145,-4075.14770507812,-0.000598102575168014
0.0,146,-4076.9892578125,-0.000599548046011478
0.0,147,-4078.765625,-0.000600945379119366
0.0,148,-4080.4794921875,-0.000602298532612622
0.0,149,-4082.1328125,-0.000603600812610239
0.0,150,-4083.72778320312,-0.000604863802436739
0.0,151,-4085.2666015625,-0.000606090761721134
0.0,152,-4086.75122070312,-0.000607271620538086
0.0,153,-4088.18334960938,-0.000608409405685961
0.0,154,-4089.56494140625,-0.000609514303505421
0.0,155,-4090.89770507812,-0.000610582705121487
0.0,156,-4092.18359375,-0.000611613388173282
0.0,157,-4093.42407226562,-0.000612609728705138
0.0,158,-4094.62060546875,-0.000613569165579975
0.0,159,-4095.77514648438,-0.000614493503235281
0.0,160,-4096.88916015625,-0.000615399389062077
0.0,161,-4097.96337890625,-0.000616245437413454
0.0,162,-4099.0,-0.00061713409377262
0.0,626,-2501.0,-5.08212033309974e-05
0.0,627,-2502.01684570312,-5.09373530803714e-05
0.0,628,-2503.05053710938,-5.10364770889282e-05
0.0,629,-2504.1015625,-5.11453945364337e-05
0.0,630,-2505.17016601562,-5.12536280439235e-05
0.0,631,-2506.25659179688,-5.13634222443216e-05
0.0,632,-2507.361328125,-5.14754319738131e-05
0.0,633,-2508.484375,-5.15897881996352e-05
0.0,634,-2509.62622070312,-5.17056723765563e-05
0.0,635,-2510.78735351562,-5.18235683557577e-05
0.0,636,-2511.9677734375,-5.19433124281932e-05
0.0,637,-2513.16796875,-5.20650683029089e-05
0.0,638,-2514.38818359375,-5.21888214279898e-05
0.0,639,-2515.62890625,-5.23147682542913e-05
0.0,640,-2516.89013671875,-5.2442654123297e-05
0.0,641,-2518.1728515625,-5.25732648384292e-05
0.0,642,-2519.47680664062,-5.27051597600803e-05
0.0,643,-2520.80249023438,-5.28396412846632e-05
0.0,644,-2522.150390625,-5.29769095010124e-05
0.0,645,-2523.52099609375,-5.31155201315414e-05
0.0,646,-2524.91430664062,-5.32574886165094e-05
0.0,647,-2526.3310546875,-5.3401141485665e-05
0.0,648,-2527.771484375,-5.35472936462611e-05
0.0,649,-2529.23608398438,-5.36958796146791e-05
0.0,650,-2530.72509765625,-5.3846542868996e-05
0.0,651,-2532.23901367188,-5.40005858056247e-05
0.0,652,-2533.7783203125,-5.41572262591217e-05
0.0,653,-2535.34326171875,-5.43156747880857e-05
0.0,654,-2536.93432617188,-5.4477175581269e-05
0.0,655,-2538.55224609375,-5.46416122233495e-05
0.0,656,-2540.19702148438,-5.48084208276123e-05
0.0,657,-2541.86938476562,-5.49776377738453e-05
0.0,658,-2543.56982421875,-5.51501179870684e-05
0.0,659,-2545.29858398438,-5.53259123989847e-05
0.0,660,-2547.05615234375,-5.55043370695785e-05
0.0,661,-2548.84326171875,-5.56856430193875e-05
0.0,662,-2550.66015625,-5.58703213755507e-05
0.0,663,-2552.50756835938,-5.60573098482564e-05
0.0,664,-2554.38598632812,-5.62473760510329e-05
0.0,665,-2556.29565429688,-5.64419060538057e-05
0.0,666,-2558.2373046875,-5.66388371225912e-05
0.0,667,-2560.21142578125,-5.68387404200621e-05
0.0,668,-2562.21850585938,-5.70427073398605e-05
0.0,669,-2564.25903320312,-5.72496755921748e-05
0.0,670,-2566.333984375,-5.74598561797757e-05
0.0,671,-2568.44360351562,-5.76743404963054e-05
0.0,672,-2570.58837890625,-5.78924373257905e-05
0.0,673,-2572.76904296875,-5.811335722683e-05
0.0,674,-2574.98608398438,-5.83384062338155e-05
0.0,675,-2577.24047851562,-5.85675261390861e-05
0.0,676,-2579.53247070312,-5.88000839343295e-05
0.0,677,-2581.86279296875,-5.90363597439136e-05
0.0,678,-2584.23193359375,-5.9276724641677e-05
0.0,679,-2586.64086914062,-5.95205456193071e-05
0.0,680,-2589.09008789062,-5.97695761825889e-05
0.0,681,-2591.58032226562,-6.00225430389401e-05
0.0,682,-2594.11206054688,-6.02794534643181e-05
0.0,683,-2596.68627929688,-6.0540343838511e-05
0.0,684,-2599.30346679688,-6.08056834607851e-05
0.0,685,-2601.96459960938,-6.10767092439346e-05
0.0,686,-2604.67016601562,-6.13505180808716e-05
0.0,687,-2607.4208984375,-6.16298639215529e-05
0.0,688,-2610.21752929688,-6.19133497821167e-05
0.0,689,-2613.06127929688,-6.22022562311031e-05
0.0,690,-2615.95239257812,-6.24955791863613e-05
0.0,691,-2618.89184570312,-6.27932167844847e-05
0.0,692,-2621.88037109375,-6.30970316706225e-05
0.0,693,-2624.9189453125,-6.34050738881342e-05
0.0,694,-2628.00854492188,-6.37191333225928e-05
0.0,695,-2631.14965820312,-6.40375583316199e-05
0.0,696,-2634.34326171875,-6.4361302065663e-05
0.0,697,-2637.59033203125,-6.46904591121711e-05
0.0,698,-2640.89184570312,-6.50263682473451e-05
0.0,699,-2644.24853515625,-6.53665047138929e-05
0.0,700,-2647.66137695312,-6.57126656733453e-05
0.0,701,-2651.13110351562,-6.60655714455061e-05
0.0,702,-2654.65893554688,-6.64223916828632e-05
0.0,703,-2658.24584960938,-6.67864660499617e-05
0.0,704,-2661.89282226562,-6.71570378472097e-05
0.0,705,-2665.60083007812,-6.75333358231001e-05
0.0,706,-2669.37060546875,-6.79151780786924e-05
0.0,707,-2673.20361328125,-6.8304521846585e-05
0.0,708,-2677.10083007812,-6.86995990690775e-05
0.0,709,-2681.06298828125,-6.91016757627949e-05
0.0,710,-2685.09155273438,-6.95103444741108e-05
0.0,711,-2689.1875,-6.99261872796342e-05
0.0,712,-2693.35205078125,-7.034918962745e-05
0.0,713,-2697.58618164062,-7.077788177412e-05
0.0,714,-2701.89111328125,-7.12148976163007e-05
0.0,715,-2706.26806640625,-7.16598879080266e-05
0.0,716,-2710.71826171875,-7.21102842362598e-05
0.0,717,-2715.24267578125,-7.25698773749173e-05
0.0,718,-2719.84301757812,-7.30368192307651e-05
0.0,719,-2724.52026367188,-7.35109133529477e-05
0.0,720,-2729.27563476562,-7.39937459002249e-05
0.0,721,-2734.11059570312,-7.44844655855559e-05
0.0,722,-2739.02661132812,-7.49828541302122e-05
0.0,723,-2744.02465820312,-7.54895954742096e-05
0.0,724,-2749.1064453125,-7.60060647735372e-05
0.0,725,-2754.27294921875,-7.65294025768526e-05
0.0,726,-2759.52612304688,-7.70625483710319e-05
0.0,727,-2764.8671875,-7.7604447142221e-05
0.0,728,-2770.29736328125,-7.81556955189444e-05
0.0,729,-2775.81860351562,-7.8715369454585e-05
0.0,730,-2781.43212890625,-7.92845021351241e-05
0.0,731,-2787.13940429688,-7.98644978203811e-05
0.0,732,-2792.9423828125,-8.045226422837e-05
0.0,733,-2798.84228515625,-8.10514102340676e-05
0.0,734,-2804.8408203125,-8.16595711512491e-05
0.0,735,-2810.93969726562,-8.22781294118613e-05
0.0,736,-2817.14086914062,-8.29076670925133e-05
0.0,737,-2823.4453125,-8.35467071738094e-05
0.0,738,-2829.85546875,-8.41976216179319e-05
0.0,739,-2836.37280273438,-8.48578129080124e-05
0.0,740,-2842.99926757812,-8.5530620708596e-05
0.0,741,-2849.73657226562,-8.62140659592114e-05
0.0,742,-2856.58642578125,-8.69089781190269e-05
0.0,743,-2863.55078125,-8.76151534612291e-05
0.0,744,-2870.6318359375,-8.83336833794601e-05
0.0,745,-2877.8310546875,-8.90638184500858e-05
0.0,746,-2885.15087890625,-8.98059588507749e-05
0.0,747,-2892.59326171875,-9.05615306692198e-05
0.0,748,-2900.15991210938,-9.132843115367e-05
0.0,749,-2907.85327148438,-9.21098835533485e-05
0.0,750,-2915.67529296875,-9.29022135096602e-05
0.0,751,-2923.6279296875,-9.3708818894811e-05
0.0,752,-2931.7138671875,-9.45289939409122e-05
0.0,753,-2939.93505859375,-9.53626877162606e-05
0.0,754,-2948.29345703125,-9.62107806117274e-05
0.0,755,-2956.7919921875,-9.70729306573048e-05
0.0,756,-2965.4326171875,-9.79492324404418e-05
0.0,757,-2974.21752929688,-9.88398678600788e-05
0.0,758,-2983.14965820312,-9.97461247607134e-05
0.0,759,-2992.23095703125,-0.000100666802609339
0.0,760,-3001.46435546875,-0.00010160356760025
0.0,761,-3010.85229492188,-0.000102555779449176
0.0,762,-3020.39697265625,-0.000103523452708032
0.0,763,-3030.10131835938,-0.000104507416835986
0.0,764,-3039.96826171875,-0.000105509614513721
0.0,765,-3050.0,-0.000106525018054526
0.0,766,-3060.03173828125,-0.000107541360193864
0.0,767,-3069.89868164062,-0.000108542284579016
0.0,768,-3079.60302734375,-0.000109526343294419
0.0,769,-3089.14770507812,-0.000110494816908613
0.0,770,-3098.53564453125,-0.000111446432129014
0.0,771,-3107.76904296875,-0.000112383313535247
0.0,772,-3116.85034179688,-0.000113303765829187
0.0,773,-3125.78247070312,-0.000114209789899178
0.0,774,-3134.5673828125,-0.000115100447146688
0.0,775,-3143.2080078125,-0.000115976137749385
0.0,776,-3151.70654296875,-0.000116838804387953
0.0,777,-3160.06494140625,-0.000117685369332321
0.0,778,-3168.2861328125,-0.000118519339594059
0.0,779,-3176.3720703125,-0.000119339310913347
0.0,780,-3184.32470703125,-0.000120145014079753
0.0,781,-3192.14672851562,-0.000120938442705665
0.0,782,-3199.84008789062,-0.000121718774607871
0.0,783,-3207.40673828125,-0.000122485856991261
0.0,784,-3214.84912109375,-0.000123240810353309
0.0,785,-3222.1689453125,-0.000123982812510803
0.0,786,-3229.3681640625,-0.000124712489196099
0.0,787,-3236.44921875,-0.000125430757179856
0.0,788,-3243.41357421875,-0.000126136539620347
0.0,789,-3250.26342773438,-0.000126831131638028
0.0,790,-3257.00073242188,-0.000127514183986932
0.0,791,-3263.62719726562,-0.00012818664254155
0.0,792,-3270.14453125,-0.000128846440929919
0.0,793,-3276.5546875,-0.000129496984300204
0.0,794,-3282.85913085938,-0.000130135638755746
0.0,795,-3289.06030273438,-0.000130764790810645
0.0,796,-3295.1591796875,-0.000131382956169546
0.0,797,-3301.15771484375,-0.000131990731460974
0.0,798,-3307.0576171875,-0.00013258948456496
0.0,799,-3312.86059570312,-0.000133176843519323
0.0,800,-3318.56787109375,-0.000133756446302868
0.0,801,-3324.18139648438,-0.000134325164253823
0.0,802,-3329.70263671875,-0.000134884438011795
0.0,803,-3335.1328125,-0.000135435271658935
0.0,804,-3340.47387695312,-0.000135976777528413
0.0,805,-3345.72705078125,-0.000136509508593008
0.0,806,-3350.8935546875,-0.000137032446218655
0.0,807,-3355.97534179688,-0.000137548486236483
0.0,808,-3360.97338867188,-0.0001380548637826
0.0,809,-3365.88940429688,-0.000138552757562138
0.0,810,-3370.72436523438,-0.00013904322986491
0.0,811,-3375.47973632812,-0.000139525393024087
0.0,812,-3380.15698242188,-0.000139999538077973
0.0,813,-3384.75732421875,-0.000140465272124857
0.0,814,-3389.28173828125,-0.000140924152219668
0.0,815,-3393.73193359375,-0.000141375639941543
0.0,816,-3398.10888671875,-0.000141818774864078
0.0,817,-3402.41381835938,-0.000142255594255403
0.0,818,-3406.64794921875,-0.000142684861202724
0.0,819,-3410.8125,-0.000143106721225195
0.0,820,-3414.90844726562,-0.000143522964208387
0.0,821,-3418.93701171875,-0.000143930112244561
0.0,822,-3422.89916992188,-0.000144331919727847
0.0,823,-3426.79638671875,-0.000144727469887584
0.0,824,-3430.62939453125,-0.000145116035128012
0.0,825,-3434.39916992188,-0.00014549755724147
0.0,826,-3438.10717773438,-0.000145873738802038
0.0,827,-3441.75415039062,-0.000146243241033517
0.0,828,-3445.34106445312,-0.000146606587804854
0.0,829,-3448.86889648438,-0.000146964564919472
0.0,830,-3452.33862304688,-0.000147315600770526
0.0,831,-3455.75146484375,-0.000147661674418487
0.0,832,-3459.10815429688,-0.000148002261994407
0.0,833,-3462.40966796875,-0.000148337363498285
0.0,834,-3465.65673828125,-0.000148666411405429
0.0,835,-3468.85034179688,-0.000148989667650312
0.0,836,-3471.99145507812,-0.000149307830724865
0.0,837,-3475.0810546875,-0.000149621497257613
0.0,838,-3478.11962890625,-0.000149929212057032
0.0,839,-3481.10815429688,-0.000150232692249119
0.0,840,-3484.04760742188,-0.00015052997332532
0.0,841,-3486.93872070312,-0.000150823005242273
0.0,842,-3489.78247070312,-0.000151111496961676
0.0,843,-3492.5791015625,-0.000151394808199257
0.0,844,-3495.32983398438,-0.000151673550135456
0.0,845,-3498.03540039062,-0.000151947577251121
0.0,846,-3500.69653320312,-0.000152217282447964
0.0,847,-3503.31372070312,-0.000152482418343425
0.0,848,-3505.88793945312,-0.000152743712533265
0.0,849,-3508.41967773438,-0.000153000291902572
0.0,850,-3510.90991210938,-0.000153252301970497
0.0,851,-3513.35913085938,-0.000153500863234513
0.0,852,-3515.76806640625,-0.00015374542272184
0.0,853,-3518.13720703125,-0.000153984947246499
0.0,854,-3520.46752929688,-0.000154221226694062
0.0,855,-3522.75952148438,-0.000154453329741955
0.0,856,-3525.01391601562,-0.000154682304128073
0.0,857,-3527.23095703125,-0.000154906912939623
0.0,858,-3529.41162109375,-0.00015512781101279
0.0,859,-3531.55639648438,-0.000155345172970556
0.0,860,-3533.666015625,-0.000155558460392058
0.0,861,-3535.74096679688,-0.000155769317643717
0.0,862,-3537.78149414062,-0.000155976420501247
0.0,863,-3539.78857421875,-0.000156180016347207
0.0,864,-3541.7626953125,-0.000156379552208818
0.0,865,-3543.70434570312,-0.000156576614244841
0.0,866,-3545.61401367188,-0.000156770023750141
0.0,867,-3547.49243164062,-0.000156959824380465
0.0,868,-3549.33984375,-0.000157147500431165
0.0,869,-3551.15673828125,-0.000157331465743482
0.0,870,-3552.94384765625,-0.000157512768055312
0.0,871,-3554.70141601562,-0.000157690839841962
0.0,872,-3556.43017578125,-0.000157866466906853
0.0,873,-3558.13061523438,-0.000158038688823581
0.0,874,-3559.80297851562,-0.000158207694767043
0.0,875,-3561.44775390625,-0.000158374270540662
0.0,876,-3563.06567382812,-0.000158538488904014
0.0,877,-3564.65673828125,-0.00015869976778049
0.0,878,-3566.2216796875,-0.000158858005306683
0.0,879,-3567.76098632812,-0.000159014423843473
0.0,880,-3569.27490234375,-0.000159168252139352
0.0,881,-3570.76391601562,-0.000159318689838983
0.0,882,-3572.228515625,-0.000159467075718567
0.0,883,-3573.6689453125,-0.000159612973220646
0.0,884,-3575.08569335938,-0.000159756469656713
0.0,885,-3576.47900390625,-0.00015989801613614
0.0,886,-3577.849609375,-0.000160036754095927
0.0,887,-3579.19750976562,-0.000160172901814803
0.0,888,-3580.52319335938,-0.000160306983161718
0.0,889,-3581.8271484375,-0.000160439551109448
0.0,890,-3583.10986328125,-0.00016056900494732
0.0,891,-3584.37109375,-0.000160697352839634
0.0,892,-3585.61181640625,-0.000160821087774821
0.0,893,-3586.83203125,-0.00016094783495646
0.0,894,-3588.0322265625,-0.000161061179824173
0.0,895,-3589.21264648438,-0.000161197487614118
0.0,896,-3590.37377929688,-0.000161276620929129
0.0,897,-3591.515625,-0.000161477146320976
0.0,898,-3592.638671875,-0.000161400559591129
0.0,899,-3593.74340820312,-0.000161941745318472
0.0,900,-3594.82983398438,-0.000161080504767597
0.0,901,-3595.8984375,-0.000163421660545282
0.0,902,-3596.94946289062,-0.000158401366206817
0.0,903,-3597.98315429688,-0.000170461775269359
0.0,904,-3599.0,-0.000142849414260127
1.0,2,-3600.0,-0.000208322104299441
1.0,3,-4100.0,-0.000617637415416539
1.0,6,-2500.0,-5.07484364788979e-05
1.0,35,-3601.0,-0.000356454955181107
1.0,36,-3602.03662109375,-0.000310242437990382
1.0,37,-3603.11108398438,-0.000326841953210533
1.0,38,-3604.22485351562,-0.000321364233968779
1.0,39,-3605.37939453125,-0.000324290071148425
1.0,40,-3606.57592773438,-0.00032375258160755
1.0,41,-3607.81640625,-0.000324764143442735
1.0,42,-3609.10229492188,-0.000325075525324792
1.0,43,-3610.43505859375,-0.000325753760989755
1.0,44,-3611.81665039062,-0.000326280220178887
1.0,45,-3613.24877929688,-0.000326918205246329
1.0,46,-3614.7333984375,-0.00032753124833107
1.0,47,-3616.27221679688,-0.000328194961184636
1.0,48,-3617.8671875,-0.000328870897646993
1.0,49,-3619.5205078125,-0.000329579488607123
1.0,50,-3621.234375,-0.000330315291648731
1.0,51,-3623.0107421875,-0.000331078073941171
1.0,52,-3624.85229492188,-0.000331872462993488
1.0,53,-3626.76098632812,-0.000332696363329887
1.0,54,-3628.73974609375,-0.000333552743541077
1.0,55,-3630.79052734375,-0.000334444543113932
1.0,56,-3632.91650390625,-0.000335369142703712
1.0,57,-3635.1201171875,-0.000336334691382945
1.0,58,-3637.40454101562,-0.000337334000505507
1.0,59,-3639.77221679688,-0.000338375597493723
1.0,60,-3642.2265625,-0.000339461170369759
1.0,61,-3644.77075195312,-0.000340585160301998
1.0,62,-3647.40795898438,-0.00034175586188212
1.0,63,-3650.1416015625,-0.000342975690728053
1.0,64,-3652.97509765625,-0.00034424290060997
1.0,65,-3655.91235351562,-0.000345558655681089
1.0,66,-3658.95678710938,-0.000346932851243764
1.0,67,-3662.11279296875,-0.000348363886587322
1.0,68,-3665.38403320312,-0.000349850888596848
1.0,69,-3668.77514648438,-0.00035139950341545
1.0,70,-3672.2900390625,-0.000353012525010854
1.0,71,-3675.93359375,-0.000354691292159259
1.0,72,-3679.71020507812,-0.000356440985342488
1.0,73,-3683.625,-0.000358266901457682
1.0,74,-3687.68310546875,-0.000360166799509898
1.0,75,-3691.88940429688,-0.000362148362910375
1.0,76,-3696.24951171875,-0.000364212028216571
1.0,77,-3700.76928710938,-0.000366366060916334
1.0,78,-3705.4541015625,-0.000368614215403795
1.0,79,-3710.31030273438,-0.000370956840924919
1.0,80,-3715.34423828125,-0.000373402406694368
1.0,81,-3720.56201171875,-0.000375953473849222
1.0,82,-3725.970703125,-0.000378614407964051
1.0,83,-3731.5771484375,-0.000381396501325071
1.0,84,-3737.388671875,-0.0003843053127639
1.0,85,-3743.41259765625,-0.00038733912515454
1.0,86,-3749.65698242188,-0.000390511791920289
1.0,87,-3756.12939453125,-0.000393829221138731
1.0,88,-3762.8388671875,-0.000397293450077996
1.0,89,-3769.79345703125,-0.000400923192501068
1.0,90,-3777.00244140625,-0.000404719932703301
1.0,91,-3784.47509765625,-0.000408691761549562
1.0,92,-3792.220703125,-0.000412853725720197
1.0,93,-3800.25,-0.000417211675085127
1.0,94,-3808.57250976562,-0.000421780976466835
1.0,95,-3817.19970703125,-0.000426562066422775
1.0,96,-3826.14208984375,-0.000431592052336782
1.0,97,-3835.41162109375,-0.000436850008554757
1.0,98,-3845.02001953125,-0.000442411779658869
1.0,99,-3854.97998046875,-0.000448131089797243
1.0,100,-3864.58837890625,-0.000453840737463906
1.0,101,-3873.85791015625,-0.00045936880633235
1.0,102,-3882.80029296875,-0.000464788230601698
1.0,103,-3891.42749023438,-0.000470071099698544
1.0,104,-3899.75,-0.000475226872367784
1.0,105,-3907.779296875,-0.000480253162095323
1.0,106,-3915.52490234375,-0.000485153257614002
1.0,107,-3922.99755859375,-0.000489927595481277
1.0,108,-3930.20654296875,-0.000494574953336269
1.0,109,-3937.1611328125,-0.000499106186907738
1.0,110,-3943.87060546875,-0.000503515067975968
1.0,111,-3950.34301757812,-0.000507805030792952
1.0,112,-3956.58740234375,-0.000511979393195361
1.0,113,-3962.611328125,-0.000516037864144892
1.0,114,-3968.4228515625,-0.000519984751008451
1.0,115,-3974.029296875,-0.000523822091054171
1.0,116,-3979.43798828125,-0.000527551048435271
1.0,117,-3984.65576171875,-0.000531169993337244
1.0,118,-3989.68969726562,-0.000534688704647124
1.0,119,-3994.5458984375,-0.00053810584358871
1.0,120,-3999.23071289062,-0.000541420537047088
1.0,121,-4003.75048828125,-0.00054463924607262
1.0,122,-4008.11059570312,-0.000547765870578587
1.0,123,-4012.31689453125,-0.000550794240552932
1.0,124,-4016.375,-0.000553734949789941
1.0,125,-4020.28979492188,-0.000556583516299725
1.0,126,-4024.06640625,-0.000559346168302
1.0,127,-4027.7099609375,-0.000562028435524553
1.0,128,-4031.22485351562,-0.000564623507671058
1.0,129,-4034.61596679688,-0.00056713935919106
1.0,130,-4037.88720703125,-0.000569578318390995
1.0,131,-4041.04321289062,-0.000571939046494663
1.0,132,-4044.08764648438,-0.000574228761252016
1.0,133,-4047.02490234375,-0.00057644461048767
1.0,134,-4049.8583984375,-0.00057858822401613
1.0,135,-4052.59204101562,-0.00058066938072443
1.0,136,-4055.22924804688,-0.000582678883802146
1.0,137,-4057.7734375,-0.000584624940529466
1.0,138,-4060.22778320312,-0.000586510344874114
1.0,139,-4062.59545898438,-0.000588334514759481
1.0,140,-4064.8798828125,-0.000590103794820607
1.0,141,-4067.08349609375,-0.000591808755416423
1.0,142,-4069.20947265625,-0.000593460339587182
1.0,143,-4071.26025390625,-0.000595060118939728
1.0,144,-4073.23901367188,-0.000596603087615222
1.0,145,-4075.14770507812,-0.000598102633375674
1.0,146,-4076.9892578125,-0.000599548104219139
1.0,147,-4078.765625,-0.000600945437327027
1.0,148,-4080.4794921875,-0.000602298590820283
1.0,149,-4082.1328125,-0.0006036008708179
1.0,150,-4083.72778320312,-0.000604863918852061
1.0,151,-4085.2666015625,-0.000606090819928795
1.0,152,-4086.75122070312,-0.000607271678745747
1.0,153,-4088.18334960938,-0.000608409463893622
1.0,154,-4089.56494140625,-0.000609514361713082
1.0,155,-4090.89770507812,-0.000610582763329148
1.0,156,-4092.18359375,-0.000611613446380943
1.0,157,-4093.42407226562,-0.000612609786912799
1.0,158,-4094.62060546875,-0.000613569223787636
1.0,159,-4095.77514648438,-0.000614493561442941
1.0,160,-4096.88916015625,-0.000615399505477399
1.0,161,-4097.96337890625,-0.000616245495621115
1.0,162,-4099.0,-0.000617134151980281
1.0,626,-2501.0,-5.08212033309974e-05
1.0,627,-2502.01684570312,-5.09373530803714e-05
1.0,628,-2503.05053710938,-5.10364770889282e-05
1.0,629,-2504.1015625,-5.11453945364337e-05
1.0,630,-2505.17016601562,-5.12536280439235e-05
1.0,631,-2506.25659179688,-5.13634222443216e-05
1.0,632,-2507.361328125,-5.14754319738131e-05
1.0,633,-2508.484375,-5.15897881996352e-05
1.0,634,-2509.62622070312,-5.17056723765563e-05
1.0,635,-2510.78735351562,-5.18235683557577e-05
1.0,636,-2511.9677734375,-5.19433124281932e-05
1.0,637,-2513.16796875,-5.20650683029089e-05
1.0,638,-2514.38818359375,-5.21888214279898e-05
1.0,639,-2515.62890625,-5.23147682542913e-05
1.0,640,-2516.89013671875,-5.2442654123297e-05
1.0,641,-2518.1728515625,-5.25732648384292e-05
1.0,642,-2519.47680664062,-5.27051597600803e-05
1.0,643,-2520.80249023438,-5.28396412846632e-05
1.0,644,-2522.150390625,-5.29769095010124e-05
1.0,645,-2523.52099609375,-5.31155201315414e-05
1.0,646,-2524.91430664062,-5.32574886165094e-05
1.0,647,-2526.3310546875,-5.3401141485665e-05
1.0,648,-2527.771484375,-5.35472936462611e-05
1.0,649,-2529.23608398438,-5.36958796146791e-05
1.0,650,-2530.72509765625,-5.3846542868996e-05
1.0,651,-2532.23901367188,-5.40005858056247e-05
1.0,652,-2533.7783203125,-5.41572262591217e-05
1.0,653,-2535.34326171875,-5.43156747880857e-05
1.0,654,-2536.93432617188,-5.4477175581269e-05
1.0,655,-2538.55224609375,-5.46416122233495e-05
1.0,656,-2540.19702148438,-5.48084208276123e-05
1.0,657,-2541.86938476562,-5.49776377738453e-05
1.0,658,-2543.56982421875,-5.51501179870684e-05
1.0,659,-2545.29858398438,-5.53259123989847e-05
1.0,660,-2547.05615234375,-5.55043370695785e-05
1.0,661,-2548.84326171875,-5.56856430193875e-05
1.0,662,-2550.66015625,-5.58703213755507e-05
1.0,663,-2552.50756835938,-5.60573098482564e-05
1.0,664,-2554.38598632812,-5.62473760510329e-05
1.0,665,-2556.29565429688,-5.64419060538057e-05
1.0,666,-2558.2373046875,-5.66388371225912e-05
1.0,667,-2560.21142578125,-5.68387404200621e-05
1.0,668,-2562.21850585938,-5.70427073398605e-05
1.0,669,-2564.25903320312,-5.72496755921748e-05
1.0,670,-2566.333984375,-5.74598561797757e-05
1.0,671,-2568.44360351562,-5.76743404963054e-05
1.0,672,-2570.58837890625,-5.78924373257905e-05
1.0,673,-2572.76904296875,-5.811335722683e-05
1.0,674,-2574.98608398438,-5.83384062338155e-05
1.0,675,-2577.24047851562,-5.85675261390861e-05
1.0,676,-2579.53247070312,-5.88000839343295e-05
1.0,677,-2581.86279296875,-5.90363597439136e-05
1.0,678,-2584.23193359375,-5.9276724641677e-05
1.0,679,-2586.64086914062,-5.95205456193071e-05
1.0,680,-2589.09008789062,-5.97695761825889e-05
1.0,681,-2591.58032226562,-6.00225430389401e-05
1.0,682,-2594.11206054688,-6.02794534643181e-05
1.0,683,-2596.68627929688,-6.0540343838511e-05
1.0,684,-2599.30346679688,-6.08056834607851e-05
1.0,685,-2601.96459960938,-6.10767092439346e-05
1.0,686,-2604.67016601562,-6.13505180808716e-05
1.0,687,-2607.4208984375,-6.16298639215529e-05
1.0,688,-2610.21752929688,-6.19133497821167e-05
1.0,689,-2613.06127929688,-6.22022562311031e-05
1.0,690,-2615.95239257812,-6.24955791863613e-05
1.0,691,-2618.89184570312,-6.27932167844847e-05
1.0,692,-2621.88037109375,-6.30970316706225e-05
1.0,693,-2624.9189453125,-6.34050738881342e-05
1.0,694,-2628.00854492188,-6.37191333225928e-05
1.0,695,-2631.14965820312,-6.40375583316199e-05
1.0,696,-2634.34326171875,-6.4361302065663e-05
1.0,697,-2637.59033203125,-6.46904591121711e-05
1.0,698,-2640.89184570312,-6.50263682473451e-05
1.0,699,-2644.24853515625,-6.53665047138929e-05
1.0,700,-2647.66137695312,-6.57126656733453e-05
1.0,701,-2651.13110351562,-6.60655714455061e-05
1.0,702,-2654.65893554688,-6.64223916828632e-05
1.0,703,-2658.24584960938,-6.67864660499617e-05
1.0,704,-2661.89282226562,-6.71570378472097e-05
1.0,705,-2665.60083007812,-6.75333358231001e-05
1.0,706,-2669.37060546875,-6.79151780786924e-05
1.0,707,-2673.20361328125,-6.8304521846585e-05
1.0,708,-2677.10083007812,-6.86995990690775e-05
1.0,709,-2681.06298828125,-6.91016757627949e-05
1.0,710,-2685.09155273438,-6.95103444741108e-05
1.0,711,-2689.1875,-6.99261872796342e-05
1.0,712,-2693.35205078125,-7.034918962745e-05
1.0,713,-2697.58618164062,-7.077788177412e-05
1.0,714,-2701.89111328125,-7.12148976163007e-05
1.0,715,-2706.26806640625,-7.16598879080266e-05
1.0,716,-2710.71826171875,-7.21102842362598e-05
1.0,717,-2715.24267578125,-7.25698773749173e-05
1.0,718,-2719.84301757812,-7.30368192307651e-05
1.0,719,-2724.52026367188,-7.35109133529477e-05
1.0,720,-2729.27563476562,-7.39937459002249e-05
1.0,721,-2734.11059570312,-7.44844655855559e-05
1.0,722,-2739.02661132812,-7.49828541302122e-05
1.0,723,-2744.02465820312,-7.54895954742096e-05
1.0,724,-2749.1064453125,-7.60060647735372e-05
1.0,725,-2754.27294921875,-7.65294025768526e-05
1.0,726,-2759.52612304688,-7.70625483710319e-05
1.0,727,-2764.8671875,-7.7604447142221e-05
1.0,728,-2770.29736328125,-7.81556955189444e-05
1.0,729,-2775.81860351562,-7.8715369454585e-05
1.0,730,-2781.43212890625,-7.92845021351241e-05
1.0,731,-2787.13940429688,-7.98644978203811e-05
1.0,732,-2792.9423828125,-8.045226422837e-05
1.0,733,-2798.84228515625,-8.10514102340676e-05
1.0,734,-2804.8408203125,-8.16595711512491e-05
1.0,735,-2810.93969726562,-8.22781294118613e-05
1.0,736,-2817.14086914062,-8.29076670925133e-05
1.0,737,-2823.4453125,-8.35467071738094e-05
1.0,738,-2829.85546875,-8.41976216179319e-05
1.0,739,-2836.37280273438,-8.48578129080124e-05
1.0,740,-2842.99926757812,-8.5530620708596e-05
1.0,741,-2849.73657226562,-8.62140659592114e-05
1.0,742,-2856.58642578125,-8.69089781190269e-05
1.0,743,-2863.55078125,-8.76151534612291e-05
1.0,744,-2870.6318359375,-8.83336833794601e-05
1.0,745,-2877.8310546875,-8.90638184500858e-05
1.0,746,-2885.15087890625,-8.98059588507749e-05
1.0,747,-2892.59326171875,-9.05615306692198e-05
1.0,748,-2900.15991210938,-9.132843115367e-05
1.0,749,-2907.85327148438,-9.21098835533485e-05
1.0,750,-2915.67529296875,-9.29022135096602e-05
1.0,751,-2923.6279296875,-9.3708818894811e-05
1.0,752,-2931.7138671875,-9.45289939409122e-05
1.0,753,-2939.93505859375,-9.53626877162606e-05
1.0,754,-2948.29345703125,-9.62107806117274e-05
1.0,755,-2956.7919921875,-9.70729306573048e-05
1.0,756,-2965.4326171875,-9.79492324404418e-05
1.0,757,-2974.21752929688,-9.88398678600788e-05
1.0,758,-2983.14965820312,-9.97461247607134e-05
1.0,759,-2992.23095703125,-0.000100666802609339
1.0,760,-3001.46435546875,-0.00010160356760025
1.0,761,-3010.85229492188,-0.000102555779449176
1.0,762,-3020.39697265625,-0.000103523452708032
1.0,763,-3030.10131835938,-0.000104507416835986
1.0,764,-3039.96826171875,-0.000105509614513721
1.0,765,-3050.0,-0.000106525018054526
1.0,766,-3060.03173828125,-0.000107541360193864
1.0,767,-3069.89868164062,-0.000108542284579016
1.0,768,-3079.60302734375,-0.000109526343294419
1.0,769,-3089.14770507812,-0.000110494816908613
1.0,770,-3098.53564453125,-0.000111446432129014
1.0,771,-3107.76904296875,-0.000112383313535247
1.0,772,-3116.85034179688,-0.000113303765829187
1.0,773,-3125.78247070312,-0.000114209789899178
1.0,774,-3134.5673828125,-0.000115100447146688
1.0,775,-3143.2080078125,-0.000115976137749385
1.0,776,-3151.70654296875,-0.000116838804387953
1.0,777,-3160.06494140625,-0.000117685369332321
1.0,778,-3168.2861328125,-0.000118519339594059
1.0,779,-3176.3720703125,-0.000119339310913347
1.0,780,-3184.32470703125,-0.000120145014079753
1.0,781,-3192.14672851562,-0.000120938442705665
1.0,782,-3199.84008789062,-0.000121718774607871
1.0,783,-3207.40673828125,-0.000122485856991261
1.0,784,-3214.84912109375,-0.000123240810353309
1.0,785,-3222.1689453125,-0.000123982812510803
1.0,786,-3229.3681640625,-0.000124712489196099
1.0,787,-3236.44921875,-0.000125430757179856
1.0,788,-3243.41357421875,-0.000126136539620347
1.0,789,-3250.26342773438,-0.000126831131638028
1.0,790,-3257.00073242188,-0.000127514183986932
1.0,791,-3263.62719726562,-0.00012818664254155
1.0,792,-3270.14453125,-0.000128846440929919
1.0,793,-3276.5546875,-0.000129496984300204
1.0,794,-3282.85913085938,-0.000130135638755746
1.0,795,-3289.06030273438,-0.000130764790810645
1.0,796,-3295.1591796875,-0.000131382956169546
1.0,797,-3301.15771484375,-0.000131990731460974
1.0,798,-3307.0576171875,-0.00013258948456496
1.0,799,-3312.86059570312,-0.000133176843519323
1.0,800,-3318.56787109375,-0.000133756446302868
1.0,801,-3324.18139648438,-0.000134325164253823
1.0,802,-3329.70263671875,-0.000134884438011795
1.0,803,-3335.1328125,-0.000135435271658935
1.0,804,-3340.47387695312,-0.000135976777528413
1.0,805,-3345.72705078125,-0.000136509508593008
1.0,806,-3350.8935546875,-0.000137032446218655
1.0,807,-3355.97534179688,-0.000137548486236483
1.0,808,-3360.97338867188,-0.0001380548637826
1.0,809,-3365.88940429688,-0.000138552757562138
1.0,810,-3370.72436523438,-0.00013904322986491
1.0,811,-3375.47973632812,-0.000139525393024087
1.0,812,-3380.15698242188,-0.000139999538077973
1.0,813,-3384.75732421875,-0.000140465272124857
1.0,814,-3389.28173828125,-0.000140924152219668
1.0,815,-3393.73193359375,-0.000141375639941543
1.0,816,-3398.10888671875,-0.000141818774864078
1.0,817,-3402.41381835938,-0.000142255594255403
1.0,818,-3406.64794921875,-0.000142684861202724
1.0,819,-3410.8125,-0.000143106721225195
1.0,820,-3414.90844726562,-0.000143522964208387
1.0,821,-3418.93701171875,-0.000143930112244561
1.0,822,-3422.89916992188,-0.000144331919727847
1.0,823,-3426.79638671875,-0.000144727469887584
1.0,824,-3430.62939453125,-0.000145116035128012
1.0,825,-3434.39916992188,-0.00014549755724147
1.0,826,-3438.10717773438,-0.000145873738802038
1.0,827,-3441.75415039062,-0.000146243241033517
1.0,828,-3445.34106445312,-0.000146606587804854
1.0,829,-3448.86889648438,-0.000146964564919472
1.0,830,-3452.33862304688,-0.000147315600770526
1.0,831,-3455.75146484375,-0.000147661674418487
1.0,832,-3459.10815429688,-0.000148002261994407
1.0,833,-3462.40966796875,-0.000148337363498285
1.0,834,-3465.65673828125,-0.000148666411405429
1.0,835,-3468.85034179688,-0.000148989667650312
1.0,836,-3471.99145507812,-0.000149307830724865
1.0,837,-3475.0810546875,-0.000149621497257613
1.0,838,-3478.11962890625,-0.000149929212057032
1.0,839,-3481.10815429688,-0.000150232692249119
1.0,840,-3484.04760742188,-0.00015052997332532
1.0,841,-3486.93872070312,-0.000150823005242273
1.0,842,-3489.78247070312,-0.000151111496961676
1.0,843,-3492.5791015625,-0.000151394808199257
1.0,844,-3495.32983398438,-0.000151673550135456
1.0,845,-3498.03540039062,-0.000151947577251121
1.0,846,-3500.69653320312,-0.000152217282447964
1.0,847,-3503.31372070312,-0.000152482418343425
1.0,848,-3505.88793945312,-0.000152743712533265
1.0,849,-3508.41967773438,-0.000153000291902572
1.0,850,-3510.90991210938,-0.000153252301970497
1.0,851,-3513.35913085938,-0.000153500863234513
1.0,852,-3515.76806640625,-0.00015374542272184
1.0,853,-3518.13720703125,-0.000153984947246499
1.0,854,-3520.46752929688,-0.000154221226694062
1.0,855,-3522.75952148438,-0.000154453329741955
1.0,856,-3525.01391601562,-0.000154682304128073
1.0,857,-3527.23095703125,-0.000154906912939623
1.0,858,-3529.41162109375,-0.00015512781101279
1.0,859,-3531.55639648438,-0.000155345172970556
1.0,860,-3533.666015625,-0.000155558460392058
1.0,861,-3535.74096679688,-0.000155769317643717
1.0,862,-3537.78149414062,-0.000155976420501247
1.0,863,-3539.78857421875,-0.000156180016347207
1.0,864,-3541.7626953125,-0.000156379552208818
1.0,865,-3543.70434570312,-0.000156576614244841
1.0,866,-3545.61401367188,-0.000156770023750141
1.0,867,-3547.49243164062,-0.000156959824380465
1.0,868,-3549.33984375,-0.000157147500431165
1.0,869,-3551.15673828125,-0.000157331465743482
1.0,870,-3552.94384765625,-0.000157512768055312
1.0,871,-3554.70141601562,-0.000157690839841962
1.0,872,-3556.43017578125,-0.000157866466906853
1.0,873,-3558.13061523438,-0.000158038688823581
1.0,874,-3559.80297851562,-0.000158207694767043
1.0,875,-3561.44775390625,-0.000158374270540662
1.0,876,-3563.06567382812,-0.000158538488904014
1.0,877,-3564.65673828125,-0.00015869976778049
1.0,878,-3566.2216796875,-0.000158858005306683
1.0,879,-3567.76098632812,-0.000159014423843473
1.0,880,-3569.27490234375,-0.000159168252139352
1.0,881,-3570.76391601562,-0.000159318689838983
1.0,882,-3572.228515625,-0.000159467075718567
1.0,883,-3573.6689453125,-0.000159612973220646
1.0,884,-3575.08569335938,-0.000159756469656713
1.0,885,-3576.47900390625,-0.00015989801613614
1.0,886,-3577.849609375,-0.000160036754095927
1.0,887,-3579.19750976562,-0.000160172901814803
1.0,888,-3580.52319335938,-0.000160306983161718
1.0,889,-3581.8271484375,-0.000160439551109448
1.0,890,-3583.10986328125,-0.00016056900494732
1.0,891,-3584.37109375,-0.000160697352839634
1.0,892,-3585.61181640625,-0.000160821087774821
1.0,893,-3586.83203125,-0.00016094783495646
1.0,894,-3588.0322265625,-0.000161061179824173
1.0,895,-3589.21264648438,-0.000161197487614118
1.0,896,-3590.37377929688,-0.000161276620929129
1.0,897,-3591.515625,-0.000161477146320976
1.0,898,-3592.638671875,-0.000161400559591129
1.0,899,-3593.74340820312,-0.000161941745318472
1.0,900,-3594.82983398438,-0.000161080504767597
1.0,901,-3595.8984375,-0.000163421660545282
1.0,902,-3596.94946289062,-0.000158401366206817
1.0,903,-3597.98315429688,-0.000170461775269359
1.0,904,-3599.0,-0.000142849414260127
0.0,2,-3600.0,-0.000208322104299441
0.0,3,-4100.0,-0.000617637415416539
0.0,6,-2500.0,-5.07484364788979e-05
0.0,35,-3601.0,-0.000356454955181107
0.0,36,-3602.03662109375,-0.000310242437990382
0.0,37,-3603.11108398438,-0.000326841953210533
0.0,38,-3604.22485351562,-0.000321364233968779
0.0,39,-3605.37939453125,-0.000324290071148425
0.0,40,-3606.57592773438,-0.00032375258160755
0.0,41,-3607.81640625,-0.000324764143442735
0.0,42,-3609.10229492188,-0.000325075525324792
0.0,43,-3610.43505859375,-0.000325753760989755
0.0,44,-3611.81665039062,-0.000326280220178887
0.0,45,-3613.24877929688,-0.000326918205246329
0.0,46,-3614.7333984375,-0.00032753124833107
0.0,47,-3616.27221679688,-0.000328194961184636
0.0,48,-3617.8671875,-0.000328870897646993
0.0,49,-3619.5205078125,-0.000329579488607123
0.0,50,-3621.234375,-0.000330315291648731
0.0,51,-3623.0107421875,-0.000331078073941171
0.0,52,-3624.85229492188,-0.000331872462993488
0.0,53,-3626.76098632812,-0.000332696363329887
0.0,54,-3628.73974609375,-0.000333552743541077
0.0,55,-3630.79052734375,-0.000334444543113932
0.0,56,-3632.91650390625,-0.000335369142703712
0.0,57,-3635.1201171875,-0.000336334691382945
0.0,58,-3637.40454101562,-0.000337334000505507
0.0,59,-3639.77221679688,-0.000338375597493723
0.0,60,-3642.2265625,-0.000339461170369759
0.0,61,-3644.77075195312,-0.000340585160301998
0.0,62,-3647.40795898438,-0.00034175586188212
0.0,63,-3650.1416015625,-0.000342975690728053
0.0,64,-3652.97509765625,-0.00034424290060997
0.0,65,-3655.91235351562,-0.000345558655681089
0.0,66,-3658.95678710938,-0.000346932851243764
0.0,67,-3662.11279296875,-0.000348363886587322
0.0,68,-3665.38403320312,-0.000349850888596848
0.0,69,-3668.77514648438,-0.00035139950341545
0.0,70,-3672.2900390625,-0.000353012525010854
0.0,71,-3675.93359375,-0.000354691292159259
0.0,72,-3679.71020507812,-0.000356440985342488
0.0,73,-3683.625,-0.000358266901457682
0.0,74,-3687.68310546875,-0.000360166799509898
0.0,75,-3691.88940429688,-0.000362148362910375
0.0,76,-3696.24951171875,-0.000364212028216571
0.0,77,-3700.76928710938,-0.000366366060916334
0.0,78,-3705.4541015625,-0.000368614215403795
0.0,79,-3710.31030273438,-0.000370956840924919
0.0,80,-3715.34423828125,-0.000373402406694368
0.0,81,-3720.56201171875,-0.000375953473849222
0.0,82,-3725.970703125,-0.000378614407964051
0.0,83,-3731.5771484375,-0.000381396501325071
0.0,84,-3737.388671875,-0.0003843053127639
0.0,85,-3743.41259765625,-0.00038733912515454
0.0,86,-3749.65698242188,-0.000390511791920289
0.0,87,-3756.12939453125,-0.000393829221138731
0.0,88,-3762.8388671875,-0.000397293450077996
0.0,89,-3769.79345703125,-0.000400923192501068
0.0,90,-3777.00244140625,-0.000404719932703301
0.0,91,-3784.47509765625,-0.000408691761549562
0.0,92,-3792.220703125,-0.000412853725720197
0.0,93,-3800.25,-0.000417211675085127
0.0,94,-3808.57250976562,-0.000421780976466835
0.0,95,-3817.19970703125,-0.000426562066422775
0.0,96,-3826.14208984375,-0.000431592052336782
0.0,97,-3835.41162109375,-0.000436850008554757
0.0,98,-3845.02001953125,-0.000442411779658869
0.0,99,-3854.97998046875,-0.000448131089797243
0.0,100,-3864.58837890625,-0.000453840737463906
0.0,101,-3873.85791015625,-0.00045936880633235
0.0,102,-3882.80029296875,-0.000464788230601698
0.0,103,-3891.42749023438,-0.000470071099698544
0.0,104,-3899.75,-0.000475226872367784
0.0,105,-3907.779296875,-0.000480253162095323
0.0,106,-3915.52490234375,-0.000485153257614002
0.0,107,-3922.99755859375,-0.000489927595481277
0.0,108,-3930.20654296875,-0.000494574953336269
0.0,109,-3937.1611328125,-0.000499106186907738
0.0,110,-3943.87060546875,-0.000503515067975968
0.0,111,-3950.34301757812,-0.000507805030792952
0.0,112,-3956.58740234375,-0.000511979393195361
0.0,113,-3962.611328125,-0.000516037864144892
0.0,114,-3968.4228515625,-0.000519984751008451
0.0,115,-3974.029296875,-0.000523822091054171
0.0,116,-3979.43798828125,-0.000527551048435271
0.0,117,-3984.65576171875,-0.000531169993337244
0.0,118,-3989.68969726562,-0.000534688704647124
0.0,119,-3994.5458984375,-0.00053810584358871
0.0,120,-3999.23071289062,-0.000541420537047088
0.0,121,-4003.75048828125,-0.00054463924607262
0.0,122,-4008.11059570312,-0.000547765870578587
0.0,123,-4012.31689453125,-0.000550794240552932
0.0,124,-4016.375,-0.000553734949789941
0.0,125,-4020.28979492188,-0.000556583516299725
0.0,126,-4024.06640625,-0.000559346168302
0.0,127,-4027.7099609375,-0.000562028435524553
0.0,128,-4031.22485351562,-0.000564623507671058
0.0,129,-4034.61596679688,-0.00056713935919106
0.0,130,-4037.88720703125,-0.000569578318390995
0.0,131,-4041.04321289062,-0.000571939046494663
0.0,132,-4044.08764648438,-0.000574228761252016
0.0,133,-4047.02490234375,-0.00057644461048767
0.0,134,-4049.8583984375,-0.00057858822401613
0.0,135,-4052.59204101562,-0.00058066938072443
0.0,136,-4055.22924804688,-0.000582678883802146
0.0,137,-4057.7734375,-0.000584624940529466
0.0,138,-4060.22778320312,-0.000586510344874114
0.0,139,-4062.59545898438,-0.000588334514759481
0.0,140,-4064.8798828125,-0.000590103794820607
0.0,141,-4067.08349609375,-0.000591808755416423
0.0,142,-4069.20947265625,-0.000593460339587182
0.0,143,-4071.26025390625,-0.000595060118939728
0.0,144,-4073.23901367188,-0.000596603087615222
0.0,145,-4075.14770507812,-0.000598102633375674
0.0,146,-4076.9892578125,-0.000599548104219139
0.0,147,-4078.765625,-0.000600945437327027
0.0,148,-4080.4794921875,-0.000602298590820283
0.0,149,-4082.1328125,-0.0006036008708179
0.0,150,-4083.72778320312,-0.000604863918852061
0.0,151,-4085.2666015625,-0.000606090819928795
0.0,152,-4086.75122070312,-0.000607271678745747
0.0,153,-4088.18334960938,-0.000608409463893622
0.0,154,-4089.56494140625,-0.000609514361713082
0.0,155,-4090.89770507812,-0.000610582763329148
0.0,156,-4092.18359375,-0.000611613446380943
0.0,157,-4093.42407226562,-0.000612609786912799
0.0,158,-4094.62060546875,-0.000613569223787636
0.0,159,-4095.77514648438,-0.000614493561442941
0.0,160,-4096.88916015625,-0.000615399505477399
0.0,161,-4097.96337890625,-0.000616245495621115
0.0,162,-4099.0,-0.000617134151980281
0.0,626,-2501.0,-5.08212033309974e-05
0.0,627,-2502.01684570312,-5.09373530803714e-05
0.0,628,-2503.05053710938,-5.10364770889282e-05
0.0,629,-2504.1015625,-5.11453945364337e-05
0.0,630,-2505.17016601562,-5.12536280439235e-05
0.0,631,-2506.25659179688,-5.13634222443216e-05
0.0,632,-2507.361328125,-5.14754319738131e-05
0.0,633,-2508.484375,-5.15897881996352e-05
0.0,634,-2509.62622070312,-5.17056723765563e-05
0.0,635,-2510.78735351562,-5.18235683557577e-05
0.0,636,-2511.9677734375,-5.19433124281932e-05
0.0,637,-2513.16796875,-5.20650683029089e-05
0.0,638,-2514.38818359375,-5.21888214279898e-05
0.0,639,-2515.62890625,-5.23147682542913e-05
0.0,640,-2516.89013671875,-5.2442654123297e-05
0.0,641,-2518.1728515625,-5.25732648384292e-05
0.0,642,-2519.47680664062,-5.27051597600803e-05
0.0,643,-2520.80249023438,-5.28396412846632e-05
0.0,644,-2522.150390625,-5.29769095010124e-05
0.0,645,-2523.52099609375,-5.31155201315414e-05
0.0,646,-2524.91430664062,-5.32574886165094e-05
0.0,647,-2526.3310546875,-5.3401141485665e-05
0.0,648,-2527.771484375,-5.35472936462611e-05
0.0,649,-2529.23608398438,-5.36958796146791e-05
0.0,650,-2530.72509765625,-5.3846542868996e-05
0.0,651,-2532.23901367188,-5.40005858056247e-05
0.0,652,-2533.7783203125,-5.41572262591217e-05
0.0,653,-2535.34326171875,-5.43156747880857e-05
0.0,654,-2536.93432617188,-5.4477175581269e-05
0.0,655,-2538.55224609375,-5.46416122233495e-05
0.0,656,-2540.19702148438,-5.48084208276123e-05
0.0,657,-2541.86938476562,-5.49776377738453e-05
0.0,658,-2543.56982421875,-5.51501179870684e-05
0.0,659,-2545.29858398438,-5.53259123989847e-05
0.0,660,-2547.05615234375,-5.55043370695785e-05
0.0,661,-2548.84326171875,-5.56856430193875e-05
0.0,662,-2550.66015625,-5.58703213755507e-05
0.0,663,-2552.50756835938,-5.60573098482564e-05
0.0,664,-2554.38598632812,-5.62473760510329e-05
0.0,665,-2556.29565429688,-5.64419060538057e-05
0.0,666,-2558.2373046875,-5.66388371225912e-05
0.0,667,-2560.21142578125,-5.68387404200621e-05
0.0,668,-2562.21850585938,-5.70427073398605e-05
0.0,669,-2564.25903320312,-5.72496755921748e-05
0.0,670,-2566.333984375,-5.74598561797757e-05
0.0,671,-2568.44360351562,-5.76743404963054e-05
0.0,672,-2570.58837890625,-5.78924373257905e-05
0.0,673,-2572.76904296875,-5.811335722683e-05
0.0,674,-2574.98608398438,-5.83384062338155e-05
0.0,675,-2577.24047851562,-5.85675261390861e-05
0.0,676,-2579.53247070312,-5.88000839343295e-05
0.0,677,-2581.86279296875,-5.90363597439136e-05
0.0,678,-2584.23193359375,-5.9276724641677e-05
0.0,679,-2586.64086914062,-5.95205456193071e-05
0.0,680,-2589.09008789062,-5.97695761825889e-05
0.0,681,-2591.58032226562,-6.00225430389401e-05
0.0,682,-2594.11206054688,-6.02794534643181e-05
0.0,683,-2596.68627929688,-6.0540343838511e-05
0.0,684,-2599.30346679688,-6.08056834607851e-05
0.0,685,-2601.96459960938,-6.10767092439346e-05
0.0,686,-2604.67016601562,-6.13505180808716e-05
0.0,687,-2607.4208984375,-6.16298639215529e-05
0.0,688,-2610.21752929688,-6.19133497821167e-05
0.0,689,-2613.06127929688,-6.22022562311031e-05
0.0,690,-2615.95239257812,-6.24955791863613e-05
0.0,691,-2618.89184570312,-6.27932167844847e-05
0.0,692,-2621.88037109375,-6.30970316706225e-05
0.0,693,-2624.9189453125,-6.34050738881342e-05
0.0,694,-2628.00854492188,-6.37191333225928e-05
0.0,695,-2631.14965820312,-6.40375583316199e-05
0.0,696,-2634.34326171875,-6.4361302065663e-05
0.0,697,-2637.59033203125,-6.46904591121711e-05
0.0,698,-2640.89184570312,-6.50263682473451e-05
0.0,699,-2644.24853515625,-6.53665047138929e-05
0.0,700,-2647.66137695312,-6.57126656733453e-05
0.0,701,-2651.13110351562,-6.60655714455061e-05
0.0,702,-2654.65893554688,-6.64223916828632e-05
0.0,703,-2658.24584960938,-6.67864660499617e-05
0.0,704,-2661.89282226562,-6.71570378472097e-05
0.0,705,-2665.60083007812,-6.75333358231001e-05
0.0,706,-2669.37060546875,-6.79151780786924e-05
0.0,707,-2673.20361328125,-6.8304521846585e-05
0.0,708,-2677.10083007812,-6.86995990690775e-05
0.0,709,-2681.06298828125,-6.91016757627949e-05
0.0,710,-2685.09155273438,-6.95103444741108e-05
0.0,711,-2689.1875,-6.99261872796342e-05
0.0,712,-2693.35205078125,-7.034918962745e-05
0.0,713,-2697.58618164062,-7.077788177412e-05
0.0,714,-2701.89111328125,-7.12148976163007e-05
0.0,715,-2706.26806640625,-7.16598879080266e-05
0.0,716,-2710.71826171875,-7.21102842362598e-05
0.0,717,-2715.24267578125,-7.25698773749173e-05
0.0,718,-2719.84301757812,-7.30368192307651e-05
0.0,719,-2724.52026367188,-7.35109133529477e-05
0.0,720,-2729.27563476562,-7.39937459002249e-05
0.0,721,-2734.11059570312,-7.44844655855559e-05
0.0,722,-2739.02661132812,-7.49828541302122e-05
0.0,723,-2744.02465820312,-7.54895954742096e-05
0.0,724,-2749.1064453125,-7.60060647735372e-05
0.0,725,-2754.27294921875,-7.65294025768526e-05
0.0,726,-2759.52612304688,-7.70625483710319e-05
0.0,727,-2764.8671875,-7.7604447142221e-05
0.0,728,-2770.29736328125,-7.81556955189444e-05
0.0,729,-2775.81860351562,-7.8715369454585e-05
0.0,730,-2781.43212890625,-7.92845021351241e-05
0.0,731,-2787.13940429688,-7.98644978203811e-05
0.0,732,-2792.9423828125,-8.045226422837e-05
0.0,733,-2798.84228515625,-8.10514102340676e-05
0.0,734,-2804.8408203125,-8.16595711512491e-05
0.0,735,-2810.93969726562,-8.22781294118613e-05
0.0,736,-2817.14086914062,-8.29076670925133e-05
0.0,737,-2823.4453125,-8.35467071738094e-05
0.0,738,-2829.85546875,-8.41976216179319e-05
0.0,739,-2836.37280273438,-8.48578129080124e-05
0.0,740,-2842.99926757812,-8.5530620708596e-05
0.0,741,-2849.73657226562,-8.62140659592114e-05
0.0,742,-2856.58642578125,-8.69089781190269e-05
0.0,743,-2863.55078125,-8.76151534612291e-05
0.0,744,-2870.6318359375,-8.83336833794601e-05
0.0,745,-2877.8310546875,-8.90638184500858e-05
0.0,746,-2885.15087890625,-8.98059588507749e-05
0.0,747,-2892.59326171875,-9.05615306692198e-05
0.0,748,-2900.15991210938,-9.132843115367e-05
0.0,749,-2907.85327148438,-9.21098835533485e-05
0.0,750,-2915.67529296875,-9.29022135096602e-05
0.0,751,-2923.6279296875,-9.3708818894811e-05
0.0,752,-2931.7138671875,-9.45289939409122e-05
0.0,753,-2939.93505859375,-9.53626877162606e-05
0.0,754,-2948.29345703125,-9.62107806117274e-05
0.0,755,-2956.7919921875,-9.70729306573048e-05
0.0,756,-2965.4326171875,-9.79492324404418e-05
0.0,757,-2974.21752929688,-9.88398678600788e-05
0.0,758,-2983.14965820312,-9.97461247607134e-05
0.0,759,-2992.23095703125,-0.000100666802609339
0.0,760,-3001.46435546875,-0.00010160356760025
0.0,761,-3010.85229492188,-0.000102555779449176
0.0,762,-3020.39697265625,-0.000103523452708032
0.0,763,-3030.10131835938,-0.000104507416835986
0.0,764,-3039.96826171875,-0.000105509614513721
0.0,765,-3050.0,-0.000106525018054526
0.0,766,-3060.03173828125,-0.000107541360193864
0.0,767,-3069.89868164062,-0.000108542284579016
0.0,768,-3079.60302734375,-0.000109526343294419
0.0,769,-3089.14770507812,-0.000110494816908613
0.0,770,-3098.53564453125,-0.000111446432129014
0.0,771,-3107.76904296875,-0.000112383313535247
0.0,772,-3116.85034179688,-0.000113303765829187
0.0,773,-3125.78247070312,-0.000114209789899178
0.0,774,-3134.5673828125,-0.000115100447146688
0.0,775,-3143.2080078125,-0.000115976137749385
0.0,776,-3151.70654296875,-0.000116838804387953
0.0,777,-3160.06494140625,-0.000117685369332321
0.0,778,-3168.2861328125,-0.000118519339594059
0.0,779,-3176.3720703125,-0.000119339310913347
0.0,780,-3184.32470703125,-0.000120145014079753
0.0,781,-3192.14672851562,-0.000120938442705665
0.0,782,-3199.84008789062,-0.000121718774607871
0.0,783,-3207.40673828125,-0.000122485856991261
0.0,784,-3214.84912109375,-0.000123240810353309
0.0,785,-3222.1689453125,-0.000123982812510803
0.0,786,-3229.3681640625,-0.000124712489196099
0.0,787,-3236.44921875,-0.000125430757179856
0.0,788,-3243.41357421875,-0.000126136539620347
0.0,789,-3250.26342773438,-0.000126831131638028
0.0,790,-3257.00073242188,-0.000127514183986932
0.0,791,-3263.62719726562,-0.00012818664254155
0.0,792,-3270.14453125,-0.000128846440929919
0.0,793,-3276.5546875,-0.000129496984300204
0.0,794,-3282.85913085938,-0.000130135638755746
0.0,795,-3289.06030273438,-0.000130764790810645
0.0,796,-3295.1591796875,-0.000131382956169546
0.0,797,-3301.15771484375,-0.000131990731460974
0.0,798,-3307.0576171875,-0.00013258948456496
0.0,799,-3312.86059570312,-0.000133176843519323
0.0,800,-3318.56787109375,-0.000133756446302868
0.0,801,-3324.18139648438,-0.000134325164253823
0.0,802,-3329.70263671875,-0.000134884438011795
0.0,803,-3335.1328125,-0.000135435271658935
0.0,804,-3340.47387695312,-0.000135976777528413
0.0,805,-3345.72705078125,-0.000136509508593008
0.0,806,-3350.8935546875,-0.000137032446218655
0.0,807,-3355.97534179688,-0.000137548486236483
0.0,808,-3360.97338867188,-0.0001380548637826
0.0,809,-3365.88940429688,-0.000138552757562138
0.0,810,-3370.72436523438,-0.00013904322986491
0.0,811,-3375.47973632812,-0.000139525393024087
0.0,812,-3380.15698242188,-0.000139999538077973
0.0,813,-3384.75732421875,-0.000140465272124857
0.0,814,-3389.28173828125,-0.000140924152219668
0.0,815,-3393.73193359375,-0.000141375639941543
0.0,816,-3398.10888671875,-0.000141818774864078
0.0,817,-3402.41381835938,-0.000142255594255403
0.0,818,-3406.64794921875,-0.000142684861202724
0.0,819,-3410.8125,-0.000143106721225195
0.0,820,-3414.90844726562,-0.000143522964208387
0.0,821,-3418.93701171875,-0.000143930112244561
0.0,822,-3422.89916992188,-0.000144331919727847
0.0,823,-3426.79638671875,-0.000144727469887584
0.0,824,-3430.62939453125,-0.000145116035128012
0.0,825,-3434.39916992188,-0.00014549755724147
0.0,826,-3438.10717773438,-0.000145873738802038
0.0,827,-3441.75415039062,-0.000146243241033517
0.0,828,-3445.34106445312,-0.000146606587804854
0.0,829,-3448.86889648438,-0.000146964564919472
0.0,830,-3452.33862304688,-0.000147315600770526
0.0,831,-3455.75146484375,-0.000147661674418487
0.0,832,-3459.10815429688,-0.000148002261994407
0.0,833,-3462.40966796875,-0.000148337363498285
0.0,834,-3465.65673828125,-0.000148666411405429
0.0,835,-3468.85034179688,-0.000148989667650312
0.0,836,-3471.99145507812,-0.000149307830724865
0.0,837,-3475.0810546875,-0.000149621497257613
0.0,838,-3478.11962890625,-0.000149929212057032
0.0,839,-3481.10815429688,-0.000150232692249119
0.0,840,-3484.04760742188,-0.00015052997332532
0.0,841,-3486.93872070312,-0.000150823005242273
0.0,842,-3489.78247070312,-0.000151111496961676
0.0,843,-3492.5791015625,-0.000151394808199257
0.0,844,-3495.32983398438,-0.000151673550135456
0.0,845,-3498.03540039062,-0.000151947577251121
0.0,846,-3500.69653320312,-0.000152217282447964
0.0,847,-3503.31372070312,-0.000152482418343425
0.0,848,-3505.88793945312,-0.000152743712533265
0.0,849,-3508.41967773438,-0.000153000291902572
0.0,850,-3510.90991210938,-0.000153252301970497
0.0,851,-3513.35913085938,-0.000153500863234513
0.0,852,-3515.76806640625,-0.00015374542272184
0.0,853,-3518.13720703125,-0.000153984947246499
0.0,854,-3520.46752929688,-0.000154221226694062
0.0,855,-3522.75952148438,-0.000154453329741955
0.0,856,-3525.01391601562,-0.000154682304128073
0.0,857,-3527.23095703125,-0.000154906912939623
0.0,858,-3529.41162109375,-0.00015512781101279
0.0,859,-3531.55639648438,-0.000155345172970556
0.0,860,-3533.666015625,-0.000155558460392058
0.0,861,-3535.74096679688,-0.000155769317643717
0.0,862,-3537.78149414062,-0.000155976420501247
0.0,863,-3539.78857421875,-0.000156180016347207
0.0,864,-3541.7626953125,-0.000156379552208818
0.0,865,-3543.70434570312,-0.000156576614244841
0.0,866,-3545.61401367188,-0.000156770023750141
0.0,867,-3547.49243164062,-0.000156959824380465
0.0,868,-3549.33984375,-0.000157147500431165
0.0,869,-3551.15673828125,-0.000157331465743482
0.0,870,-3552.94384765625,-0.000157512768055312
0.0,871,-3554.70141601562,-0.000157690839841962
0.0,872,-3556.43017578125,-0.000157866466906853
0.0,873,-3558.13061523438,-0.000158038688823581
0.0,874,-3559.80297851562,-0.000158207694767043
0.0,875,-3561.44775390625,-0.000158374270540662
0.0,876,-3563.06567382812,-0.000158538488904014
0.0,877,-3564.65673828125,-0.00015869976778049
0.0,878,-3566.2216796875,-0.000158858005306683
0.0,879,-3567.76098632812,-0.000159014423843473
0.0,880,-3569.27490234375,-0.000159168252139352
0.0,881,-3570.76391601562,-0.000159318689838983
0.0,882,-3572.228515625,-0.000159467075718567
0.0,883,-3573.6689453125,-0.000159612973220646
0.0,884,-3575.08569335938,-0.000159756469656713
0.0,885,-3576.47900390625,-0.00015989801613614
0.0,886,-3577.849609375,-0.000160036754095927
0.0,887,-3579.19750976562,-0.000160172901814803
0.0,888,-3580.52319335938,-0.000160306983161718
0.0,889,-3581.8271484375,-0.000160439551109448
0.0,890,-3583.10986328125,-0.00016056900494732
0.0,891,-3584.37109375,-0.000160697352839634
0.0,892,-3585.61181640625,-0.000160821087774821
0.0,893,-3586.83203125,-0.00016094783495646
0.0,894,-3588.0322265625,-0.000161061179824173
0.0,895,-3589.21264648438,-0.000161197487614118
0.0,896,-3590.37377929688,-0.000161276620929129
0.0,897,-3591.515625,-0.000161477146320976
0.0,898,-3592.638671875,-0.000161400559591129
0.0,899,-3593.74340820312,-0.000161941745318472
0.0,900,-3594.82983398438,-0.000161080504767597
0.0,901,-3595.8984375,-0.000163421660545282
0.0,902,-3596.94946289062,-0.000158401366206817
0.0,903,-3597.98315429688,-0.000170461775269359
0.0,904,-3599.0,-0.000142849414260127
1.0,2,-3600.0,-0.000208322162507102
1.0,3,-4100.0,-0.000617638172116131
1.0,6,-2500.0,-5.07484364788979e-05
1.0,35,-3601.0,-0.000356455304427072
1.0,36,-3602.03662109375,-0.000310242699924856
1.0,37,-3603.11108398438,-0.000326842244248837
1.0,38,-3604.22485351562,-0.000321364495903254
1.0,39,-3605.37939453125,-0.00032429036218673
1.0,40,-3606.57592773438,-0.000323752872645855
1.0,41,-3607.81640625,-0.00032476443448104
1.0,42,-3609.10229492188,-0.000325075816363096
1.0,43,-3610.43505859375,-0.00032575405202806
1.0,44,-3611.81665039062,-0.000326280511217192
1.0,45,-3613.24877929688,-0.000326918496284634
1.0,46,-3614.7333984375,-0.000327531539369375
1.0,47,-3616.27221679688,-0.00032819525222294
1.0,48,-3617.8671875,-0.000328871188685298
1.0,49,-3619.5205078125,-0.000329579779645428
1.0,50,-3621.234375,-0.000330315582687035
1.0,51,-3623.0107421875,-0.000331078364979476
1.0,52,-3624.85229492188,-0.000331872754031792
1.0,53,-3626.76098632812,-0.000332696654368192
1.0,54,-3628.73974609375,-0.000333553034579381
1.0,55,-3630.79052734375,-0.000334444834152237
1.0,56,-3632.91650390625,-0.000335369462845847
1.0,57,-3635.1201171875,-0.00033633501152508
1.0,58,-3637.40454101562,-0.000337334291543812
1.0,59,-3639.77221679688,-0.000338375888532028
1.0,60,-3642.2265625,-0.000339461490511894
1.0,61,-3644.77075195312,-0.000340585480444133
1.0,62,-3647.40795898438,-0.000341756182024255
1.0,63,-3650.1416015625,-0.000342976010870188
1.0,64,-3652.97509765625,-0.000344243220752105
1.0,65,-3655.91235351562,-0.000345558975823224
1.0,66,-3658.95678710938,-0.000346933171385899
1.0,67,-3662.11279296875,-0.000348364206729457
1.0,68,-3665.38403320312,-0.000349851208738983
1.0,69,-3668.77514648438,-0.000351399823557585
1.0,70,-3672.2900390625,-0.000353012874256819
1.0,71,-3675.93359375,-0.000354691641405225
1.0,72,-3679.71020507812,-0.000356441305484623
1.0,73,-3683.625,-0.000358267221599817
1.0,74,-3687.68310546875,-0.000360167148755863
1.0,75,-3691.88940429688,-0.00036214871215634
1.0,76,-3696.24951171875,-0.000364212377462536
1.0,77,-3700.76928710938,-0.0003663664101623
1.0,78,-3705.4541015625,-0.000368614564649761
1.0,79,-3710.31030273438,-0.000370957190170884
1.0,80,-3715.34423828125,-0.000373402755940333
1.0,81,-3720.56201171875,-0.000375953852199018
1.0,82,-3725.970703125,-0.000378614757210016
1.0,83,-3731.5771484375,-0.000381396879674867
1.0,84,-3737.388671875,-0.000384305691113696
1.0,85,-3743.41259765625,-0.000387339503504336
1.0,86,-3749.65698242188,-0.000390512199373916
1.0,87,-3756.12939453125,-0.000393829628592357
1.0,88,-3762.8388671875,-0.000397293857531622
1.0,89,-3769.79345703125,-0.000400923599954695
1.0,90,-3777.00244140625,-0.000404720340156928
1.0,91,-3784.47509765625,-0.000408692198107019
1.0,92,-3792.220703125,-0.000412854162277654
1.0,93,-3800.25,-0.000417212111642584
1.0,94,-3808.57250976562,-0.000421781413024291
1.0,95,-3817.19970703125,-0.000426562502980232
1.0,96,-3826.14208984375,-0.00043159251799807
1.0,97,-3835.41162109375,-0.000436850474216044
1.0,98,-3845.02001953125,-0.000442412274423987
1.0,99,-3854.97998046875,-0.000448131584562361
1.0,100,-3864.58837890625,-0.000453841232229024
1.0,101,-3873.85791015625,-0.000459369330201298
1.0,102,-3882.80029296875,-0.000464788725366816
1.0,103,-3891.42749023438,-0.000470071623567492
1.0,104,-3899.75,-0.000475227396236733
1.0,105,-3907.779296875,-0.000480253715068102
1.0,106,-3915.52490234375,-0.00048515381058678
1.0,107,-3922.99755859375,-0.000489928177557886
1.0,108,-3930.20654296875,-0.000494575535412878
1.0,109,-3937.1611328125,-0.000499106768984348
1.0,110,-3943.87060546875,-0.000503515650052577
1.0,111,-3950.34301757812,-0.000507805612869561
1.0,112,-3956.58740234375,-0.00051197997527197
1.0,113,-3962.611328125,-0.000516038446221501
1.0,114,-3968.4228515625,-0.000519985391292721
1.0,115,-3974.029296875,-0.00052382267313078
1.0,116,-3979.43798828125,-0.000527551688719541
1.0,117,-3984.65576171875,-0.000531170633621514
1.0,118,-3989.68969726562,-0.000534689286723733
1.0,119,-3994.5458984375,-0.00053810648387298
1.0,120,-3999.23071289062,-0.000541421177331358
1.0,121,-4003.75048828125,-0.00054463988635689
1.0,122,-4008.11059570312,-0.000547766510862857
1.0,123,-4012.31689453125,-0.000550794880837202
1.0,124,-4016.375,-0.000553735590074211
1.0,125,-4020.28979492188,-0.000556584214791656
1.0,126,-4024.06640625,-0.00055934680858627
1.0,127,-4027.7099609375,-0.000562029075808823
1.0,128,-4031.22485351562,-0.000564624206162989
1.0,129,-4034.61596679688,-0.00056713999947533
1.0,130,-4037.88720703125,-0.000569579016882926
1.0,131,-4041.04321289062,-0.000571939744986594
1.0,132,-4044.08764648438,-0.000574229459743947
1.0,133,-4047.02490234375,-0.000576445308979601
1.0,134,-4049.8583984375,-0.000578588980715722
1.0,135,-4052.59204101562,-0.000580670137424022
1.0,136,-4055.22924804688,-0.000582679582294077
1.0,137,-4057.7734375,-0.000584625639021397
1.0,138,-4060.22778320312,-0.000586511043366045
1.0,139,-4062.59545898438,-0.000588335271459073
1.0,140,-4064.8798828125,-0.000590104493312538
1.0,141,-4067.08349609375,-0.000591809512116015
1.0,142,-4069.20947265625,-0.000593461096286774
1.0,143,-4071.26025390625,-0.000595060875639319
1.0,144,-4073.23901367188,-0.000596603844314814
1.0,145,-4075.14770507812,-0.000598103390075266
1.0,146,-4076.9892578125,-0.00059954886091873
1.0,147,-4078.765625,-0.000600946194026619
1.0,148,-4080.4794921875,-0.000602299347519875
1.0,149,-4082.1328125,-0.000603601627517492
1.0,150,-4083.72778320312,-0.000604864675551653
1.0,151,-4085.2666015625,-0.000606091576628387
1.0,152,-4086.75122070312,-0.000607272435445338
1.0,153,-4088.18334960938,-0.000608410220593214
1.0,154,-4089.56494140625,-0.000609515118412673
1.0,155,-4090.89770507812,-0.00061058352002874
1.0,156,-4092.18359375,-0.000611614203080535
1.0,157,-4093.42407226562,-0.000612610543612391
1.0,158,-4094.62060546875,-0.000613569980487227
1.0,159,-4095.77514648438,-0.000614494376350194
1.0,160,-4096.88916015625,-0.000615400262176991
1.0,161,-4097.96337890625,-0.000616246310528368
1.0,162,-4099.0,-0.000617134966887534
1.0,626,-2501.0,-5.08212033309974e-05
1.0,627,-2502.01684570312,-5.09373530803714e-05
1.0,628,-2503.05053710938,-5.10364770889282e-05
1.0,629,-2504.1015625,-5.11453945364337e-05
1.0,630,-2505.17016601562,-5.12536280439235e-05
1.0,631,-2506.25659179688,-5.13634222443216e-05
1.0,632,-2507.361328125,-5.14754319738131e-05
1.0,633,-2508.484375,-5.15897881996352e-05
1.0,634,-2509.62622070312,-5.17056723765563e-05
1.0,635,-2510.78735351562,-5.18235683557577e-05
1.0,636,-2511.9677734375,-5.19433124281932e-05
1.0,637,-2513.16796875,-5.20650683029089e-05
1.0,638,-2514.38818359375,-5.21888214279898e-05
1.0,639,-2515.62890625,-5.23147682542913e-05
1.0,640,-2516.89013671875,-5.2442654123297e-05
1.0,641,-2518.1728515625,-5.25732648384292e-05
1.0,642,-2519.47680664062,-5.27051597600803e-05
1.0,643,-2520.80249023438,-5.28396412846632e-05
1.0,644,-2522.150390625,-5.29769095010124e-05
1.0,645,-2523.52099609375,-5.31155201315414e-05
1.0,646,-2524.91430664062,-5.32574886165094e-05
1.0,647,-2526.3310546875,-5.3401141485665e-05
1.0,648,-2527.771484375,-5.35472936462611e-05
1.0,649,-2529.23608398438,-5.36958796146791e-05
1.0,650,-2530.72509765625,-5.3846542868996e-05
1.0,651,-2532.23901367188,-5.40005858056247e-05
1.0,652,-2533.7783203125,-5.41572262591217e-05
1.0,653,-2535.34326171875,-5.43156747880857e-05
1.0,654,-2536.93432617188,-5.4477175581269e-05
1.0,655,-2538.55224609375,-5.46416122233495e-05
1.0,656,-2540.19702148438,-5.48084208276123e-05
1.0,657,-2541.86938476562,-5.49776377738453e-05
1.0,658,-2543.56982421875,-5.51501179870684e-05
1.0,659,-2545.29858398438,-5.53259123989847e-05
1.0,660,-2547.05615234375,-5.55043370695785e-05
1.0,661,-2548.84326171875,-5.56856430193875e-05
1.0,662,-2550.66015625,-5.58703213755507e-05
1.0,663,-2552.50756835938,-5.60573098482564e-05
1.0,664,-2554.38598632812,-5.62473760510329e-05
1.0,665,-2556.29565429688,-5.64419060538057e-05
1.0,666,-2558.2373046875,-5.66388371225912e-05
1.0,667,-2560.21142578125,-5.68387404200621e-05
1.0,668,-2562.21850585938,-5.70427073398605e-05
1.0,669,-2564.25903320312,-5.72496755921748e-05
1.0,670,-2566.333984375,-5.74598561797757e-05
1.0,671,-2568.44360351562,-5.76743404963054e-05
1.0,672,-2570.58837890625,-5.78924373257905e-05
1.0,673,-2572.76904296875,-5.811335722683e-05
1.0,674,-2574.98608398438,-5.83384062338155e-05
1.0,675,-2577.24047851562,-5.85675261390861e-05
1.0,676,-2579.53247070312,-5.88000839343295e-05
1.0,677,-2581.86279296875,-5.90363597439136e-05
1.0,678,-2584.23193359375,-5.9276724641677e-05
1.0,679,-2586.64086914062,-5.95205456193071e-05
1.0,680,-2589.09008789062,-5.97695761825889e-05
1.0,681,-2591.58032226562,-6.00225430389401e-05
1.0,682,-2594.11206054688,-6.02794534643181e-05
1.0,683,-2596.68627929688,-6.0540343838511e-05
1.0,684,-2599.30346679688,-6.08056834607851e-05
1.0,685,-2601.96459960938,-6.10767092439346e-05
1.0,686,-2604.67016601562,-6.13505180808716e-05
1.0,687,-2607.4208984375,-6.16298639215529e-05
1.0,688,-2610.21752929688,-6.19133497821167e-05
1.0,689,-2613.06127929688,-6.22022562311031e-05
1.0,690,-2615.95239257812,-6.24955791863613e-05
1.0,691,-2618.89184570312,-6.27932095085271e-05
1.0,692,-2621.88037109375,-6.30970316706225e-05
1.0,693,-2624.9189453125,-6.34050738881342e-05
1.0,694,-2628.00854492188,-6.37191333225928e-05
1.0,695,-2631.14965820312,-6.40375583316199e-05
1.0,696,-2634.34326171875,-6.4361302065663e-05
1.0,697,-2637.59033203125,-6.46904591121711e-05
1.0,698,-2640.89184570312,-6.50263682473451e-05
1.0,699,-2644.24853515625,-6.53665047138929e-05
1.0,700,-2647.66137695312,-6.57126656733453e-05
1.0,701,-2651.13110351562,-6.60655714455061e-05
1.0,702,-2654.65893554688,-6.64223916828632e-05
1.0,703,-2658.24584960938,-6.67864660499617e-05
1.0,704,-2661.89282226562,-6.71570378472097e-05
1.0,705,-2665.60083007812,-6.75333358231001e-05
1.0,706,-2669.37060546875,-6.79151780786924e-05
1.0,707,-2673.20361328125,-6.8304521846585e-05
1.0,708,-2677.10083007812,-6.86995990690775e-05
1.0,709,-2681.06298828125,-6.91016757627949e-05
1.0,710,-2685.09155273438,-6.95103444741108e-05
1.0,711,-2689.1875,-6.99261872796342e-05
1.0,712,-2693.35205078125,-7.034918962745e-05
1.0,713,-2697.58618164062,-7.077788177412e-05
1.0,714,-2701.89111328125,-7.12148976163007e-05
1.0,715,-2706.26806640625,-7.16598879080266e-05
1.0,716,-2710.71826171875,-7.21102842362598e-05
1.0,717,-2715.24267578125,-7.25698773749173e-05
1.0,718,-2719.84301757812,-7.30368192307651e-05
1.0,719,-2724.52026367188,-7.35109133529477e-05
1.0,720,-2729.27563476562,-7.39937459002249e-05
1.0,721,-2734.11059570312,-7.44844655855559e-05
1.0,722,-2739.02661132812,-7.49828541302122e-05
1.0,723,-2744.02465820312,-7.54895954742096e-05
1.0,724,-2749.1064453125,-7.60060647735372e-05
1.0,725,-2754.27294921875,-7.65294025768526e-05
1.0,726,-2759.52612304688,-7.70625483710319e-05
1.0,727,-2764.8671875,-7.7604447142221e-05
1.0,728,-2770.29736328125,-7.81556955189444e-05
1.0,729,-2775.81860351562,-7.8715369454585e-05
1.0,730,-2781.43212890625,-7.92845021351241e-05
1.0,731,-2787.13940429688,-7.98644978203811e-05
1.0,732,-2792.9423828125,-8.045226422837e-05
1.0,733,-2798.84228515625,-8.10514102340676e-05
1.0,734,-2804.8408203125,-8.16595711512491e-05
1.0,735,-2810.93969726562,-8.22781294118613e-05
1.0,736,-2817.14086914062,-8.29076670925133e-05
1.0,737,-2823.4453125,-8.35467071738094e-05
1.0,738,-2829.85546875,-8.41976216179319e-05
1.0,739,-2836.37280273438,-8.48578129080124e-05
1.0,740,-2842.99926757812,-8.5530620708596e-05
1.0,741,-2849.73657226562,-8.62140659592114e-05
1.0,742,-2856.58642578125,-8.69089781190269e-05
1.0,743,-2863.55078125,-8.76151534612291e-05
1.0,744,-2870.6318359375,-8.83336833794601e-05
1.0,745,-2877.8310546875,-8.90638184500858e-05
1.0,746,-2885.15087890625,-8.98059588507749e-05
1.0,747,-2892.59326171875,-9.05615306692198e-05
1.0,748,-2900.15991210938,-9.132843115367e-05
1.0,749,-2907.85327148438,-9.21098835533485e-05
1.0,750,-2915.67529296875,-9.29022135096602e-05
1.0,751,-2923.6279296875,-9.3708818894811e-05
1.0,752,-2931.7138671875,-9.45289939409122e-05
1.0,753,-2939.93505859375,-9.53626877162606e-05
1.0,754,-2948.29345703125,-9.62107806117274e-05
1.0,755,-2956.7919921875,-9.70729306573048e-05
1.0,756,-2965.4326171875,-9.79492324404418e-05
1.0,757,-2974.21752929688,-9.88398678600788e-05
1.0,758,-2983.14965820312,-9.97461247607134e-05
1.0,759,-2992.23095703125,-0.000100666802609339
1.0,760,-3001.46435546875,-0.00010160356760025
1.0,761,-3010.85229492188,-0.000102555779449176
1.0,762,-3020.39697265625,-0.000103523452708032
1.0,763,-3030.10131835938,-0.000104507416835986
1.0,764,-3039.96826171875,-0.000105509614513721
1.0,765,-3050.0,-0.000106525018054526
1.0,766,-3060.03173828125,-0.000107541360193864
1.0,767,-3069.89868164062,-0.000108542284579016
1.0,768,-3079.60302734375,-0.000109526343294419
1.0,769,-3089.14770507812,-0.000110494816908613
1.0,770,-3098.53564453125,-0.000111446432129014
1.0,771,-3107.76904296875,-0.000112383313535247
1.0,772,-3116.85034179688,-0.000113303765829187
1.0,773,-3125.78247070312,-0.000114209789899178
1.0,774,-3134.5673828125,-0.000115100447146688
1.0,775,-3143.2080078125,-0.000115976137749385
1.0,776,-3151.70654296875,-0.000116838804387953
1.0,777,-3160.06494140625,-0.000117685369332321
1.0,778,-3168.2861328125,-0.000118519339594059
1.0,779,-3176.3720703125,-0.000119339310913347
1.0,780,-3184.32470703125,-0.000120145014079753
1.0,781,-3192.14672851562,-0.000120938442705665
1.0,782,-3199.84008789062,-0.000121718774607871
1.0,783,-3207.40673828125,-0.000122485856991261
1.0,784,-3214.84912109375,-0.000123240810353309
1.0,785,-3222.1689453125,-0.000123982812510803
1.0,786,-3229.3681640625,-0.000124712489196099
1.0,787,-3236.44921875,-0.000125430757179856
1.0,788,-3243.41357421875,-0.000126136539620347
1.0,789,-3250.26342773438,-0.000126831131638028
1.0,790,-3257.00073242188,-0.000127514183986932
1.0,791,-3263.62719726562,-0.00012818664254155
1.0,792,-3270.14453125,-0.000128846440929919
1.0,793,-3276.5546875,-0.000129496984300204
1.0,794,-3282.85913085938,-0.000130135638755746
1.0,795,-3289.06030273438,-0.000130764790810645
1.0,796,-3295.1591796875,-0.000131382956169546
1.0,797,-3301.15771484375,-0.000131990731460974
1.0,798,-3307.0576171875,-0.00013258948456496
1.0,799,-3312.86059570312,-0.000133176843519323
1.0,800,-3318.56787109375,-0.000133756446302868
1.0,801,-3324.18139648438,-0.000134325164253823
1.0,802,-3329.70263671875,-0.000134884438011795
1.0,803,-3335.1328125,-0.000135435271658935
1.0,804,-3340.47387695312,-0.000135976777528413
1.0,805,-3345.72705078125,-0.000136509508593008
1.0,806,-3350.8935546875,-0.000137032446218655
1.0,807,-3355.97534179688,-0.000137548486236483
1.0,808,-3360.97338867188,-0.0001380548637826
1.0,809,-3365.88940429688,-0.000138552757562138
1.0,810,-3370.72436523438,-0.00013904322986491
1.0,811,-3375.47973632812,-0.000139525393024087
1.0,812,-3380.15698242188,-0.000139999538077973
1.0,813,-3384.75732421875,-0.000140465272124857
1.0,814,-3389.28173828125,-0.000140924152219668
1.0,815,-3393.73193359375,-0.000141375639941543
1.0,816,-3398.10888671875,-0.000141818774864078
1.0,817,-3402.41381835938,-0.000142255594255403
1.0,818,-3406.64794921875,-0.000142684861202724
1.0,819,-3410.8125,-0.000143106721225195
1.0,820,-3414.90844726562,-0.000143522964208387
1.0,821,-3418.93701171875,-0.000143930112244561
1.0,822,-3422.89916992188,-0.000144331919727847
1.0,823,-3426.79638671875,-0.000144727469887584
1.0,824,-3430.62939453125,-0.000145116035128012
1.0,825,-3434.39916992188,-0.00014549755724147
1.0,826,-3438.10717773438,-0.000145873738802038
1.0,827,-3441.75415039062,-0.000146243241033517
1.0,828,-3445.34106445312,-0.000146606587804854
1.0,829,-3448.86889648438,-0.000146964564919472
1.0,830,-3452.33862304688,-0.000147315600770526
1.0,831,-3455.75146484375,-0.000147661674418487
1.0,832,-3459.10815429688,-0.000148002261994407
1.0,833,-3462.40966796875,-0.000148337363498285
1.0,834,-3465.65673828125,-0.000148666411405429
1.0,835,-3468.85034179688,-0.000148989667650312
1.0,836,-3471.99145507812,-0.000149307830724865
1.0,837,-3475.0810546875,-0.000149621497257613
1.0,838,-3478.11962890625,-0.000149929212057032
1.0,839,-3481.10815429688,-0.000150232692249119
1.0,840,-3484.04760742188,-0.00015052997332532
1.0,841,-3486.93872070312,-0.000150823005242273
1.0,842,-3489.78247070312,-0.000151111496961676
1.0,843,-3492.5791015625,-0.000151394808199257
1.0,844,-3495.32983398438,-0.000151673550135456
1.0,845,-3498.03540039062,-0.000151947577251121
1.0,846,-3500.69653320312,-0.000152217282447964
1.0,847,-3503.31372070312,-0.000152482418343425
1.0,848,-3505.88793945312,-0.000152743712533265
1.0,849,-3508.41967773438,-0.000153000291902572
1.0,850,-3510.90991210938,-0.000153252301970497
1.0,851,-3513.35913085938,-0.000153500863234513
1.0,852,-3515.76806640625,-0.00015374542272184
1.0,853,-3518.13720703125,-0.000153984947246499
1.0,854,-3520.46752929688,-0.000154221226694062
1.0,855,-3522.75952148438,-0.000154453329741955
1.0,856,-3525.01391601562,-0.000154682304128073
1.0,857,-3527.23095703125,-0.000154906912939623
1.0,858,-3529.41162109375,-0.00015512781101279
1.0,859,-3531.55639648438,-0.000155345172970556
1.0,860,-3533.666015625,-0.000155558460392058
1.0,861,-3535.74096679688,-0.000155769317643717
1.0,862,-3537.78149414062,-0.000155976420501247
1.0,863,-3539.78857421875,-0.000156180016347207
1.0,864,-3541.7626953125,-0.000156379552208818
1.0,865,-3543.70434570312,-0.000156576614244841
1.0,866,-3545.61401367188,-0.000156770023750141
1.0,867,-3547.49243164062,-0.000156959824380465
1.0,868,-3549.33984375,-0.000157147500431165
1.0,869,-3551.15673828125,-0.000157331465743482
1.0,870,-3552.94384765625,-0.000157512768055312
1.0,871,-3554.70141601562,-0.000157690839841962
1.0,872,-3556.43017578125,-0.000157866466906853
1.0,873,-3558.13061523438,-0.000158038688823581
1.0,874,-3559.80297851562,-0.000158207694767043
1.0,875,-3561.44775390625,-0.000158374270540662
1.0,876,-3563.06567382812,-0.000158538488904014
1.0,877,-3564.65673828125,-0.00015869976778049
1.0,878,-3566.2216796875,-0.000158858005306683
1.0,879,-3567.76098632812,-0.000159014423843473
1.0,880,-3569.27490234375,-0.000159168252139352
1.0,881,-3570.76391601562,-0.000159318689838983
1.0,882,-3572.228515625,-0.000159467075718567
1.0,883,-3573.6689453125,-0.000159612973220646
1.0,884,-3575.08569335938,-0.000159756469656713
1.0,885,-3576.47900390625,-0.00015989801613614
1.0,886,-3577.849609375,-0.000160036754095927
1.0,887,-3579.19750976562,-0.000160172901814803
1.0,888,-3580.52319335938,-0.000160306983161718
1.0,889,-3581.8271484375,-0.000160439551109448
1.0,890,-3583.10986328125,-0.00016056900494732
1.0,891,-3584.37109375,-0.000160697352839634
1.0,892,-3585.61181640625,-0.000160821087774821
1.0,893,-3586.83203125,-0.00016094783495646
1.0,894,-3588.0322265625,-0.000161061179824173
1.0,895,-3589.21264648438,-0.000161197487614118
1.0,896,-3590.37377929688,-0.000161276620929129
1.0,897,-3591.515625,-0.000161477146320976
1.0,898,-3592.638671875,-0.000161400559591129
1.0,899,-3593.74340820312,-0.000161941745318472
1.0,900,-3594.82983398438,-0.000161080504767597
1.0,901,-3595.8984375,-0.000163421660545282
1.0,902,-3596.94946289062,-0.000158401366206817
1.0,903,-3597.98315429688,-0.000170461789821275
1.0,904,-3599.0,-0.000142849385156296
3600.0,2,-3600.0,-0.000208513898542151
3600.0,3,-4100.0,-0.000620407226961106
3600.0,6,-2500.0,-5.0748378271237e-05
3600.0,35,-3601.0,-0.000357679644366726
3600.0,36,-3602.03662109375,-0.000311184499878436
3600.0,37,-3603.11108398438,-0.000327884015860036
3600.0,38,-3604.22485351562,-0.000322369683999568
3600.0,39,-3605.37939453125,-0.000325317523675039
3600.0,40,-3606.57592773438,-0.000324772903695703
3600.0,41,-3607.81640625,-0.000325792847434059
3600.0,42,-3609.10229492188,-0.000326104171108454
3600.0,43,-3610.43505859375,-0.000326787208905444
3600.0,44,-3611.81665039062,-0.00032731587998569
3600.0,45,-3613.24877929688,-0.000327957735862583
3600.0,46,-3614.7333984375,-0.000328573893057182
3600.0,47,-3616.27221679688,-0.000329241360304877
3600.0,48,-3617.8671875,-0.000329920876538381
3600.0,49,-3619.5205078125,-0.000330633396515623
3600.0,50,-3621.234375,-0.000331373186782002
3600.0,51,-3623.0107421875,-0.000332140160026029
3600.0,52,-3624.85229492188,-0.000332938914652914
3600.0,53,-3626.76098632812,-0.000333767296979204
3600.0,54,-3628.73974609375,-0.000334628392010927
3600.0,55,-3630.79052734375,-0.000335525081027299
3600.0,56,-3632.91650390625,-0.000336454773787409
3600.0,57,-3635.1201171875,-0.000337425590259954
3600.0,58,-3637.40454101562,-0.000338430400006473
3600.0,59,-3639.77221679688,-0.000339477701345459
3600.0,60,-3642.2265625,-0.000340569269610569
3600.0,61,-3644.77075195312,-0.000341699458658695
3600.0,62,-3647.40795898438,-0.000342876592185348
3600.0,63,-3650.1416015625,-0.000344103173119947
3600.0,64,-3652.97509765625,-0.000345377367921174
3600.0,65,-3655.91235351562,-0.000346700398949906
3600.0,66,-3658.95678710938,-0.000348082190612331
3600.0,67,-3662.11279296875,-0.000349521142197773
3600.0,68,-3665.38403320312,-0.000351016409695148
3600.0,69,-3668.77514648438,-0.000352573610143736
3600.0,70,-3672.2900390625,-0.000354195624822751
3600.0,71,-3675.93359375,-0.000355883734300733
3600.0,72,-3679.71020507812,-0.000357643177267164
3600.0,73,-3683.625,-0.000359479279723018
3600.0,74,-3687.68310546875,-0.000361389800673351
3600.0,75,-3691.88940429688,-0.000363382423529401
3600.0,76,-3696.24951171875,-0.000365457672160119
3600.0,77,-3700.76928710938,-0.000367623812053353
3600.0,78,-3705.4541015625,-0.000369884568499401
3600.0,79,-3710.31030273438,-0.000372240407159552
3600.0,80,-3715.34423828125,-0.000374699768144637
3600.0,81,-3720.56201171875,-0.000377265241695568
3600.0,82,-3725.970703125,-0.000379941222490743
3600.0,83,-3731.5771484375,-0.00038273909012787
3600.0,84,-3737.388671875,-0.000385664432542399
3600.0,85,-3743.41259765625,-0.0003887155035045
3600.0,86,-3749.65698242188,-0.000391906272852793
3600.0,87,-3756.12939453125,-0.000395242648664862
3600.0,88,-3762.8388671875,-0.000398726697312668
3600.0,89,-3769.79345703125,-0.000402377278078347
3600.0,90,-3777.00244140625,-0.000406195846153423
3600.0,91,-3784.47509765625,-0.000410190579714254
3600.0,92,-3792.220703125,-0.000414376583648846
3600.0,93,-3800.25,-0.000418759766034782
3600.0,94,-3808.57250976562,-0.000423355610109866
3600.0,95,-3817.19970703125,-0.000428164494223893
3600.0,96,-3826.14208984375,-0.00043322384590283
3600.0,97,-3835.41162109375,-0.000438512593973428
3600.0,98,-3845.02001953125,-0.000444107019575313
3600.0,99,-3854.97998046875,-0.000449859944637865
3600.0,100,-3864.58837890625,-0.000455603294540197
3600.0,101,-3873.85791015625,-0.000461164134321734
3600.0,102,-3882.80029296875,-0.000466615718323737
3600.0,103,-3891.42749023438,-0.000471930106868967
3600.0,104,-3899.75,-0.000477116642287001
3600.0,105,-3907.779296875,-0.000482173083582893
3600.0,106,-3915.52490234375,-0.000487102603074163
3600.0,107,-3922.99755859375,-0.00049190572462976
3600.0,108,-3930.20654296875,-0.000496581080369651
3600.0,109,-3937.1611328125,-0.000501139729749411
3600.0,110,-3943.87060546875,-0.000505575328134
3600.0,111,-3950.34301757812,-0.000509891426190734
3600.0,112,-3956.58740234375,-0.000514091167133301
3600.0,113,-3962.611328125,-0.000518174434546381
3600.0,114,-3968.4228515625,-0.00052214547758922
3600.0,115,-3974.029296875,-0.000526006275322288
3600.0,116,-3979.43798828125,-0.000529758166521788
3600.0,117,-3984.65576171875,-0.00053339934675023
3600.0,118,-3989.68969726562,-0.000536939653102309
3600.0,119,-3994.5458984375,-0.000540377921424806
3600.0,120,-3999.23071289062,-0.000543713045772165
3600.0,121,-4003.75048828125,-0.000546951661817729
3600.0,122,-4008.11059570312,-0.000550097669474781
3600.0,123,-4012.31689453125,-0.00055314478231594
3600.0,124,-4016.375,-0.000556103768758476
3600.0,125,-4020.28979492188,-0.000558970030397177
3600.0,126,-4024.06640625,-0.000561749853659421
3600.0,127,-4027.7099609375,-0.000564448768272996
3600.0,128,-4031.22485351562,-0.000567060080356896
3600.0,129,-4034.61596679688,-0.000569591589737684
3600.0,130,-4037.88720703125,-0.000572045799344778
3600.0,131,-4041.04321289062,-0.000574421253986657
3600.0,132,-4044.08764648438,-0.000576725287828594
3600.0,133,-4047.02490234375,-0.000578954990487546
3600.0,134,-4049.8583984375,-0.000581112108193338
3600.0,135,-4052.59204101562,-0.000583206303417683
3600.0,136,-4055.22924804688,-0.000585228321142495
3600.0,137,-4057.7734375,-0.000587186659686267
3600.0,138,-4060.22778320312,-0.000589083880186081
3600.0,139,-4062.59545898438,-0.000590919516980648
3600.0,140,-4064.8798828125,-0.000592699914705008
3600.0,141,-4067.08349609375,-0.000594415643718094
3600.0,142,-4069.20947265625,-0.000596077588852495
3600.0,143,-4071.26025390625,-0.00059768749633804
3600.0,144,-4073.23901367188,-0.000599240185692906
3600.0,145,-4075.14770507812,-0.000600749161094427
3600.0,146,-4076.9892578125,-0.000602203770540655
3600.0,147,-4078.765625,-0.000603609951213002
3600.0,148,-4080.4794921875,-0.000604971603024751
3600.0,149,-4082.1328125,-0.000606282148510218
3600.0,150,-4083.72778320312,-0.000607553170993924
3600.0,151,-4085.2666015625,-0.00060878781368956
3600.0,152,-4086.75122070312,-0.000609976181294769
3600.0,153,-4088.18334960938,-0.000611121184192598
3600.0,154,-4089.56494140625,-0.000612233008723706
3600.0,155,-4090.89770507812,-0.0006133082206361
3600.0,156,-4092.18359375,-0.000614345481153578
3600.0,157,-4093.42407226562,-0.000615348049905151
3600.0,158,-4094.62060546875,-0.000616313598584384
3600.0,159,-4095.77514648438,-0.000617243873421103
3600.0,160,-4096.88916015625,-0.000618155463598669
3600.0,161,-4097.96337890625,-0.000619006925262511
3600.0,162,-4099.0,-0.000619900994934142
3600.0,626,-2501.0,-5.08211487613153e-05
3600.0,627,-2502.01684570312,-5.09372985106893e-05
3600.0,628,-2503.05053710938,-5.10364188812673e-05
3600.0,629,-2504.1015625,-5.11453363287728e-05
3600.0,630,-2505.17016601562,-5.12535734742414e-05
3600.0,631,-2506.25659179688,-5.13633676746394e-05
3600.0,632,-2507.361328125,-5.1475377404131e-05
3600.0,633,-2508.484375,-5.15897336299531e-05
3600.0,634,-2509.62622070312,-5.17056178068742e-05
3600.0,635,-2510.78735351562,-5.18235101480968e-05
3600.0,636,-2511.9677734375,-5.19432578585111e-05
3600.0,637,-2513.16796875,-5.20650137332268e-05
3600.0,638,-2514.38818359375,-5.21887668583076e-05
3600.0,639,-2515.62890625,-5.23147100466304e-05
3600.0,640,-2516.89013671875,-5.24425995536149e-05
3600.0,641,-2518.1728515625,-5.25732102687471e-05
3600.0,642,-2519.47680664062,-5.27051051903982e-05
3600.0,643,-2520.80249023438,-5.28395867149811e-05
3600.0,644,-2522.150390625,-5.29768549313303e-05
3600.0,645,-2523.52099609375,-5.31154655618593e-05
3600.0,646,-2524.91430664062,-5.32574340468273e-05
3600.0,647,-2526.3310546875,-5.34010832780041e-05
3600.0,648,-2527.771484375,-5.3547239076579e-05
3600.0,649,-2529.23608398438,-5.3695825044997e-05
3600.0,650,-2530.72509765625,-5.38464882993139e-05
3600.0,651,-2532.23901367188,-5.40005312359426e-05
3600.0,652,-2533.7783203125,-5.41571716894396e-05
3600.0,653,-2535.34326171875,-5.43156202184036e-05
3600.0,654,-2536.93432617188,-5.44771173736081e-05
3600.0,655,-2538.55224609375,-5.46415576536674e-05
3600.0,656,-2540.19702148438,-5.48083662579302e-05
3600.0,657,-2541.86938476562,-5.49775795661844e-05
3600.0,658,-2543.56982421875,-5.51500634173863e-05
3600.0,659,-2545.29858398438,-5.53258578293025e-05
3600.0,660,-2547.05615234375,-5.55042824998964e-05
3600.0,661,-2548.84326171875,-5.56855884497054e-05
3600.0,662,-2550.66015625,-5.58702668058686e-05
3600.0,663,-2552.50756835938,-5.60572552785743e-05
3600.0,664,-2554.38598632812,-5.6247317843372e-05
3600.0,665,-2556.29565429688,-5.64418514841236e-05
3600.0,666,-2558.2373046875,-5.66387825529091e-05
3600.0,667,-2560.21142578125,-5.683868585038e-05
3600.0,668,-2562.21850585938,-5.70426527701784e-05
3600.0,669,-2564.25903320312,-5.72496210224926e-05
3600.0,670,-2566.333984375,-5.74598016100936e-05
3600.0,671,-2568.44360351562,-5.76742859266233e-05
3600.0,672,-2570.58837890625,-5.78923827561084e-05
3600.0,673,-2572.76904296875,-5.81132990191691e-05
3600.0,674,-2574.98608398438,-5.83383516641334e-05
3600.0,675,-2577.24047851562,-5.8567471569404e-05
3600.0,676,-2579.53247070312,-5.88000293646473e-05
3600.0,677,-2581.86279296875,-5.90363015362527e-05
3600.0,678,-2584.23193359375,-5.92766700719949e-05
3600.0,679,-2586.64086914062,-5.9520491049625e-05
3600.0,680,-2589.09008789062,-5.97695216129068e-05
3600.0,681,-2591.58032226562,-6.00224848312791e-05
3600.0,682,-2594.11206054688,-6.0279398894636e-05
3600.0,683,-2596.68627929688,-6.05402892688289e-05
3600.0,684,-2599.30346679688,-6.0805628891103e-05
3600.0,685,-2601.96459960938,-6.10766510362737e-05
3600.0,686,-2604.67016601562,-6.13504671491683e-05
3600.0,687,-2607.4208984375,-6.16298129898496e-05
3600.0,688,-2610.21752929688,-6.19132915744558e-05
3600.0,689,-2613.06127929688,-6.22022052993998e-05
3600.0,690,-2615.95239257812,-6.2495528254658e-05
3600.0,691,-2618.89184570312,-6.27931585768238e-05
3600.0,692,-2621.88037109375,-6.30969734629616e-05
3600.0,693,-2624.9189453125,-6.34050156804733e-05
3600.0,694,-2628.00854492188,-6.37190751149319e-05
3600.0,695,-2631.14965820312,-6.4037500123959e-05
3600.0,696,-2634.34326171875,-6.43612511339597e-05
3600.0,697,-2637.59033203125,-6.46904081804678e-05
3600.0,698,-2640.89184570312,-6.50263173156418e-05
3600.0,699,-2644.24853515625,-6.53664537821896e-05
3600.0,700,-2647.66137695312,-6.57126074656844e-05
3600.0,701,-2651.13110351562,-6.60655132378452e-05
3600.0,702,-2654.65893554688,-6.64223334752023e-05
3600.0,703,-2658.24584960938,-6.67864151182584e-05
3600.0,704,-2661.89282226562,-6.71569869155064e-05
3600.0,705,-2665.60083007812,-6.75332848913968e-05
3600.0,706,-2669.37060546875,-6.79151271469891e-05
3600.0,707,-2673.20361328125,-6.83044636389241e-05
3600.0,708,-2677.10083007812,-6.86995408614166e-05
3600.0,709,-2681.06298828125,-6.91016248310916e-05
3600.0,710,-2685.09155273438,-6.95102862664498e-05
3600.0,711,-2689.1875,-6.99261290719733e-05
3600.0,712,-2693.35205078125,-7.0349131419789e-05
3600.0,713,-2697.58618164062,-7.07778235664591e-05
3600.0,714,-2701.89111328125,-7.12148466845974e-05
3600.0,715,-2706.26806640625,-7.16598297003657e-05
3600.0,716,-2710.71826171875,-7.21102333045565e-05
3600.0,717,-2715.24267578125,-7.25698191672564e-05
3600.0,718,-2719.84301757812,-7.30367610231042e-05
3600.0,719,-2724.52026367188,-7.35108551452868e-05
3600.0,720,-2729.27563476562,-7.3993687692564e-05
3600.0,721,-2734.11059570312,-7.44844146538526e-05
3600.0,722,-2739.02661132812,-7.49828031985089e-05
3600.0,723,-2744.02465820312,-7.54895372665487e-05
3600.0,724,-2749.1064453125,-7.60060065658763e-05
3600.0,725,-2754.27294921875,-7.65293443691917e-05
3600.0,726,-2759.52612304688,-7.7062490163371e-05
3600.0,727,-2764.8671875,-7.76043962105177e-05
3600.0,728,-2770.29736328125,-7.81556373112835e-05
3600.0,729,-2775.81860351562,-7.87153112469241e-05
3600.0,730,-2781.43212890625,-7.92844439274631e-05
3600.0,731,-2787.13940429688,-7.98644396127202e-05
3600.0,732,-2792.9423828125,-8.04522060207091e-05
3600.0,733,-2798.84228515625,-8.10513593023643e-05
3600.0,734,-2804.8408203125,-8.16595202195458e-05
3600.0,735,-2810.93969726562,-8.2278078480158e-05
3600.0,736,-2817.14086914062,-8.29076088848524e-05
3600.0,737,-2823.4453125,-8.35466489661485e-05
3600.0,738,-2829.85546875,-8.4197563410271e-05
3600.0,739,-2836.37280273438,-8.48577547003515e-05
3600.0,740,-2842.99926757812,-8.5530562500935e-05
3600.0,741,-2849.73657226562,-8.62140077515505e-05
3600.0,742,-2856.58642578125,-8.6908919911366e-05
3600.0,743,-2863.55078125,-8.76150952535681e-05
3600.0,744,-2870.6318359375,-8.83336324477568e-05
3600.0,745,-2877.8310546875,-8.90637602424249e-05
3600.0,746,-2885.15087890625,-8.98059079190716e-05
3600.0,747,-2892.59326171875,-9.05614797375165e-05
3600.0,748,-2900.15991210938,-9.1328372946009e-05
3600.0,749,-2907.85327148438,-9.21098253456876e-05
3600.0,750,-2915.67529296875,-9.29021553019993e-05
3600.0,751,-2923.6279296875,-9.37087606871501e-05
3600.0,752,-2931.7138671875,-9.45289430092089e-05
3600.0,753,-2939.93505859375,-9.53626295085996e-05
3600.0,754,-2948.29345703125,-9.62107224040665e-05
3600.0,755,-2956.7919921875,-9.70728724496439e-05
3600.0,756,-2965.4326171875,-9.79491742327809e-05
3600.0,757,-2974.21752929688,-9.88398096524179e-05
3600.0,758,-2983.14965820312,-9.97460665530525e-05
3600.0,759,-2992.23095703125,-0.000100666744401678
3600.0,760,-3001.46435546875,-0.000101603509392589
3600.0,761,-3010.85229492188,-0.000102555721241515
3600.0,762,-3020.39697265625,-0.000103523394500371
3600.0,763,-3030.10131835938,-0.000104507365904283
3600.0,764,-3039.96826171875,-0.00010550955630606
3600.0,765,-3050.0,-0.000106524967122823
3600.0,766,-3060.03173828125,-0.000107541301986203
3600.0,767,-3069.89868164062,-0.000108542233647313
3600.0,768,-3079.60302734375,-0.000109526285086758
3600.0,769,-3089.14770507812,-0.000110494758700952
3600.0,770,-3098.53564453125,-0.000111446381197311
3600.0,771,-3107.76904296875,-0.000112383255327586
3600.0,772,-3116.85034179688,-0.000113303707621526
3600.0,773,-3125.78247070312,-0.000114209738967475
3600.0,774,-3134.5673828125,-0.000115100396214984
3600.0,775,-3143.2080078125,-0.000115976079541724
3600.0,776,-3151.70654296875,-0.000116838746180292
3600.0,777,-3160.06494140625,-0.000117685318400618
3600.0,778,-3168.2861328125,-0.000118519281386398
3600.0,779,-3176.3720703125,-0.000119339252705686
3600.0,780,-3184.32470703125,-0.000120144955872092
3600.0,781,-3192.14672851562,-0.000120938384498004
3600.0,782,-3199.84008789062,-0.00012171871640021
3600.0,783,-3207.40673828125,-0.000122485813335516
3600.0,784,-3214.84912109375,-0.000123240752145648
3600.0,785,-3222.1689453125,-0.000123982768855058
3600.0,786,-3229.3681640625,-0.000124712430988438
3600.0,787,-3236.44921875,-0.000125430713524111
3600.0,788,-3243.41357421875,-0.000126136481412686
3600.0,789,-3250.26342773438,-0.000126831073430367
3600.0,790,-3257.00073242188,-0.000127514125779271
3600.0,791,-3263.62719726562,-0.000128186584333889
3600.0,792,-3270.14453125,-0.000128846397274174
3600.0,793,-3276.5546875,-0.000129496940644458
3600.0,794,-3282.85913085938,-0.000130135580548085
3600.0,795,-3289.06030273438,-0.000130764732602984
3600.0,796,-3295.1591796875,-0.000131382897961885
3600.0,797,-3301.15771484375,-0.000131990673253313
3600.0,798,-3307.0576171875,-0.000132589426357299
3600.0,799,-3312.86059570312,-0.000133176785311662
3600.0,800,-3318.56787109375,-0.000133756388095208
3600.0,801,-3324.18139648438,-0.000134325120598078
3600.0,802,-3329.70263671875,-0.000134884379804134
3600.0,803,-3335.1328125,-0.000135435213451274
3600.0,804,-3340.47387695312,-0.000135976719320752
3600.0,805,-3345.72705078125,-0.000136509450385347
3600.0,806,-3350.8935546875,-0.000137032402562909
3600.0,807,-3355.97534179688,-0.000137548428028822
3600.0,808,-3360.97338867188,-0.000138054805574939
3600.0,809,-3365.88940429688,-0.000138552713906392
3600.0,810,-3370.72436523438,-0.000139043171657249
3600.0,811,-3375.47973632812,-0.000139525334816426
3600.0,812,-3380.15698242188,-0.000139999479870312
3600.0,813,-3384.75732421875,-0.000140465213917196
3600.0,814,-3389.28173828125,-0.000140924094012007
3600.0,815,-3393.73193359375,-0.000141375596285798
3600.0,816,-3398.10888671875,-0.000141818716656417
3600.0,817,-3402.41381835938,-0.000142255536047742
3600.0,818,-3406.64794921875,-0.000142684817546979
3600.0,819,-3410.8125,-0.000143106663017534
3600.0,820,-3414.90844726562,-0.000143522906000726
3600.0,821,-3418.93701171875,-0.000143930068588816
3600.0,822,-3422.89916992188,-0.000144331861520186
3600.0,823,-3426.79638671875,-0.000144727411679924
3600.0,824,-3430.62939453125,-0.000145115976920351
3600.0,825,-3434.39916992188,-0.000145497499033809
3600.0,826,-3438.10717773438,-0.000145873680594377
3600.0,827,-3441.75415039062,-0.000146243182825856
3600.0,828,-3445.34106445312,-0.000146606529597193
3600.0,829,-3448.86889648438,-0.000146964506711811
3600.0,830,-3452.33862304688,-0.000147315542562865
3600.0,831,-3455.75146484375,-0.000147661630762741
3600.0,832,-3459.10815429688,-0.000148002203786746
3600.0,833,-3462.40966796875,-0.00014833731984254
3600.0,834,-3465.65673828125,-0.000148666353197768
3600.0,835,-3468.85034179688,-0.000148989623994567
3600.0,836,-3471.99145507812,-0.000149307772517204
3600.0,837,-3475.0810546875,-0.000149621439049952
3600.0,838,-3478.11962890625,-0.000149929153849371
3600.0,839,-3481.10815429688,-0.000150232634041458
3600.0,840,-3484.04760742188,-0.000150529915117659
3600.0,841,-3486.93872070312,-0.000150822947034612
3600.0,842,-3489.78247070312,-0.00015111145330593
3600.0,843,-3492.5791015625,-0.000151394749991596
3600.0,844,-3495.32983398438,-0.000151673491927795
3600.0,845,-3498.03540039062,-0.00015194751904346
3600.0,846,-3500.69653320312,-0.000152217224240303
3600.0,847,-3503.31372070312,-0.000152482360135764
3600.0,848,-3505.88793945312,-0.000152743654325604
3600.0,849,-3508.41967773438,-0.000153000233694911
3600.0,850,-3510.90991210938,-0.000153252243762836
3600.0,851,-3513.35913085938,-0.000153500805026852
3600.0,852,-3515.76806640625,-0.00015374536451418
3600.0,853,-3518.13720703125,-0.000153984889038838
3600.0,854,-3520.46752929688,-0.000154221183038317
3600.0,855,-3522.75952148438,-0.000154453271534294
3600.0,856,-3525.01391601562,-0.000154682245920412
3600.0,857,-3527.23095703125,-0.000154906854731962
3600.0,858,-3529.41162109375,-0.000155127752805129
3600.0,859,-3531.55639648438,-0.000155345114762895
3600.0,860,-3533.666015625,-0.000155558402184397
3600.0,861,-3535.74096679688,-0.000155769259436056
3600.0,862,-3537.78149414062,-0.000155976362293586
3600.0,863,-3539.78857421875,-0.000156179958139546
3600.0,864,-3541.7626953125,-0.000156379494001158
3600.0,865,-3543.70434570312,-0.000156576570589095
3600.0,866,-3545.61401367188,-0.000156769980094396
3600.0,867,-3547.49243164062,-0.000156959766172804
3600.0,868,-3549.33984375,-0.000157147442223504
3600.0,869,-3551.15673828125,-0.000157331407535821
3600.0,870,-3552.94384765625,-0.000157512709847651
3600.0,871,-3554.70141601562,-0.000157690781634301
3600.0,872,-3556.43017578125,-0.000157866408699192
3600.0,873,-3558.13061523438,-0.00015803863061592
3600.0,874,-3559.80297851562,-0.000158207636559382
3600.0,875,-3561.44775390625,-0.000158374212333001
3600.0,876,-3563.06567382812,-0.000158538430696353
3600.0,877,-3564.65673828125,-0.000158699709572829
3600.0,878,-3566.2216796875,-0.000158857947099023
3600.0,879,-3567.76098632812,-0.000159014365635812
3600.0,880,-3569.27490234375,-0.000159168208483607
3600.0,881,-3570.76391601562,-0.000159318646183237
3600.0,882,-3572.228515625,-0.000159467032062821
3600.0,883,-3573.6689453125,-0.000159612915012985
3600.0,884,-3575.08569335938,-0.000159756411449052
3600.0,885,-3576.47900390625,-0.000159897957928479
3600.0,886,-3577.849609375,-0.000160036695888266
3600.0,887,-3579.19750976562,-0.000160172843607143
3600.0,888,-3580.52319335938,-0.000160306924954057
3600.0,889,-3581.8271484375,-0.000160439492901787
3600.0,890,-3583.10986328125,-0.000160568946739659
3600.0,891,-3584.37109375,-0.000160697309183888
3600.0,892,-3585.61181640625,-0.00016082102956716
3600.0,893,-3586.83203125,-0.000160947791300714
3600.0,894,-3588.0322265625,-0.000161061092512682
3600.0,895,-3589.21264648438,-0.000161197473062202
3600.0,896,-3590.37377929688,-0.000161276446306147
3600.0,897,-3591.515625,-0.000161477320943959
3600.0,898,-3592.638671875,-0.000161399962962605
3600.0,899,-3593.74340820312,-0.000161942909471691
3600.0,900,-3594.82983398438,-0.000161077754455619
3600.0,901,-3595.8984375,-0.000163427961524576
3600.0,902,-3596.94946289062,-0.000158387076226063
3600.0,903,-3597.98315429688,-0.000170495768543333
3600.0,904,-3599.0,-0.000142772012623027
7200.0,2,-3600.0,-0.000208703000680543
7200.0,3,-4100.0,-0.000623148458544165
7200.0,6,-2500.0,-5.07483237015549e-05
7200.0,35,-3601.0,-0.000358891033101827
7200.0,36,-3602.03662109375,-0.000312116346322
7200.0,37,-3603.11108398438,-0.000328914757119492
7200.0,38,-3604.22485351562,-0.000323364220093936
7200.0,39,-3605.37939453125,-0.000326333858538419
7200.0,40,-3606.57592773438,-0.000325782137224451
7200.0,41,-3607.81640625,-0.000326810404658318
7200.0,42,-3609.10229492188,-0.000327121641021222
7200.0,43,-3610.43505859375,-0.000327809422742575
7200.0,44,-3611.81665039062,-0.000328340305713937
7200.0,45,-3613.24877929688,-0.000328985974192619
7200.0,46,-3614.7333984375,-0.000329605245497078
7200.0,47,-3616.27221679688,-0.00033027637982741
7200.0,48,-3617.8671875,-0.00033095950493589
7200.0,49,-3619.5205078125,-0.000331675895722583
7200.0,50,-3621.234375,-0.000332419644109905
7200.0,51,-3623.0107421875,-0.000333190750097856
7200.0,52,-3624.85229492188,-0.000333993782987818
7200.0,53,-3626.76098632812,-0.000334826647303998
7200.0,54,-3628.73974609375,-0.000335692369844764
7200.0,55,-3630.79052734375,-0.000336593890096992
7200.0,56,-3632.91650390625,-0.000337528588715941
7200.0,57,-3635.1201171875,-0.000338504672981799
7200.0,58,-3637.40454101562,-0.000339514896040782
7200.0,59,-3639.77221679688,-0.000340567872626707
7200.0,60,-3642.2265625,-0.00034166537807323
7200.0,61,-3644.77075195312,-0.000342801678925753
7200.0,62,-3647.40795898438,-0.000343985186191276
7200.0,63,-3650.1416015625,-0.000345218431903049
7200.0,64,-3652.97509765625,-0.000346499553415924
7200.0,65,-3655.91235351562,-0.00034782977309078
7200.0,66,-3658.95678710938,-0.000349219102645293
7200.0,67,-3662.11279296875,-0.000350665883161128
7200.0,68,-3665.38403320312,-0.000352169299731031
7200.0,69,-3668.77514648438,-0.000353735027601942
7200.0,70,-3672.2900390625,-0.000355365889845416
7200.0,71,-3675.93359375,-0.000357063254341483
7200.0,72,-3679.71020507812,-0.000358832330675796
7200.0,73,-3683.625,-0.000360678532160819
7200.0,74,-3687.68310546875,-0.000362599530490115
7200.0,75,-3691.88940429688,-0.000364603154594079
7200.0,76,-3696.24951171875,-0.000366689870133996
7200.0,77,-3700.76928710938,-0.000368867942597717
7200.0,78,-3705.4541015625,-0.000371141213690862
7200.0,79,-3710.31030273438,-0.000373510090867057
7200.0,80,-3715.34423828125,-0.000375983101548627
7200.0,81,-3720.56201171875,-0.000378562806872651
7200.0,82,-3725.970703125,-0.00038125371793285
7200.0,83,-3731.5771484375,-0.000384067214326933
7200.0,84,-3737.388671875,-0.000387008883990347
7200.0,85,-3743.41259765625,-0.000390077038900927
7200.0,86,-3749.65698242188,-0.000393285707104951
7200.0,87,-3756.12939453125,-0.000396640854887664
7200.0,88,-3762.8388671875,-0.000400144519517198
7200.0,89,-3769.79345703125,-0.000403815705794841
7200.0,90,-3777.00244140625,-0.000407655898015946
7200.0,91,-3784.47509765625,-0.000411673274356872
7200.0,92,-3792.220703125,-0.000415883085224777
7200.0,93,-3800.25,-0.000420291238697246
7200.0,94,-3808.57250976562,-0.000424913334427401
7200.0,95,-3817.19970703125,-0.000429749779868871
7200.0,96,-3826.14208984375,-0.000434838177170604
7200.0,97,-3835.41162109375,-0.00044015739695169
7200.0,98,-3845.02001953125,-0.000445784127805382
7200.0,99,-3854.97998046875,-0.000451570318546146
7200.0,100,-3864.58837890625,-0.000457347050542012
7200.0,101,-3873.85791015625,-0.000462940311990678
7200.0,102,-3882.80029296875,-0.000468423764687032
7200.0,103,-3891.42749023438,-0.00047376929433085
7200.0,104,-3899.75,-0.000478986359667033
7200.0,105,-3907.779296875,-0.000484072603285313
7200.0,106,-3915.52490234375,-0.00048903125571087
7200.0,107,-3922.99755859375,-0.000493862840812653
7200.0,108,-3930.20654296875,-0.000498566019814461
7200.0,109,-3937.1611328125,-0.000503151852171868
7200.0,110,-3943.87060546875,-0.000507613935042173
7200.0,111,-3950.34301757812,-0.000511955819092691
7200.0,112,-3956.58740234375,-0.000516180763952434
7200.0,113,-3962.611328125,-0.000520288478583097
7200.0,114,-3968.4228515625,-0.000524283444974571
7200.0,115,-3974.029296875,-0.000528167583979666
7200.0,116,-3979.43798828125,-0.000531942117959261
7200.0,117,-3984.65576171875,-0.000535605300683528
7200.0,118,-3989.68969726562,-0.000539167085662484
7200.0,119,-3994.5458984375,-0.000542626192327589
7200.0,120,-3999.23071289062,-0.000545981572940946
7200.0,121,-4003.75048828125,-0.00054923992138356
7200.0,122,-4008.11059570312,-0.000552405079361051
7200.0,123,-4012.31689453125,-0.000555470760446042
7200.0,124,-4016.375,-0.000558447849471122
7200.0,125,-4020.28979492188,-0.000561331631615758
7200.0,126,-4024.06640625,-0.000564128451514989
7200.0,127,-4027.7099609375,-0.000566843955311924
7200.0,128,-4031.22485351562,-0.000569471216294914
7200.0,129,-4034.61596679688,-0.000572018325328827
7200.0,130,-4037.88720703125,-0.000574487610720098
7200.0,131,-4041.04321289062,-0.000576877675484866
7200.0,132,-4044.08764648438,-0.000579195853788406
7200.0,133,-4047.02490234375,-0.000581439293455333
7200.0,134,-4049.8583984375,-0.000583609740715474
7200.0,135,-4052.59204101562,-0.00058571679983288
7200.0,136,-4055.22924804688,-0.00058775139041245
7200.0,137,-4057.7734375,-0.000589721777942032
7200.0,138,-4060.22778320312,-0.00059163075638935
7200.0,139,-4062.59545898438,-0.000593477743677795
7200.0,140,-4064.8798828125,-0.000595269200857729
7200.0,141,-4067.08349609375,-0.0005969955236651
7200.0,142,-4069.20947265625,-0.000598667771555483
7200.0,143,-4071.26025390625,-0.000600287632551044
7200.0,144,-4073.23901367188,-0.000601849984377623
7200.0,145,-4075.14770507812,-0.00060336833121255
7200.0,146,-4076.9892578125,-0.00060483202105388
7200.0,147,-4078.765625,-0.000606246874667704
7200.0,148,-4080.4794921875,-0.000607617024797946
7200.0,149,-4082.1328125,-0.000608935719355941
7200.0,150,-4083.72778320312,-0.000610214599873871
7200.0,151,-4085.2666015625,-0.000611456984188408
7200.0,152,-4086.75122070312,-0.000612652744166553
7200.0,153,-4088.18334960938,-0.000613804906606674
7200.0,154,-4089.56494140625,-0.000614923657849431
7200.0,155,-4090.89770507812,-0.00061600556364283
7200.0,156,-4092.18359375,-0.000617049285210669
7200.0,157,-4093.42407226562,-0.000618058140389621
7200.0,158,-4094.62060546875,-0.000619029742665589
7200.0,159,-4095.77514648438,-0.000619965780060738
7200.0,160,-4096.88916015625,-0.000620883074589074
7200.0,161,-4097.96337890625,-0.000621739833150059
7200.0,162,-4099.0,-0.000622639316134155
7200.0,626,-2501.0,-5.08210941916332e-05
7200.0,627,-2502.01684570312,-5.09372439410072e-05
7200.0,628,-2503.05053710938,-5.10363643115852e-05
7200.0,629,-2504.1015625,-5.11452817590907e-05
7200.0,630,-2505.17016601562,-5.12535189045593e-05
7200.0,631,-2506.25659179688,-5.13633131049573e-05
7200.0,632,-2507.361328125,-5.14753228344489e-05
7200.0,633,-2508.484375,-5.1589679060271e-05
7200.0,634,-2509.62622070312,-5.17055632371921e-05
7200.0,635,-2510.78735351562,-5.18234555784147e-05
7200.0,636,-2511.9677734375,-5.1943203288829e-05
7200.0,637,-2513.16796875,-5.20649591635447e-05
7200.0,638,-2514.38818359375,-5.21887122886255e-05
7200.0,639,-2515.62890625,-5.23146554769482e-05
7200.0,640,-2516.89013671875,-5.24425449839327e-05
7200.0,641,-2518.1728515625,-5.25731520610861e-05
7200.0,642,-2519.47680664062,-5.27050506207161e-05
7200.0,643,-2520.80249023438,-5.2839532145299e-05
7200.0,644,-2522.150390625,-5.29768003616482e-05
7200.0,645,-2523.52099609375,-5.31154109921772e-05
7200.0,646,-2524.91430664062,-5.32573794771452e-05
7200.0,647,-2526.3310546875,-5.3401028708322e-05
7200.0,648,-2527.771484375,-5.35471845068969e-05
7200.0,649,-2529.23608398438,-5.36957704753149e-05
7200.0,650,-2530.72509765625,-5.38464337296318e-05
7200.0,651,-2532.23901367188,-5.40004766662605e-05
7200.0,652,-2533.7783203125,-5.41571134817787e-05
7200.0,653,-2535.34326171875,-5.43155656487215e-05
7200.0,654,-2536.93432617188,-5.44770628039259e-05
7200.0,655,-2538.55224609375,-5.46415030839853e-05
7200.0,656,-2540.19702148438,-5.48083116882481e-05
7200.0,657,-2541.86938476562,-5.49775249965023e-05
7200.0,658,-2543.56982421875,-5.51500088477042e-05
7200.0,659,-2545.29858398438,-5.53258032596204e-05
7200.0,660,-2547.05615234375,-5.55042279302143e-05
7200.0,661,-2548.84326171875,-5.56855302420445e-05
7200.0,662,-2550.66015625,-5.58702122361865e-05
7200.0,663,-2552.50756835938,-5.60572007088922e-05
7200.0,664,-2554.38598632812,-5.62472632736899e-05
7200.0,665,-2556.29565429688,-5.64417969144415e-05
7200.0,666,-2558.2373046875,-5.6638727983227e-05
7200.0,667,-2560.21142578125,-5.68386312806979e-05
7200.0,668,-2562.21850585938,-5.70425982004963e-05
7200.0,669,-2564.25903320312,-5.72495664528105e-05
7200.0,670,-2566.333984375,-5.74597470404115e-05
7200.0,671,-2568.44360351562,-5.76742313569412e-05
7200.0,672,-2570.58837890625,-5.78923281864263e-05
7200.0,673,-2572.76904296875,-5.8113244449487e-05
7200.0,674,-2574.98608398438,-5.83382970944513e-05
7200.0,675,-2577.24047851562,-5.85674169997219e-05
7200.0,676,-2579.53247070312,-5.87999747949652e-05
7200.0,677,-2581.86279296875,-5.90362469665706e-05
7200.0,678,-2584.23193359375,-5.92766155023128e-05
7200.0,679,-2586.64086914062,-5.95204364799429e-05
7200.0,680,-2589.09008789062,-5.97694670432247e-05
7200.0,681,-2591.58032226562,-6.0022430261597e-05
7200.0,682,-2594.11206054688,-6.02793443249539e-05
7200.0,683,-2596.68627929688,-6.05402346991468e-05
7200.0,684,-2599.30346679688,-6.08055743214209e-05
7200.0,685,-2601.96459960938,-6.10766001045704e-05
7200.0,686,-2604.67016601562,-6.13504089415073e-05
7200.0,687,-2607.4208984375,-6.16297547821887e-05
7200.0,688,-2610.21752929688,-6.19132333667949e-05
7200.0,689,-2613.06127929688,-6.22021470917389e-05
7200.0,690,-2615.95239257812,-6.24954700469971e-05
7200.0,691,-2618.89184570312,-6.27931003691629e-05
7200.0,692,-2621.88037109375,-6.30969225312583e-05
7200.0,693,-2624.9189453125,-6.340496474877e-05
7200.0,694,-2628.00854492188,-6.37190241832286e-05
7200.0,695,-2631.14965820312,-6.40374491922557e-05
7200.0,696,-2634.34326171875,-6.43611929262988e-05
7200.0,697,-2637.59033203125,-6.46903499728069e-05
7200.0,698,-2640.89184570312,-6.50262591079809e-05
7200.0,699,-2644.24853515625,-6.53663955745287e-05
7200.0,700,-2647.66137695312,-6.57125492580235e-05
7200.0,701,-2651.13110351562,-6.60654550301842e-05
7200.0,702,-2654.65893554688,-6.6422282543499e-05
7200.0,703,-2658.24584960938,-6.67863569105975e-05
7200.0,704,-2661.89282226562,-6.71569287078455e-05
7200.0,705,-2665.60083007812,-6.75332266837358e-05
7200.0,706,-2669.37060546875,-6.79150689393282e-05
7200.0,707,-2673.20361328125,-6.83044127072208e-05
7200.0,708,-2677.10083007812,-6.86994899297133e-05
7200.0,709,-2681.06298828125,-6.91015666234307e-05
7200.0,710,-2685.09155273438,-6.95102353347465e-05
7200.0,711,-2689.1875,-6.992607814027e-05
7200.0,712,-2693.35205078125,-7.03490804880857e-05
7200.0,713,-2697.58618164062,-7.07777653587982e-05
7200.0,714,-2701.89111328125,-7.12147884769365e-05
7200.0,715,-2706.26806640625,-7.16597787686624e-05
7200.0,716,-2710.71826171875,-7.21101750968955e-05
7200.0,717,-2715.24267578125,-7.25697682355531e-05
7200.0,718,-2719.84301757812,-7.30367028154433e-05
7200.0,719,-2724.52026367188,-7.35108042135835e-05
7200.0,720,-2729.27563476562,-7.39936367608607e-05
7200.0,721,-2734.11059570312,-7.44843564461917e-05
7200.0,722,-2739.02661132812,-7.4982744990848e-05
7200.0,723,-2744.02465820312,-7.54894863348454e-05
7200.0,724,-2749.1064453125,-7.6005955634173e-05
7200.0,725,-2754.27294921875,-7.65292934374884e-05
7200.0,726,-2759.52612304688,-7.70624392316677e-05
7200.0,727,-2764.8671875,-7.76043380028568e-05
7200.0,728,-2770.29736328125,-7.81555863795802e-05
7200.0,729,-2775.81860351562,-7.87152530392632e-05
7200.0,730,-2781.43212890625,-7.92843929957598e-05
7200.0,731,-2787.13940429688,-7.98643886810169e-05
7200.0,732,-2792.9423828125,-8.04521478130482e-05
7200.0,733,-2798.84228515625,-8.10513010947034e-05
7200.0,734,-2804.8408203125,-8.16594620118849e-05
7200.0,735,-2810.93969726562,-8.22780202724971e-05
7200.0,736,-2817.14086914062,-8.29075579531491e-05
7200.0,737,-2823.4453125,-8.35465980344452e-05
7200.0,738,-2829.85546875,-8.41975124785677e-05
7200.0,739,-2836.37280273438,-8.48577037686482e-05
7200.0,740,-2842.99926757812,-8.55305042932741e-05
7200.0,741,-2849.73657226562,-8.62139495438896e-05
7200.0,742,-2856.58642578125,-8.6908861703705e-05
7200.0,743,-2863.55078125,-8.76150443218648e-05
7200.0,744,-2870.6318359375,-8.83335742400959e-05
7200.0,745,-2877.8310546875,-8.90637093107216e-05
7200.0,746,-2885.15087890625,-8.98058497114107e-05
7200.0,747,-2892.59326171875,-9.05614215298556e-05
7200.0,748,-2900.15991210938,-9.13283147383481e-05
7200.0,749,-2907.85327148438,-9.21097744139843e-05
7200.0,750,-2915.67529296875,-9.29020970943384e-05
7200.0,751,-2923.6279296875,-9.37087024794891e-05
7200.0,752,-2931.7138671875,-9.4528884801548e-05
7200.0,753,-2939.93505859375,-9.53625785768963e-05
7200.0,754,-2948.29345703125,-9.62106641964056e-05
7200.0,755,-2956.7919921875,-9.70728215179406e-05
7200.0,756,-2965.4326171875,-9.79491233010776e-05
7200.0,757,-2974.21752929688,-9.88397587207146e-05
7200.0,758,-2983.14965820312,-9.97460083453916e-05
7200.0,759,-2992.23095703125,-0.000100666693469975
7200.0,760,-3001.46435546875,-0.000101603458460886
7200.0,761,-3010.85229492188,-0.000102555670309812
7200.0,762,-3020.39697265625,-0.000103523343568668
7200.0,763,-3030.10131835938,-0.000104507307696622
7200.0,764,-3039.96826171875,-0.000105509505374357
7200.0,765,-3050.0,-0.000106524908915162
7200.0,766,-3060.03173828125,-0.000107541251054499
7200.0,767,-3069.89868164062,-0.000108542175439652
7200.0,768,-3079.60302734375,-0.000109526234155055
7200.0,769,-3089.14770507812,-0.000110494707769249
7200.0,770,-3098.53564453125,-0.00011144632298965
7200.0,771,-3107.76904296875,-0.000112383204395883
7200.0,772,-3116.85034179688,-0.000113303656689823
7200.0,773,-3125.78247070312,-0.000114209680759814
7200.0,774,-3134.5673828125,-0.000115100338007323
7200.0,775,-3143.2080078125,-0.000115976028610021
7200.0,776,-3151.70654296875,-0.000116838695248589
7200.0,777,-3160.06494140625,-0.000117685260192957
7200.0,778,-3168.2861328125,-0.000118519223178737
7200.0,779,-3176.3720703125,-0.000119339201773982
7200.0,780,-3184.32470703125,-0.000120144904940389
7200.0,781,-3192.14672851562,-0.000120938326290343
7200.0,782,-3199.84008789062,-0.000121718665468507
7200.0,783,-3207.40673828125,-0.000122485755127855
7200.0,784,-3214.84912109375,-0.000123240693937987
7200.0,785,-3222.1689453125,-0.000123982710647397
7200.0,786,-3229.3681640625,-0.000124712372780778
7200.0,787,-3236.44921875,-0.00012543065531645
7200.0,788,-3243.41357421875,-0.000126136423205025
7200.0,789,-3250.26342773438,-0.000126831015222706
7200.0,790,-3257.00073242188,-0.000127514082123525
7200.0,791,-3263.62719726562,-0.000128186526126228
7200.0,792,-3270.14453125,-0.000128846339066513
7200.0,793,-3276.5546875,-0.000129496882436797
7200.0,794,-3282.85913085938,-0.00013013553689234
7200.0,795,-3289.06030273438,-0.000130764674395323
7200.0,796,-3295.1591796875,-0.000131382854306139
7200.0,797,-3301.15771484375,-0.000131990615045652
7200.0,798,-3307.0576171875,-0.000132589368149638
7200.0,799,-3312.86059570312,-0.000133176741655916
7200.0,800,-3318.56787109375,-0.000133756329887547
7200.0,801,-3324.18139648438,-0.000134325062390417
7200.0,802,-3329.70263671875,-0.000134884336148389
7200.0,803,-3335.1328125,-0.000135435169795528
7200.0,804,-3340.47387695312,-0.000135976661113091
7200.0,805,-3345.72705078125,-0.000136509392177686
7200.0,806,-3350.8935546875,-0.000137032344355248
7200.0,807,-3355.97534179688,-0.000137548369821161
7200.0,808,-3360.97338867188,-0.000138054761919193
7200.0,809,-3365.88940429688,-0.000138552655698732
7200.0,810,-3370.72436523438,-0.000139043113449588
7200.0,811,-3375.47973632812,-0.00013952529116068
7200.0,812,-3380.15698242188,-0.000139999421662651
7200.0,813,-3384.75732421875,-0.000140465155709535
7200.0,814,-3389.28173828125,-0.000140924050356261
7200.0,815,-3393.73193359375,-0.000141375538078137
7200.0,816,-3398.10888671875,-0.000141818658448756
7200.0,817,-3402.41381835938,-0.000142255477840081
7200.0,818,-3406.64794921875,-0.000142684759339318
7200.0,819,-3410.8125,-0.000143106604809873
7200.0,820,-3414.90844726562,-0.000143522847793065
7200.0,821,-3418.93701171875,-0.000143930010381155
7200.0,822,-3422.89916992188,-0.000144331803312525
7200.0,823,-3426.79638671875,-0.000144727353472263
7200.0,824,-3430.62939453125,-0.000145115933264606
7200.0,825,-3434.39916992188,-0.000145497440826148
7200.0,826,-3438.10717773438,-0.000145873622386716
7200.0,827,-3441.75415039062,-0.000146243124618195
7200.0,828,-3445.34106445312,-0.000146606471389532
7200.0,829,-3448.86889648438,-0.00014696444850415
7200.0,830,-3452.33862304688,-0.000147315484355204
7200.0,831,-3455.75146484375,-0.00014766157255508
7200.0,832,-3459.10815429688,-0.000148002145579085
7200.0,833,-3462.40966796875,-0.000148337261634879
7200.0,834,-3465.65673828125,-0.000148666294990107
7200.0,835,-3468.85034179688,-0.000148989565786906
7200.0,836,-3471.99145507812,-0.000149307714309543
7200.0,837,-3475.0810546875,-0.000149621395394206
7200.0,838,-3478.11962890625,-0.00014992909564171
7200.0,839,-3481.10815429688,-0.000150232575833797
7200.0,840,-3484.04760742188,-0.000150529856909998
7200.0,841,-3486.93872070312,-0.000150822888826951
7200.0,842,-3489.78247070312,-0.000151111395098269
7200.0,843,-3492.5791015625,-0.000151394691783935
7200.0,844,-3495.32983398438,-0.000151673433720134
7200.0,845,-3498.03540039062,-0.0001519474608358
7200.0,846,-3500.69653320312,-0.000152217166032642
7200.0,847,-3503.31372070312,-0.000152482316480018
7200.0,848,-3505.88793945312,-0.000152743596117944
7200.0,849,-3508.41967773438,-0.00015300017548725
7200.0,850,-3510.90991210938,-0.000153252185555175
7200.0,851,-3513.35913085938,-0.000153500746819191
7200.0,852,-3515.76806640625,-0.000153745306306519
7200.0,853,-3518.13720703125,-0.000153984830831178
7200.0,854,-3520.46752929688,-0.000154221124830656
7200.0,855,-3522.75952148438,-0.000154453213326633
7200.0,856,-3525.01391601562,-0.000154682187712751
7200.0,857,-3527.23095703125,-0.000154906811076216
7200.0,858,-3529.41162109375,-0.000155127694597468
7200.0,859,-3531.55639648438,-0.000155345071107149
7200.0,860,-3533.666015625,-0.000155558343976736
7200.0,861,-3535.74096679688,-0.00015576921578031
7200.0,862,-3537.78149414062,-0.00015597631863784
7200.0,863,-3539.78857421875,-0.000156179899931885
7200.0,864,-3541.7626953125,-0.000156379435793497
7200.0,865,-3543.70434570312,-0.000156576512381434
7200.0,866,-3545.61401367188,-0.000156769921886735
7200.0,867,-3547.49243164062,-0.000156959707965143
7200.0,868,-3549.33984375,-0.000157147384015843
7200.0,869,-3551.15673828125,-0.00015733134932816
7200.0,870,-3552.94384765625,-0.000157512651639991
7200.0,871,-3554.70141601562,-0.000157690737978555
7200.0,872,-3556.43017578125,-0.000157866350491531
7200.0,873,-3558.13061523438,-0.000158038572408259
7200.0,874,-3559.80297851562,-0.000158207578351721
7200.0,875,-3561.44775390625,-0.00015837415412534
7200.0,876,-3563.06567382812,-0.000158538387040608
7200.0,877,-3564.65673828125,-0.000158699665917084
7200.0,878,-3566.2216796875,-0.000158857888891362
7200.0,879,-3567.76098632812,-0.000159014321980067
7200.0,880,-3569.27490234375,-0.000159168150275946
7200.0,881,-3570.76391601562,-0.000159318587975577
7200.0,882,-3572.228515625,-0.00015946697385516
7200.0,883,-3573.6689453125,-0.000159612856805325
7200.0,884,-3575.08569335938,-0.000159756353241391
7200.0,885,-3576.47900390625,-0.000159897899720818
7200.0,886,-3577.849609375,-0.000160036637680605
7200.0,887,-3579.19750976562,-0.000160172785399482
7200.0,888,-3580.52319335938,-0.000160306866746396
7200.0,889,-3581.8271484375,-0.000160439434694126
7200.0,890,-3583.10986328125,-0.000160568888531998
7200.0,891,-3584.37109375,-0.000160697250976227
7200.0,892,-3585.61181640625,-0.000160820956807584
7200.0,893,-3586.83203125,-0.000160947733093053
7200.0,894,-3588.0322265625,-0.000161061005201191
7200.0,895,-3589.21264648438,-0.000161197458510287
7200.0,896,-3590.37377929688,-0.000161276286235079
7200.0,897,-3591.515625,-0.000161477495566942
7200.0,898,-3592.638671875,-0.000161399395437911
7200.0,899,-3593.74340820312,-0.000161944059072994
7200.0,900,-3594.82983398438,-0.000161075047799386
7200.0,901,-3595.8984375,-0.000163434160640463
7200.0,902,-3596.94946289062,-0.000158372975420207
7200.0,903,-3597.98315429688,-0.000170529281604104
7200.0,904,-3599.0,-0.000142695716931485
14400.0,2,-3600.0,-0.000209060046472587
14400.0,3,-4100.0,-0.000628396228421479
14400.0,6,-2500.0,-5.07482182001695e-05
14400.0,35,-3601.0,-0.000361206359229982
14400.0,36,-3602.03662109375,-0.000313897297019139
14400.0,37,-3603.11108398438,-0.000330885290168226
14400.0,38,-3604.22485351562,-0.000325264933053404
14400.0,39,-3605.37939453125,-0.000328276655636728
14400.0,40,-3606.57592773438,-0.000327711110003293
14400.0,41,-3607.81640625,-0.000328755471855402
14400.0,42,-3609.10229492188,-0.000329066475387663
14400.0,43,-3610.43505859375,-0.00032976339571178
14400.0,44,-3611.81665039062,-0.000330298411427066
14400.0,45,-3613.24877929688,-0.000330951414071023
14400.0,46,-3614.7333984375,-0.000331576564349234
14400.0,47,-3616.27221679688,-0.000332254800014198
14400.0,48,-3617.8671875,-0.000332944735419005
14400.0,49,-3619.5205078125,-0.000333668547682464
14400.0,50,-3621.234375,-0.000334419833961874
14400.0,51,-3623.0107421875,-0.00033519885619171
14400.0,52,-3624.85229492188,-0.000336010096361861
14400.0,53,-3626.76098632812,-0.000336851488100365
14400.0,54,-3628.73974609375,-0.00033772608730942
14400.0,55,-3630.79052734375,-0.000338636862579733
14400.0,56,-3632.91650390625,-0.000339581136358902
14400.0,57,-3635.1201171875,-0.000340567261446267
14400.0,58,-3637.40454101562,-0.000341587845468894
14400.0,59,-3639.77221679688,-0.000342651677783579
14400.0,60,-3642.2265625,-0.000343760446412489
14400.0,61,-3644.77075195312,-0.000344908476108685
14400.0,62,-3647.40795898438,-0.00034610417787917
14400.0,63,-3650.1416015625,-0.000347350141964853
14400.0,64,-3652.97509765625,-0.000348644505720586
14400.0,65,-3655.91235351562,-0.000349988491507247
14400.0,66,-3658.95678710938,-0.000351392169250175
14400.0,67,-3662.11279296875,-0.000352853967342526
14400.0,68,-3665.38403320312,-0.000354373012669384
14400.0,69,-3668.77514648438,-0.000355954980477691
14400.0,70,-3672.2900390625,-0.000357602810254321
14400.0,71,-3675.93359375,-0.000359317869879305
14400.0,72,-3679.71020507812,-0.000361105368938297
14400.0,73,-3683.625,-0.000362970837159082
14400.0,74,-3687.68310546875,-0.000364911946235225
14400.0,75,-3691.88940429688,-0.000366936554200947
14400.0,76,-3696.24951171875,-0.000369045126717538
14400.0,77,-3700.76928710938,-0.000371246074791998
14400.0,78,-3705.4541015625,-0.000373543269233778
14400.0,79,-3710.31030273438,-0.000375937117496505
14400.0,80,-3715.34423828125,-0.000378436234313995
14400.0,81,-3720.56201171875,-0.000381043239030987
14400.0,82,-3725.970703125,-0.000383762613637373
14400.0,83,-3731.5771484375,-0.000386605999665335
14400.0,84,-3737.388671875,-0.00038957895594649
14400.0,85,-3743.41259765625,-0.000392679765354842
14400.0,86,-3749.65698242188,-0.000395922688767314
14400.0,87,-3756.12939453125,-0.00039931372157298
14400.0,88,-3762.8388671875,-0.000402854988351464
14400.0,89,-3769.79345703125,-0.000406565581215546
14400.0,90,-3777.00244140625,-0.00041044712997973
14400.0,91,-3784.47509765625,-0.000414507871028036
14400.0,92,-3792.220703125,-0.000418763200286776
14400.0,93,-3800.25,-0.000423219171352684
14400.0,94,-3808.57250976562,-0.000427891529398039
14400.0,95,-3817.19970703125,-0.000432780710980296
14400.0,96,-3826.14208984375,-0.000437924725702032
14400.0,97,-3835.41162109375,-0.000443302269559354
14400.0,98,-3845.02001953125,-0.000448990875156596
14400.0,99,-3854.97998046875,-0.000454840803286061
14400.0,100,-3864.58837890625,-0.00046068150550127
14400.0,101,-3873.85791015625,-0.000466336874524131
14400.0,102,-3882.80029296875,-0.000471881387056783
14400.0,103,-3891.42749023438,-0.000477286666864529
14400.0,104,-3899.75,-0.0004825622017961
14400.0,105,-3907.779296875,-0.000487705605337396
14400.0,106,-3915.52490234375,-0.000492720166221261
14400.0,107,-3922.99755859375,-0.00049760629190132
14400.0,108,-3930.20654296875,-0.000502362789120525
14400.0,109,-3937.1611328125,-0.000507000659126788
14400.0,110,-3943.87060546875,-0.00051151349907741
14400.0,111,-3950.34301757812,-0.000515904917847365
14400.0,112,-3956.58740234375,-0.000520178175065666
14400.0,113,-3962.611328125,-0.000524332979694009
14400.0,114,-3968.4228515625,-0.000528373755514622
14400.0,115,-3974.029296875,-0.000532302539795637
14400.0,116,-3979.43798828125,-0.000536120496690273
14400.0,117,-3984.65576171875,-0.000539825996384025
14400.0,118,-3989.68969726562,-0.000543428875971586
14400.0,119,-3994.5458984375,-0.000546928029507399
14400.0,120,-3999.23071289062,-0.000550322292838246
14400.0,121,-4003.75048828125,-0.000553618418052793
14400.0,122,-4008.11059570312,-0.000556820363271981
14400.0,123,-4012.31689453125,-0.000559921725653112
14400.0,124,-4016.375,-0.000562933448236436
14400.0,125,-4020.28979492188,-0.00056585087440908
14400.0,126,-4024.06640625,-0.000568680348806083
14400.0,127,-4027.7099609375,-0.000571427517570555
14400.0,128,-4031.22485351562,-0.000574085570406169
14400.0,129,-4034.61596679688,-0.000576662423554808
14400.0,130,-4037.88720703125,-0.000579160638153553
14400.0,131,-4041.04321289062,-0.000581578759010881
14400.0,132,-4044.08764648438,-0.000583924178499728
14400.0,133,-4047.02490234375,-0.000586193928029388
14400.0,134,-4049.8583984375,-0.00058838987024501
14400.0,135,-4052.59204101562,-0.000590521784033626
14400.0,136,-4055.22924804688,-0.00059258023975417
14400.0,137,-4057.7734375,-0.000594573910348117
14400.0,138,-4060.22778320312,-0.000596505356952548
14400.0,139,-4062.59545898438,-0.000598374172113836
14400.0,140,-4064.8798828125,-0.000600186758674681
14400.0,141,-4067.08349609375,-0.000601933512371033
14400.0,142,-4069.20947265625,-0.000603625550866127
14400.0,143,-4071.26025390625,-0.000605264562182128
14400.0,144,-4073.23901367188,-0.000606845365837216
14400.0,145,-4075.14770507812,-0.000608381698839366
14400.0,146,-4076.9892578125,-0.000609862734563649
14400.0,147,-4078.765625,-0.000611294351983815
14400.0,148,-4080.4794921875,-0.000612680742051452
14400.0,149,-4082.1328125,-0.000614015094470233
14400.0,150,-4083.72778320312,-0.000615309167187661
14400.0,151,-4085.2666015625,-0.000616566278040409
14400.0,152,-4086.75122070312,-0.000617776240687817
14400.0,153,-4088.18334960938,-0.000618942140135914
14400.0,154,-4089.56494140625,-0.00062007422093302
14400.0,155,-4090.89770507812,-0.000621168990619481
14400.0,156,-4092.18359375,-0.000622225168626755
14400.0,157,-4093.42407226562,-0.000623246014583856
14400.0,158,-4094.62060546875,-0.000624229141976684
14400.0,159,-4095.77514648438,-0.000625176355242729
14400.0,160,-4096.88916015625,-0.000626104534603655
14400.0,161,-4097.96337890625,-0.000626971595920622
14400.0,162,-4099.0,-0.000627881439868361
14400.0,626,-2501.0,-5.08209886902478e-05
14400.0,627,-2502.01684570312,-5.09371384396218e-05
14400.0,628,-2503.05053710938,-5.10362588101998e-05
14400.0,629,-2504.1015625,-5.11451798956841e-05
14400.0,630,-2505.17016601562,-5.12534134031739e-05
14400.0,631,-2506.25659179688,-5.13632076035719e-05
14400.0,632,-2507.361328125,-5.14752173330635e-05
14400.0,633,-2508.484375,-5.15895735588856e-05
14400.0,634,-2509.62622070312,-5.17054577358067e-05
14400.0,635,-2510.78735351562,-5.18233500770293e-05
14400.0,636,-2511.9677734375,-5.19430977874435e-05
14400.0,637,-2513.16796875,-5.20648536621593e-05
14400.0,638,-2514.38818359375,-5.21886067872401e-05
14400.0,639,-2515.62890625,-5.23145499755628e-05
14400.0,640,-2516.89013671875,-5.24424394825473e-05
14400.0,641,-2518.1728515625,-5.25730501976795e-05
14400.0,642,-2519.47680664062,-5.27049451193307e-05
14400.0,643,-2520.80249023438,-5.28394266439136e-05
14400.0,644,-2522.150390625,-5.29766948602628e-05
14400.0,645,-2523.52099609375,-5.31153054907918e-05
14400.0,646,-2524.91430664062,-5.32572739757597e-05
14400.0,647,-2526.3310546875,-5.34009232069366e-05
14400.0,648,-2527.771484375,-5.35470790055115e-05
14400.0,649,-2529.23608398438,-5.36956649739295e-05
14400.0,650,-2530.72509765625,-5.38463282282464e-05
14400.0,651,-2532.23901367188,-5.40003711648751e-05
14400.0,652,-2533.7783203125,-5.41570116183721e-05
14400.0,653,-2535.34326171875,-5.43154601473361e-05
14400.0,654,-2536.93432617188,-5.44769609405193e-05
14400.0,655,-2538.55224609375,-5.46413975825999e-05
14400.0,656,-2540.19702148438,-5.48082061868627e-05
14400.0,657,-2541.86938476562,-5.49774194951169e-05
14400.0,658,-2543.56982421875,-5.51499033463188e-05
14400.0,659,-2545.29858398438,-5.5325697758235e-05
14400.0,660,-2547.05615234375,-5.55041224288289e-05
14400.0,661,-2548.84326171875,-5.56854283786379e-05
14400.0,662,-2550.66015625,-5.58701067348011e-05
14400.0,663,-2552.50756835938,-5.60570952075068e-05
14400.0,664,-2554.38598632812,-5.62471614102833e-05
14400.0,665,-2556.29565429688,-5.64416914130561e-05
14400.0,666,-2558.2373046875,-5.66386224818416e-05
14400.0,667,-2560.21142578125,-5.68385257793125e-05
14400.0,668,-2562.21850585938,-5.70424926991109e-05
14400.0,669,-2564.25903320312,-5.72494609514251e-05
14400.0,670,-2566.333984375,-5.74596415390261e-05
14400.0,671,-2568.44360351562,-5.76741258555558e-05
14400.0,672,-2570.58837890625,-5.78922226850409e-05
14400.0,673,-2572.76904296875,-5.81131389481016e-05
14400.0,674,-2574.98608398438,-5.83381915930659e-05
14400.0,675,-2577.24047851562,-5.85673114983365e-05
14400.0,676,-2579.53247070312,-5.87998692935798e-05
14400.0,677,-2581.86279296875,-5.90361414651852e-05
14400.0,678,-2584.23193359375,-5.92765100009274e-05
14400.0,679,-2586.64086914062,-5.95203309785575e-05
14400.0,680,-2589.09008789062,-5.97693615418393e-05
14400.0,681,-2591.58032226562,-6.00223247602116e-05
14400.0,682,-2594.11206054688,-6.02792388235684e-05
14400.0,683,-2596.68627929688,-6.05401291977614e-05
14400.0,684,-2599.30346679688,-6.08054688200355e-05
14400.0,685,-2601.96459960938,-6.10764909652062e-05
14400.0,686,-2604.67016601562,-6.13503070781007e-05
14400.0,687,-2607.4208984375,-6.16296529187821e-05
14400.0,688,-2610.21752929688,-6.19131315033883e-05
14400.0,689,-2613.06127929688,-6.22020452283323e-05
14400.0,690,-2615.95239257812,-6.24953681835905e-05
14400.0,691,-2618.89184570312,-6.27929985057563e-05
14400.0,692,-2621.88037109375,-6.30968133918941e-05
14400.0,693,-2624.9189453125,-6.34048556094058e-05
14400.0,694,-2628.00854492188,-6.37189150438644e-05
14400.0,695,-2631.14965820312,-6.40373400528915e-05
14400.0,696,-2634.34326171875,-6.43610910628922e-05
14400.0,697,-2637.59033203125,-6.46902481094003e-05
14400.0,698,-2640.89184570312,-6.50261572445743e-05
14400.0,699,-2644.24853515625,-6.53662937111221e-05
14400.0,700,-2647.66137695312,-6.57124473946169e-05
14400.0,701,-2651.13110351562,-6.60653531667776e-05
14400.0,702,-2654.65893554688,-6.64221734041348e-05
14400.0,703,-2658.24584960938,-6.67862550471909e-05
14400.0,704,-2661.89282226562,-6.71568268444389e-05
14400.0,705,-2665.60083007812,-6.75331248203292e-05
14400.0,706,-2669.37060546875,-6.79149670759216e-05
14400.0,707,-2673.20361328125,-6.83043035678566e-05
14400.0,708,-2677.10083007812,-6.86993807903491e-05
14400.0,709,-2681.06298828125,-6.91014647600241e-05
14400.0,710,-2685.09155273438,-6.95101261953823e-05
14400.0,711,-2689.1875,-6.99259690009058e-05
14400.0,712,-2693.35205078125,-7.03489713487215e-05
14400.0,713,-2697.58618164062,-7.07776634953916e-05
14400.0,714,-2701.89111328125,-7.12146866135299e-05
14400.0,715,-2706.26806640625,-7.16596696292982e-05
14400.0,716,-2710.71826171875,-7.21100732334889e-05
14400.0,717,-2715.24267578125,-7.25696590961888e-05
14400.0,718,-2719.84301757812,-7.30366009520367e-05
14400.0,719,-2724.52026367188,-7.35107023501769e-05
14400.0,720,-2729.27563476562,-7.39935276214965e-05
14400.0,721,-2734.11059570312,-7.44842545827851e-05
14400.0,722,-2739.02661132812,-7.49826431274414e-05
14400.0,723,-2744.02465820312,-7.54893771954812e-05
14400.0,724,-2749.1064453125,-7.60058537707664e-05
14400.0,725,-2754.27294921875,-7.65291915740818e-05
14400.0,726,-2759.52612304688,-7.70623300923035e-05
14400.0,727,-2764.8671875,-7.76042361394502e-05
14400.0,728,-2770.29736328125,-7.8155477240216e-05
14400.0,729,-2775.81860351562,-7.87151511758566e-05
14400.0,730,-2781.43212890625,-7.92842838563956e-05
14400.0,731,-2787.13940429688,-7.98642795416526e-05
14400.0,732,-2792.9423828125,-8.04520459496416e-05
14400.0,733,-2798.84228515625,-8.10511992312968e-05
14400.0,734,-2804.8408203125,-8.16593601484783e-05
14400.0,735,-2810.93969726562,-8.22779184090905e-05
14400.0,736,-2817.14086914062,-8.29074488137849e-05
14400.0,737,-2823.4453125,-8.3546488895081e-05
14400.0,738,-2829.85546875,-8.41974033392034e-05
14400.0,739,-2836.37280273438,-8.4857594629284e-05
14400.0,740,-2842.99926757812,-8.55304024298675e-05
14400.0,741,-2849.73657226562,-8.6213847680483e-05
14400.0,742,-2856.58642578125,-8.69087598402984e-05
14400.0,743,-2863.55078125,-8.76149351825006e-05
14400.0,744,-2870.6318359375,-8.83334723766893e-05
14400.0,745,-2877.8310546875,-8.9063607447315e-05
14400.0,746,-2885.15087890625,-8.98057478480041e-05
14400.0,747,-2892.59326171875,-9.0561319666449e-05
14400.0,748,-2900.15991210938,-9.13282128749415e-05
14400.0,749,-2907.85327148438,-9.21096652746201e-05
14400.0,750,-2915.67529296875,-9.29019952309318e-05
14400.0,751,-2923.6279296875,-9.37086006160825e-05
14400.0,752,-2931.7138671875,-9.45287829381414e-05
14400.0,753,-2939.93505859375,-9.53624694375321e-05
14400.0,754,-2948.29345703125,-9.6210562332999e-05
14400.0,755,-2956.7919921875,-9.70727123785764e-05
14400.0,756,-2965.4326171875,-9.79490141617134e-05
14400.0,757,-2974.21752929688,-9.88396495813504e-05
14400.0,758,-2983.14965820312,-9.9745906481985e-05
14400.0,759,-2992.23095703125,-0.000100666584330611
14400.0,760,-3001.46435546875,-0.000101603349321522
14400.0,761,-3010.85229492188,-0.000102555561170448
14400.0,762,-3020.39697265625,-0.000103523234429304
14400.0,763,-3030.10131835938,-0.000104507205833215
14400.0,764,-3039.96826171875,-0.000105509396234993
14400.0,765,-3050.0,-0.000106524807051755
14400.0,766,-3060.03173828125,-0.000107541141915135
14400.0,767,-3069.89868164062,-0.000108542073576245
14400.0,768,-3079.60302734375,-0.000109526125015691
14400.0,769,-3089.14770507812,-0.000110494598629884
14400.0,770,-3098.53564453125,-0.000111446221126243
14400.0,771,-3107.76904296875,-0.000112383095256519
14400.0,772,-3116.85034179688,-0.000113303547550458
14400.0,773,-3125.78247070312,-0.000114209578896407
14400.0,774,-3134.5673828125,-0.000115100236143917
14400.0,775,-3143.2080078125,-0.000115975919470657
14400.0,776,-3151.70654296875,-0.000116838586109225
14400.0,777,-3160.06494140625,-0.00011768515832955
14400.0,778,-3168.2861328125,-0.00011851912131533
14400.0,779,-3176.3720703125,-0.000119339092634618
14400.0,780,-3184.32470703125,-0.000120144795801025
14400.0,781,-3192.14672851562,-0.000120938224426936
14400.0,782,-3199.84008789062,-0.000121718556329142
14400.0,783,-3207.40673828125,-0.000122485653264448
14400.0,784,-3214.84912109375,-0.00012324059207458
14400.0,785,-3222.1689453125,-0.00012398260878399
14400.0,786,-3229.3681640625,-0.000124712270917371
14400.0,787,-3236.44921875,-0.000125430553453043
14400.0,788,-3243.41357421875,-0.000126136321341619
14400.0,789,-3250.26342773438,-0.000126830913359299
14400.0,790,-3257.00073242188,-0.000127513965708204
14400.0,791,-3263.62719726562,-0.000128186424262822
14400.0,792,-3270.14453125,-0.000128846237203106
14400.0,793,-3276.5546875,-0.00012949678057339
14400.0,794,-3282.85913085938,-0.000130135420477018
14400.0,795,-3289.06030273438,-0.000130764572531916
14400.0,796,-3295.1591796875,-0.000131382737890817
14400.0,797,-3301.15771484375,-0.000131990513182245
14400.0,798,-3307.0576171875,-0.000132589266286232
14400.0,799,-3312.86059570312,-0.000133176625240594
14400.0,800,-3318.56787109375,-0.00013375622802414
14400.0,801,-3324.18139648438,-0.00013432496052701
14400.0,802,-3329.70263671875,-0.000134884219733067
14400.0,803,-3335.1328125,-0.000135435053380206
14400.0,804,-3340.47387695312,-0.000135976559249684
14400.0,805,-3345.72705078125,-0.000136509290314279
14400.0,806,-3350.8935546875,-0.000137032242491841
14400.0,807,-3355.97534179688,-0.000137548267957754
14400.0,808,-3360.97338867188,-0.000138054645503871
14400.0,809,-3365.88940429688,-0.000138552553835325
14400.0,810,-3370.72436523438,-0.000139043011586182
14400.0,811,-3375.47973632812,-0.000139525189297274
14400.0,812,-3380.15698242188,-0.000139999319799244
14400.0,813,-3384.75732421875,-0.000140465053846128
14400.0,814,-3389.28173828125,-0.00014092393394094
14400.0,815,-3393.73193359375,-0.00014137543621473
14400.0,816,-3398.10888671875,-0.000141818556585349
14400.0,817,-3402.41381835938,-0.000142255375976674
14400.0,818,-3406.64794921875,-0.000142684657475911
14400.0,819,-3410.8125,-0.000143106502946466
14400.0,820,-3414.90844726562,-0.000143522745929658
14400.0,821,-3418.93701171875,-0.000143929908517748
14400.0,822,-3422.89916992188,-0.000144331701449119
14400.0,823,-3426.79638671875,-0.000144727251608856
14400.0,824,-3430.62939453125,-0.000145115816849284
14400.0,825,-3434.39916992188,-0.000145497338962741
14400.0,826,-3438.10717773438,-0.00014587352052331
14400.0,827,-3441.75415039062,-0.000146243022754788
14400.0,828,-3445.34106445312,-0.000146606369526125
14400.0,829,-3448.86889648438,-0.000146964346640743
14400.0,830,-3452.33862304688,-0.000147315382491797
14400.0,831,-3455.75146484375,-0.000147661470691673
14400.0,832,-3459.10815429688,-0.000148002043715678
14400.0,833,-3462.40966796875,-0.000148337159771472
14400.0,834,-3465.65673828125,-0.000148666193126701
14400.0,835,-3468.85034179688,-0.000148989463923499
14400.0,836,-3471.99145507812,-0.000149307612446137
14400.0,837,-3475.0810546875,-0.000149621278978884
14400.0,838,-3478.11962890625,-0.000149928993778303
14400.0,839,-3481.10815429688,-0.000150232473970391
14400.0,840,-3484.04760742188,-0.000150529755046591
14400.0,841,-3486.93872070312,-0.000150822786963545
14400.0,842,-3489.78247070312,-0.000151111293234862
14400.0,843,-3492.5791015625,-0.000151394589920528
14400.0,844,-3495.32983398438,-0.000151673331856728
14400.0,845,-3498.03540039062,-0.000151947358972393
14400.0,846,-3500.69653320312,-0.000152217064169236
14400.0,847,-3503.31372070312,-0.000152482200064696
14400.0,848,-3505.88793945312,-0.000152743494254537
14400.0,849,-3508.41967773438,-0.000153000073623843
14400.0,850,-3510.90991210938,-0.000153252083691768
14400.0,851,-3513.35913085938,-0.000153500644955784
14400.0,852,-3515.76806640625,-0.000153745204443112
14400.0,853,-3518.13720703125,-0.000153984728967771
14400.0,854,-3520.46752929688,-0.000154221022967249
14400.0,855,-3522.75952148438,-0.000154453111463226
14400.0,856,-3525.01391601562,-0.000154682085849345
14400.0,857,-3527.23095703125,-0.000154906694660895
14400.0,858,-3529.41162109375,-0.000155127592734061
14400.0,859,-3531.55639648438,-0.000155344954691827
14400.0,860,-3533.666015625,-0.000155558242113329
14400.0,861,-3535.74096679688,-0.000155769099364989
14400.0,862,-3537.78149414062,-0.000155976216774434
14400.0,863,-3539.78857421875,-0.000156179798068479
14400.0,864,-3541.7626953125,-0.00015637933393009
14400.0,865,-3543.70434570312,-0.000156576410518028
14400.0,866,-3545.61401367188,-0.000156769820023328
14400.0,867,-3547.49243164062,-0.000156959606101736
14400.0,868,-3549.33984375,-0.000157147282152437
14400.0,869,-3551.15673828125,-0.000157331247464754
14400.0,870,-3552.94384765625,-0.000157512549776584
14400.0,871,-3554.70141601562,-0.000157690621563233
14400.0,872,-3556.43017578125,-0.000157866248628125
14400.0,873,-3558.13061523438,-0.000158038470544852
14400.0,874,-3559.80297851562,-0.000158207476488315
14400.0,875,-3561.44775390625,-0.000158374052261934
14400.0,876,-3563.06567382812,-0.000158538270625286
14400.0,877,-3564.65673828125,-0.000158699549501762
14400.0,878,-3566.2216796875,-0.000158857787027955
14400.0,879,-3567.76098632812,-0.000159014205564745
14400.0,880,-3569.27490234375,-0.000159168048412539
14400.0,881,-3570.76391601562,-0.00015931848611217
14400.0,882,-3572.228515625,-0.000159466871991754
14400.0,883,-3573.6689453125,-0.000159612754941918
14400.0,884,-3575.08569335938,-0.000159756251377985
14400.0,885,-3576.47900390625,-0.000159897797857411
14400.0,886,-3577.849609375,-0.000160036535817198
14400.0,887,-3579.19750976562,-0.000160172683536075
14400.0,888,-3580.52319335938,-0.000160306750331074
14400.0,889,-3581.8271484375,-0.00016043933283072
14400.0,890,-3583.10986328125,-0.000160568772116676
14400.0,891,-3584.37109375,-0.000160697134560905
14400.0,892,-3585.61181640625,-0.000160820840392262
14400.0,893,-3586.83203125,-0.000160947631229647
14400.0,894,-3588.0322265625,-0.000161060845130123
14400.0,895,-3589.21264648438,-0.000161197429406457
14400.0,896,-3590.37377929688,-0.000161275966092944
14400.0,897,-3591.515625,-0.000161477830260992
14400.0,898,-3592.638671875,-0.000161398289492354
14400.0,899,-3593.74340820312,-0.000161946212756447
14400.0,900,-3594.82983398438,-0.000161069925525226
14400.0,901,-3595.8984375,-0.000163445860380307
14400.0,902,-3596.94946289062,-0.000158346389071085
14400.0,903,-3597.98315429688,-0.000170592495123856
14400.0,904,-3599.0,-0.000142551798489876
28800.0,2,-3600.0,-0.000209744888707064
28800.0,3,-4100.0,-0.000638614990748465
28800.0,6,-2500.0,-5.07480144733563e-05
28800.0,35,-3601.0,-0.000365697138477117
28800.0,36,-3602.03662109375,-0.000317352154524997
28800.0,37,-3603.11108398438,-0.000334707961883396
28800.0,38,-3604.22485351562,-0.000328951777191833
28800.0,39,-3605.37939453125,-0.000332045659888536
28800.0,40,-3606.57592773438,-0.000331452960381284
28800.0,41,-3607.81640625,-0.000332528754370287
28800.0,42,-3609.10229492188,-0.000332839146722108
28800.0,43,-3610.43505859375,-0.000333553936798126
28800.0,44,-3611.81665039062,-0.000334096985170618
28800.0,45,-3613.24877929688,-0.00033476427779533
28800.0,46,-3614.7333984375,-0.000335400836775079
28800.0,47,-3616.27221679688,-0.00033609286765568
28800.0,48,-3617.8671875,-0.000336796074407175
28800.0,49,-3619.5205078125,-0.00033753429306671
28800.0,50,-3621.234375,-0.000338300247676671
28800.0,51,-3623.0107421875,-0.000339094636728987
28800.0,52,-3624.85229492188,-0.000339921825798228
28800.0,53,-3626.76098632812,-0.000340779806720093
28800.0,54,-3628.73974609375,-0.000341671635396779
28800.0,55,-3630.79052734375,-0.000342600396834314
28800.0,56,-3632.91650390625,-0.000343563355272636
28800.0,57,-3635.1201171875,-0.000344568921718746
28800.0,58,-3637.40454101562,-0.00034560973290354
28800.0,59,-3639.77221679688,-0.000346694607287645
28800.0,60,-3642.2265625,-0.00034782534930855
28800.0,61,-3644.77075195312,-0.000348996138200164
28800.0,62,-3647.40795898438,-0.000350215588696301
28800.0,63,-3650.1416015625,-0.000351486320141703
28800.0,64,-3652.97509765625,-0.000352806411683559
28800.0,65,-3655.91235351562,-0.000354177172994241
28800.0,66,-3658.95678710938,-0.000355608848622069
28800.0,67,-3662.11279296875,-0.000357099808752537
28800.0,68,-3665.38403320312,-0.000358649180270731
28800.0,69,-3668.77514648438,-0.000360262813046575
28800.0,70,-3672.2900390625,-0.000361943646566942
28800.0,71,-3675.93359375,-0.000363693106919527
28800.0,72,-3679.71020507812,-0.000365516520105302
28800.0,73,-3683.625,-0.000367419474059716
28800.0,74,-3687.68310546875,-0.000369399698683992
28800.0,75,-3691.88940429688,-0.000371465139323846
28800.0,76,-3696.24951171875,-0.000373616319848225
28800.0,77,-3700.76928710938,-0.000375861796783283
28800.0,78,-3705.4541015625,-0.000378205528249964
28800.0,79,-3710.31030273438,-0.000380647979909554
28800.0,80,-3715.34423828125,-0.000383197912015021
28800.0,81,-3720.56201171875,-0.000385858031222597
28800.0,82,-3725.970703125,-0.000388632906833664
28800.0,83,-3731.5771484375,-0.000391534413211048
28800.0,84,-3737.388671875,-0.000394568283809349
28800.0,85,-3743.41259765625,-0.00039773277239874
28800.0,86,-3749.65698242188,-0.000401042401790619
28800.0,87,-3756.12939453125,-0.000404503312893212
28800.0,88,-3762.8388671875,-0.000408117746701464
28800.0,89,-3769.79345703125,-0.000411905173677951
28800.0,90,-3777.00244140625,-0.000415867281844839
28800.0,91,-3784.47509765625,-0.000420012511312962
28800.0,92,-3792.220703125,-0.000424356549046934
28800.0,93,-3800.25,-0.000428905710577965
28800.0,94,-3808.57250976562,-0.000433676003012806
28800.0,95,-3817.19970703125,-0.000438668008428067
28800.0,96,-3826.14208984375,-0.000443920434918255
28800.0,97,-3835.41162109375,-0.000449411745648831
28800.0,98,-3845.02001953125,-0.000455221073934808
28800.0,99,-3854.97998046875,-0.000461195304524153
28800.0,100,-3864.58837890625,-0.000467160774860531
28800.0,101,-3873.85791015625,-0.000472937419544905
28800.0,102,-3882.80029296875,-0.000478601112263277
28800.0,103,-3891.42749023438,-0.000484123011119664
28800.0,104,-3899.75,-0.000489512691274285
28800.0,105,-3907.779296875,-0.000494767737109214
28800.0,106,-3915.52490234375,-0.000499891408253461
28800.0,107,-3922.99755859375,-0.000504884170368314
28800.0,108,-3930.20654296875,-0.000509744742885232
28800.0,109,-3937.1611328125,-0.000514484301675111
28800.0,110,-3943.87060546875,-0.00051909638568759
28800.0,111,-3950.34301757812,-0.000523584545589983
28800.0,112,-3956.58740234375,-0.000527952099218965
28800.0,113,-3962.611328125,-0.000532198813743889
28800.0,114,-3968.4228515625,-0.000536329229362309
28800.0,115,-3974.029296875,-0.000540345208719373
28800.0,116,-3979.43798828125,-0.000544248148798943
28800.0,117,-3984.65576171875,-0.000548036186955869
28800.0,118,-3989.68969726562,-0.000551719451323152
28800.0,119,-3994.5458984375,-0.000555296835955232
28800.0,120,-3999.23071289062,-0.000558767118491232
28800.0,121,-4003.75048828125,-0.000562137109227479
28800.0,122,-4008.11059570312,-0.000565410882700235
28800.0,123,-4012.31689453125,-0.000568581977859139
28800.0,124,-4016.375,-0.000571661395952106
28800.0,125,-4020.28979492188,-0.000574644596781582
28800.0,126,-4024.06640625,-0.000577537808567286
28800.0,127,-4027.7099609375,-0.000580347026698291
28800.0,128,-4031.22485351562,-0.000583065149839967
28800.0,129,-4034.61596679688,-0.000585700327064842
28800.0,130,-4037.88720703125,-0.000588255119509995
28800.0,131,-4041.04321289062,-0.000590728013776243
28800.0,132,-4044.08764648438,-0.000593126635067165
28800.0,133,-4047.02490234375,-0.000595447898376733
28800.0,134,-4049.8583984375,-0.000597693782765418
28800.0,135,-4052.59204101562,-0.000599874125327915
28800.0,136,-4055.22924804688,-0.000601979496423155
28800.0,137,-4057.7734375,-0.000604018510784954
28800.0,138,-4060.22778320312,-0.000605994020588696
28800.0,139,-4062.59545898438,-0.000607905501965433
28800.0,140,-4064.8798828125,-0.000609759415965527
28800.0,141,-4067.08349609375,-0.000611546100117266
28800.0,142,-4069.20947265625,-0.000613276788499206
28800.0,143,-4071.26025390625,-0.000614953285548836
28800.0,144,-4073.23901367188,-0.000616570294369012
28800.0,145,-4075.14770507812,-0.000618141843006015
28800.0,146,-4076.9892578125,-0.000619656755588949
28800.0,147,-4078.765625,-0.000621121260337532
28800.0,148,-4080.4794921875,-0.000622539431788027
28800.0,149,-4082.1328125,-0.000623904401436448
28800.0,150,-4083.72778320312,-0.000625228218268603
28800.0,151,-4085.2666015625,-0.000626514200121164
28800.0,152,-4086.75122070312,-0.000627751986030489
28800.0,153,-4088.18334960938,-0.000628944661002606
28800.0,154,-4089.56494140625,-0.000630102818831801
28800.0,155,-4090.89770507812,-0.000631222792435437
28800.0,156,-4092.18359375,-0.000632303243037313
28800.0,157,-4093.42407226562,-0.000633347663097084
28800.0,158,-4094.62060546875,-0.000634353433270007
28800.0,159,-4095.77514648438,-0.000635322474408895
28800.0,160,-4096.88916015625,-0.000636271957773715
28800.0,161,-4097.96337890625,-0.000637159100733697
28800.0,162,-4099.0,-0.000638089200947434
28800.0,626,-2501.0,-5.08207849634346e-05
28800.0,627,-2502.01684570312,-5.09369347128086e-05
28800.0,628,-2503.05053710938,-5.10360550833866e-05
28800.0,629,-2504.1015625,-5.11449725308921e-05
28800.0,630,-2505.17016601562,-5.12532096763607e-05
28800.0,631,-2506.25659179688,-5.13630038767587e-05
28800.0,632,-2507.361328125,-5.14750136062503e-05
28800.0,633,-2508.484375,-5.15893698320724e-05
28800.0,634,-2509.62622070312,-5.17052540089935e-05
28800.0,635,-2510.78735351562,-5.18231463502161e-05
28800.0,636,-2511.9677734375,-5.19428940606304e-05
28800.0,637,-2513.16796875,-5.20646499353461e-05
28800.0,638,-2514.38818359375,-5.21884030604269e-05
28800.0,639,-2515.62890625,-5.23143462487496e-05
28800.0,640,-2516.89013671875,-5.24422357557341e-05
28800.0,641,-2518.1728515625,-5.25728428328875e-05
28800.0,642,-2519.47680664062,-5.27047413925175e-05
28800.0,643,-2520.80249023438,-5.28392229171004e-05
28800.0,644,-2522.150390625,-5.29764911334496e-05
28800.0,645,-2523.52099609375,-5.31151017639786e-05
28800.0,646,-2524.91430664062,-5.32570702489465e-05
28800.0,647,-2526.3310546875,-5.34007194801234e-05
28800.0,648,-2527.771484375,-5.35468752786983e-05
28800.0,649,-2529.23608398438,-5.36954612471163e-05
28800.0,650,-2530.72509765625,-5.38461245014332e-05
28800.0,651,-2532.23901367188,-5.40001674380619e-05
28800.0,652,-2533.7783203125,-5.415680425358e-05
28800.0,653,-2535.34326171875,-5.43152564205229e-05
28800.0,654,-2536.93432617188,-5.44767535757273e-05
28800.0,655,-2538.55224609375,-5.46411938557867e-05
28800.0,656,-2540.19702148438,-5.48080024600495e-05
28800.0,657,-2541.86938476562,-5.49772157683037e-05
28800.0,658,-2543.56982421875,-5.51496996195056e-05
28800.0,659,-2545.29858398438,-5.53254940314218e-05
28800.0,660,-2547.05615234375,-5.55039187020157e-05
28800.0,661,-2548.84326171875,-5.56852210138459e-05
28800.0,662,-2550.66015625,-5.58699030079879e-05
28800.0,663,-2552.50756835938,-5.60568914806936e-05
28800.0,664,-2554.38598632812,-5.62469540454913e-05
28800.0,665,-2556.29565429688,-5.64414876862429e-05
28800.0,666,-2558.2373046875,-5.66384187550284e-05
28800.0,667,-2560.21142578125,-5.68383220524993e-05
28800.0,668,-2562.21850585938,-5.70422889722977e-05
28800.0,669,-2564.25903320312,-5.72492572246119e-05
28800.0,670,-2566.333984375,-5.74594378122129e-05
28800.0,671,-2568.44360351562,-5.76739221287426e-05
28800.0,672,-2570.58837890625,-5.78920189582277e-05
28800.0,673,-2572.76904296875,-5.81129352212884e-05
28800.0,674,-2574.98608398438,-5.83379878662527e-05
28800.0,675,-2577.24047851562,-5.85671077715233e-05
28800.0,676,-2579.53247070312,-5.87996655667666e-05
28800.0,677,-2581.86279296875,-5.9035937738372e-05
28800.0,678,-2584.23193359375,-5.92763062741142e-05
28800.0,679,-2586.64086914062,-5.95201272517443e-05
28800.0,680,-2589.09008789062,-5.97691578150261e-05
28800.0,681,-2591.58032226562,-6.00221210333984e-05
28800.0,682,-2594.11206054688,-6.02790350967553e-05
28800.0,683,-2596.68627929688,-6.05399254709482e-05
28800.0,684,-2599.30346679688,-6.08052650932223e-05
28800.0,685,-2601.96459960938,-6.1076287238393e-05
28800.0,686,-2604.67016601562,-6.13501033512875e-05
28800.0,687,-2607.4208984375,-6.16294491919689e-05
28800.0,688,-2610.21752929688,-6.19129277765751e-05
28800.0,689,-2613.06127929688,-6.22018415015191e-05
28800.0,690,-2615.95239257812,-6.24951644567773e-05
28800.0,691,-2618.89184570312,-6.27927947789431e-05
28800.0,692,-2621.88037109375,-6.30966096650809e-05
28800.0,693,-2624.9189453125,-6.34046518825926e-05
28800.0,694,-2628.00854492188,-6.37187113170512e-05
28800.0,695,-2631.14965820312,-6.40371363260783e-05
28800.0,696,-2634.34326171875,-6.4360887336079e-05
28800.0,697,-2637.59033203125,-6.46900443825871e-05
28800.0,698,-2640.89184570312,-6.50259535177611e-05
28800.0,699,-2644.24853515625,-6.53660899843089e-05
28800.0,700,-2647.66137695312,-6.57122436678037e-05
28800.0,701,-2651.13110351562,-6.60651494399644e-05
28800.0,702,-2654.65893554688,-6.64219696773216e-05
28800.0,703,-2658.24584960938,-6.67860513203777e-05
28800.0,704,-2661.89282226562,-6.71566231176257e-05
28800.0,705,-2665.60083007812,-6.75329210935161e-05
28800.0,706,-2669.37060546875,-6.79147633491084e-05
28800.0,707,-2673.20361328125,-6.83040998410434e-05
28800.0,708,-2677.10083007812,-6.86991770635359e-05
28800.0,709,-2681.06298828125,-6.91012610332109e-05
28800.0,710,-2685.09155273438,-6.95099224685691e-05
28800.0,711,-2689.1875,-6.99257652740926e-05
28800.0,712,-2693.35205078125,-7.03487676219083e-05
28800.0,713,-2697.58618164062,-7.07774597685784e-05
28800.0,714,-2701.89111328125,-7.12144828867167e-05
28800.0,715,-2706.26806640625,-7.1659465902485e-05
28800.0,716,-2710.71826171875,-7.21098695066758e-05
28800.0,717,-2715.24267578125,-7.25694553693756e-05
28800.0,718,-2719.84301757812,-7.30363972252235e-05
28800.0,719,-2724.52026367188,-7.35104913474061e-05
28800.0,720,-2729.27563476562,-7.39933238946833e-05
28800.0,721,-2734.11059570312,-7.44840508559719e-05
28800.0,722,-2739.02661132812,-7.49824394006282e-05
28800.0,723,-2744.02465820312,-7.5489173468668e-05
28800.0,724,-2749.1064453125,-7.60056427679956e-05
28800.0,725,-2754.27294921875,-7.6528980571311e-05
28800.0,726,-2759.52612304688,-7.70621263654903e-05
28800.0,727,-2764.8671875,-7.7604032412637e-05
28800.0,728,-2770.29736328125,-7.81552735134028e-05
28800.0,729,-2775.81860351562,-7.87149474490434e-05
28800.0,730,-2781.43212890625,-7.92840801295824e-05
28800.0,731,-2787.13940429688,-7.98640758148395e-05
28800.0,732,-2792.9423828125,-8.04518422228284e-05
28800.0,733,-2798.84228515625,-8.10509955044836e-05
28800.0,734,-2804.8408203125,-8.16591564216651e-05
28800.0,735,-2810.93969726562,-8.22777146822773e-05
28800.0,736,-2817.14086914062,-8.29072450869717e-05
28800.0,737,-2823.4453125,-8.35462851682678e-05
28800.0,738,-2829.85546875,-8.41971996123902e-05
28800.0,739,-2836.37280273438,-8.48573909024708e-05
28800.0,740,-2842.99926757812,-8.55301987030543e-05
28800.0,741,-2849.73657226562,-8.62136439536698e-05
28800.0,742,-2856.58642578125,-8.69085561134852e-05
28800.0,743,-2863.55078125,-8.76147314556874e-05
28800.0,744,-2870.6318359375,-8.83332686498761e-05
28800.0,745,-2877.8310546875,-8.90633964445442e-05
28800.0,746,-2885.15087890625,-8.98055441211909e-05
28800.0,747,-2892.59326171875,-9.05611159396358e-05
28800.0,748,-2900.15991210938,-9.13280091481283e-05
28800.0,749,-2907.85327148438,-9.21094615478069e-05
28800.0,750,-2915.67529296875,-9.29017915041186e-05
28800.0,751,-2923.6279296875,-9.37083968892694e-05
28800.0,752,-2931.7138671875,-9.45285792113282e-05
28800.0,753,-2939.93505859375,-9.53622657107189e-05
28800.0,754,-2948.29345703125,-9.62103586061858e-05
28800.0,755,-2956.7919921875,-9.70725086517632e-05
28800.0,756,-2965.4326171875,-9.79488104349002e-05
28800.0,757,-2974.21752929688,-9.88394458545372e-05
28800.0,758,-2983.14965820312,-9.97457027551718e-05
28800.0,759,-2992.23095703125,-0.000100666380603798
28800.0,760,-3001.46435546875,-0.000101603145594709
28800.0,761,-3010.85229492188,-0.000102555357443634
28800.0,762,-3020.39697265625,-0.00010352303070249
28800.0,763,-3030.10131835938,-0.000104507002106402
28800.0,764,-3039.96826171875,-0.00010550919250818
28800.0,765,-3050.0,-0.000106524603324942
28800.0,766,-3060.03173828125,-0.000107540938188322
28800.0,767,-3069.89868164062,-0.000108541869849432
28800.0,768,-3079.60302734375,-0.000109525921288878
28800.0,769,-3089.14770507812,-0.000110494394903071
28800.0,770,-3098.53564453125,-0.00011144601739943
28800.0,771,-3107.76904296875,-0.000112382891529705
28800.0,772,-3116.85034179688,-0.000113303343823645
28800.0,773,-3125.78247070312,-0.000114209375169594
28800.0,774,-3134.5673828125,-0.000115100032417104
28800.0,775,-3143.2080078125,-0.000115975715743843
28800.0,776,-3151.70654296875,-0.000116838382382412
28800.0,777,-3160.06494140625,-0.000117684954602737
28800.0,778,-3168.2861328125,-0.000118518917588517
28800.0,779,-3176.3720703125,-0.000119338888907805
28800.0,780,-3184.32470703125,-0.000120144592074212
28800.0,781,-3192.14672851562,-0.000120938020700123
28800.0,782,-3199.84008789062,-0.000121718352602329
28800.0,783,-3207.40673828125,-0.000122485449537635
28800.0,784,-3214.84912109375,-0.000123240388347767
28800.0,785,-3222.1689453125,-0.000123982405057177
28800.0,786,-3229.3681640625,-0.000124712067190558
28800.0,787,-3236.44921875,-0.00012543034972623
28800.0,788,-3243.41357421875,-0.000126136117614806
28800.0,789,-3250.26342773438,-0.000126830709632486
28800.0,790,-3257.00073242188,-0.00012751376198139
28800.0,791,-3263.62719726562,-0.000128186220536008
28800.0,792,-3270.14453125,-0.000128846033476293
28800.0,793,-3276.5546875,-0.000129496576846577
28800.0,794,-3282.85913085938,-0.000130135216750205
28800.0,795,-3289.06030273438,-0.000130764368805103
28800.0,796,-3295.1591796875,-0.000131382534164004
28800.0,797,-3301.15771484375,-0.000131990309455432
28800.0,798,-3307.0576171875,-0.000132589062559418
28800.0,799,-3312.86059570312,-0.000133176421513781
28800.0,800,-3318.56787109375,-0.000133756024297327
28800.0,801,-3324.18139648438,-0.000134324756800197
28800.0,802,-3329.70263671875,-0.000134884016006254
28800.0,803,-3335.1328125,-0.000135434849653393
28800.0,804,-3340.47387695312,-0.000135976355522871
28800.0,805,-3345.72705078125,-0.000136509086587466
28800.0,806,-3350.8935546875,-0.000137032038765028
28800.0,807,-3355.97534179688,-0.000137548064230941
28800.0,808,-3360.97338867188,-0.000138054441777058
28800.0,809,-3365.88940429688,-0.000138552350108512
28800.0,810,-3370.72436523438,-0.000139042807859369
28800.0,811,-3375.47973632812,-0.000139524985570461
28800.0,812,-3380.15698242188,-0.000139999116072431
28800.0,813,-3384.75732421875,-0.000140464850119315
28800.0,814,-3389.28173828125,-0.000140923730214126
28800.0,815,-3393.73193359375,-0.000141375232487917
28800.0,816,-3398.10888671875,-0.000141818352858536
28800.0,817,-3402.41381835938,-0.000142255172249861
28800.0,818,-3406.64794921875,-0.000142684453749098
28800.0,819,-3410.8125,-0.000143106299219653
28800.0,820,-3414.90844726562,-0.000143522542202845
28800.0,821,-3418.93701171875,-0.000143929704790935
28800.0,822,-3422.89916992188,-0.000144331497722305
28800.0,823,-3426.79638671875,-0.000144727047882043
28800.0,824,-3430.62939453125,-0.000145115613122471
28800.0,825,-3434.39916992188,-0.000145497135235928
28800.0,826,-3438.10717773438,-0.000145873316796497
28800.0,827,-3441.75415039062,-0.000146242819027975
28800.0,828,-3445.34106445312,-0.000146606165799312
28800.0,829,-3448.86889648438,-0.00014696414291393
28800.0,830,-3452.33862304688,-0.000147315178764984
28800.0,831,-3455.75146484375,-0.00014766126696486
28800.0,832,-3459.10815429688,-0.000148001839988865
28800.0,833,-3462.40966796875,-0.000148336956044659
28800.0,834,-3465.65673828125,-0.000148665989399888
28800.0,835,-3468.85034179688,-0.000148989260196686
28800.0,836,-3471.99145507812,-0.000149307408719324
28800.0,837,-3475.0810546875,-0.000149621075252071
28800.0,838,-3478.11962890625,-0.00014992879005149
28800.0,839,-3481.10815429688,-0.000150232270243578
28800.0,840,-3484.04760742188,-0.000150529551319778
28800.0,841,-3486.93872070312,-0.000150822583236732
28800.0,842,-3489.78247070312,-0.000151111089508049
28800.0,843,-3492.5791015625,-0.000151394386193715
28800.0,844,-3495.32983398438,-0.000151673128129914
28800.0,845,-3498.03540039062,-0.00015194715524558
28800.0,846,-3500.69653320312,-0.000152216860442422
28800.0,847,-3503.31372070312,-0.000152481996337883
28800.0,848,-3505.88793945312,-0.000152743290527724
28800.0,849,-3508.41967773438,-0.00015299986989703
28800.0,850,-3510.90991210938,-0.000153251879964955
28800.0,851,-3513.35913085938,-0.000153500441228971
28800.0,852,-3515.76806640625,-0.000153745000716299
28800.0,853,-3518.13720703125,-0.000153984525240958
28800.0,854,-3520.46752929688,-0.000154220819240436
28800.0,855,-3522.75952148438,-0.000154452907736413
28800.0,856,-3525.01391601562,-0.000154681882122532
28800.0,857,-3527.23095703125,-0.000154906490934081
28800.0,858,-3529.41162109375,-0.000155127389007248
28800.0,859,-3531.55639648438,-0.000155344750965014
28800.0,860,-3533.666015625,-0.000155558038386516
28800.0,861,-3535.74096679688,-0.000155768895638175
28800.0,862,-3537.78149414062,-0.000155976013047621
28800.0,863,-3539.78857421875,-0.000156179594341666
28800.0,864,-3541.7626953125,-0.000156379130203277
28800.0,865,-3543.70434570312,-0.000156576206791215
28800.0,866,-3545.61401367188,-0.000156769616296515
28800.0,867,-3547.49243164062,-0.000156959402374923
28800.0,868,-3549.33984375,-0.000157147078425623
28800.0,869,-3551.15673828125,-0.00015733104373794
28800.0,870,-3552.94384765625,-0.000157512346049771
28800.0,871,-3554.70141601562,-0.00015769041783642
28800.0,872,-3556.43017578125,-0.000157866044901311
28800.0,873,-3558.13061523438,-0.000158038266818039
28800.0,874,-3559.80297851562,-0.000158207272761501
28800.0,875,-3561.44775390625,-0.00015837384853512
28800.0,876,-3563.06567382812,-0.000158538066898473
28800.0,877,-3564.65673828125,-0.000158699345774949
28800.0,878,-3566.2216796875,-0.000158857583301142
28800.0,879,-3567.76098632812,-0.000159014001837932
28800.0,880,-3569.27490234375,-0.000159167830133811
28800.0,881,-3570.76391601562,-0.000159318282385357
28800.0,882,-3572.228515625,-0.000159466653713025
28800.0,883,-3573.6689453125,-0.000159612551215105
28800.0,884,-3575.08569335938,-0.000159756047651172
28800.0,885,-3576.47900390625,-0.000159897594130598
28800.0,886,-3577.849609375,-0.00016003631753847
28800.0,887,-3579.19750976562,-0.000160172465257347
28800.0,888,-3580.52319335938,-0.000160306546604261
28800.0,889,-3581.8271484375,-0.000160439114551991
28800.0,890,-3583.10986328125,-0.000160568553837948
28800.0,891,-3584.37109375,-0.000160696930834092
28800.0,892,-3585.61181640625,-0.000160820593009703
28800.0,893,-3586.83203125,-0.000160947442054749
28800.0,894,-3588.0322265625,-0.000161060539539903
28800.0,895,-3589.21264648438,-0.000161197371198796
28800.0,896,-3590.37377929688,-0.000161275354912505
28800.0,897,-3591.515625,-0.000161478470545262
28800.0,898,-3592.638671875,-0.000161396194016561
28800.0,899,-3593.74340820312,-0.000161950360052288
28800.0,900,-3594.82983398438,-0.000161060146638192
28800.0,901,-3595.8984375,-0.000163468284881674
28800.0,902,-3596.94946289062,-0.000158295471919701
28800.0,903,-3597.98315429688,-0.000170713654370047
28800.0,904,-3599.0,-0.000142275996040553
57600.0,2,-3600.0,-0.000210955229704268
57600.0,3,-4100.0,-0.000657090800814331
57600.0,6,-2500.0,-5.07476470374968e-05
57600.0,35,-3601.0,-0.000373818766092882
57600.0,36,-3602.03662109375,-0.000323597603710368
57600.0,37,-3603.11108398438,-0.000341625447617844
57600.0,38,-3604.22485351562,-0.000335617456585169
57600.0,39,-3605.37939453125,-0.000338864309014753
57600.0,40,-3606.57592773438,-0.000338219804689288
57600.0,41,-3607.81640625,-0.000339354010066018
57600.0,42,-3609.10229492188,-0.000339662306942046
57600.0,43,-3610.43505859375,-0.000340409897034988
57600.0,44,-3611.81665039062,-0.000340967060765252
57600.0,45,-3613.24877929688,-0.000341660343110561
57600.0,46,-3614.7333984375,-0.000342317332979292
57600.0,47,-3616.27221679688,-0.000343034364050254
57600.0,48,-3617.8671875,-0.000343761435942724
57600.0,49,-3619.5205078125,-0.000344525673426688
57600.0,50,-3621.234375,-0.000345318054314703
57600.0,51,-3623.0107421875,-0.000346140237525105
57600.0,52,-3624.85229492188,-0.000346996122971177
57600.0,53,-3626.76098632812,-0.000347884080838412
57600.0,54,-3628.73974609375,-0.000348807021509856
57600.0,55,-3630.79052734375,-0.00034976817551069
57600.0,56,-3632.91650390625,-0.00035076477797702
57600.0,57,-3635.1201171875,-0.000351805501850322
57600.0,58,-3637.40454101562,-0.000352882751030847
57600.0,59,-3639.77221679688,-0.000354005605913699
57600.0,60,-3642.2265625,-0.000355176016455516
57600.0,61,-3644.77075195312,-0.000356387899955735
57600.0,62,-3647.40795898438,-0.000357650162186474
57600.0,63,-3650.1416015625,-0.000358965538907796
57600.0,64,-3652.97509765625,-0.000360332138370723
57600.0,65,-3655.91235351562,-0.000361751182936132
57600.0,66,-3658.95678710938,-0.000363233324605972
57600.0,67,-3662.11279296875,-0.000364776933565736
57600.0,68,-3665.38403320312,-0.00036638107849285
57600.0,69,-3668.77514648438,-0.000368051812984049
57600.0,70,-3672.2900390625,-0.000369792222045362
57600.0,71,-3675.93359375,-0.000371603760868311
57600.0,72,-3679.71020507812,-0.000373491988284513
57600.0,73,-3683.625,-0.000375462637748569
57600.0,74,-3687.68310546875,-0.000377513410057873
57600.0,75,-3691.88940429688,-0.000379652541596442
57600.0,76,-3696.24951171875,-0.000381880643544719
57600.0,77,-3700.76928710938,-0.000384206447051838
57600.0,78,-3705.4541015625,-0.000386634230380878
57600.0,79,-3710.31030273438,-0.000389164400985464
57600.0,80,-3715.34423828125,-0.0003918060392607
57600.0,81,-3720.56201171875,-0.00039456196827814
57600.0,82,-3725.970703125,-0.000397437048377469
57600.0,83,-3731.5771484375,-0.00040044350316748
57600.0,84,-3737.388671875,-0.000403587269829586
57600.0,85,-3743.41259765625,-0.00040686663123779
57600.0,86,-3749.65698242188,-0.000410296663176268
57600.0,87,-3756.12939453125,-0.000413883739383891
57600.0,88,-3762.8388671875,-0.000417630246374756
57600.0,89,-3769.79345703125,-0.000421556323999539
57600.0,90,-3777.00244140625,-0.000425663834903389
57600.0,91,-3784.47509765625,-0.000429961597546935
57600.0,92,-3792.220703125,-0.000434465851867571
57600.0,93,-3800.25,-0.000439183291746303
57600.0,94,-3808.57250976562,-0.000444130477262661
57600.0,95,-3817.19970703125,-0.000449308194220066
57600.0,96,-3826.14208984375,-0.000454756576800719
57600.0,97,-3835.41162109375,-0.000460453535197303
57600.0,98,-3845.02001953125,-0.000466481054900214
57600.0,99,-3854.97998046875,-0.000472680112579837
57600.0,100,-3864.58837890625,-0.000478871224913746
57600.0,101,-3873.85791015625,-0.000484867225168273
57600.0,102,-3882.80029296875,-0.000490746577270329
57600.0,103,-3891.42749023438,-0.000496479508001357
57600.0,104,-3899.75,-0.000502075767144561
57600.0,105,-3907.779296875,-0.000507532735355198
57600.0,106,-3915.52490234375,-0.000512853846885264
57600.0,107,-3922.99755859375,-0.000518039567396045
57600.0,108,-3930.20654296875,-0.000523088441696018
57600.0,109,-3937.1611328125,-0.000528011994902045
57600.0,110,-3943.87060546875,-0.000532803533133119
57600.0,111,-3950.34301757812,-0.00053746672347188
57600.0,112,-3956.58740234375,-0.000542004883754998
57600.0,113,-3962.611328125,-0.000546417839359492
57600.0,114,-3968.4228515625,-0.000550710130482912
57600.0,115,-3974.029296875,-0.000554883969016373
57600.0,116,-3979.43798828125,-0.000558940402697772
57600.0,117,-3984.65576171875,-0.000562877685297281
57600.0,118,-3989.68969726562,-0.000566706352401525
57600.0,119,-3994.5458984375,-0.000570425065234303
57600.0,120,-3999.23071289062,-0.000574032717850059
57600.0,121,-4003.75048828125,-0.000577536236960441
57600.0,122,-4008.11059570312,-0.000580939929932356
57600.0,123,-4012.31689453125,-0.000584237044677138
57600.0,124,-4016.375,-0.000587438989896327
57600.0,125,-4020.28979492188,-0.000590540992561728
57600.0,126,-4024.06640625,-0.000593549571931362
57600.0,127,-4027.7099609375,-0.000596470956224948
57600.0,128,-4031.22485351562,-0.000599297694861889
57600.0,129,-4034.61596679688,-0.000602038286160678
57600.0,130,-4037.88720703125,-0.000604695349466056
57600.0,131,-4041.04321289062,-0.0006072674295865
57600.0,132,-4044.08764648438,-0.000609762209933251
57600.0,133,-4047.02490234375,-0.000612176780123264
57600.0,134,-4049.8583984375,-0.000614512944594026
57600.0,135,-4052.59204101562,-0.000616781006101519
57600.0,136,-4055.22924804688,-0.000618971127551049
57600.0,137,-4057.7734375,-0.000621092331130058
57600.0,138,-4060.22778320312,-0.000623147585429251
57600.0,139,-4062.59545898438,-0.000625136191956699
57600.0,140,-4064.8798828125,-0.000627065019216388
57600.0,141,-4067.08349609375,-0.000628923939075321
57600.0,142,-4069.20947265625,-0.00063072465127334
57600.0,143,-4071.26025390625,-0.000632469018455595
57600.0,144,-4073.23901367188,-0.00063415162730962
57600.0,145,-4075.14770507812,-0.000635786796920002
57600.0,146,-4076.9892578125,-0.000637363235000521
57600.0,147,-4078.765625,-0.000638887169770896
57600.0,148,-4080.4794921875,-0.000640362850390375
57600.0,149,-4082.1328125,-0.000641783350147307
57600.0,150,-4083.72778320312,-0.000643161009065807
57600.0,151,-4085.2666015625,-0.000644499319605529
57600.0,152,-4086.75122070312,-0.000645787513349205
57600.0,153,-4088.18334960938,-0.000647028791718185
57600.0,154,-4089.56494140625,-0.000648234155960381
57600.0,155,-4090.89770507812,-0.000649399764370173
57600.0,156,-4092.18359375,-0.000650524336379021
57600.0,157,-4093.42407226562,-0.000651611306238919
57600.0,158,-4094.62060546875,-0.000652658171020448
57600.0,159,-4095.77514648438,-0.000653666735161096
57600.0,160,-4096.88916015625,-0.000654654868412763
57600.0,161,-4097.96337890625,-0.000655578449368477
57600.0,162,-4099.0,-0.000656545162200928
57600.0,626,-2501.0,-5.08204138895962e-05
57600.0,627,-2502.01684570312,-5.09365636389703e-05
57600.0,628,-2503.05053710938,-5.10356876475271e-05
57600.0,629,-2504.1015625,-5.11446050950326e-05
57600.0,630,-2505.17016601562,-5.12528386025224e-05
57600.0,631,-2506.25659179688,-5.13626328029204e-05
57600.0,632,-2507.361328125,-5.14746461703908e-05
57600.0,633,-2508.484375,-5.15889987582341e-05
57600.0,634,-2509.62622070312,-5.1704886573134e-05
57600.0,635,-2510.78735351562,-5.18227789143566e-05
57600.0,636,-2511.9677734375,-5.1942522986792e-05
57600.0,637,-2513.16796875,-5.20642788615078e-05
57600.0,638,-2514.38818359375,-5.21880319865886e-05
57600.0,639,-2515.62890625,-5.23139788128901e-05
57600.0,640,-2516.89013671875,-5.24418646818958e-05
57600.0,641,-2518.1728515625,-5.2572475397028e-05
57600.0,642,-2519.47680664062,-5.27043703186791e-05
57600.0,643,-2520.80249023438,-5.28388518432621e-05
57600.0,644,-2522.150390625,-5.29761200596113e-05
57600.0,645,-2523.52099609375,-5.31147306901403e-05
57600.0,646,-2524.91430664062,-5.3256702813087e-05
57600.0,647,-2526.3310546875,-5.34003520442639e-05
57600.0,648,-2527.771484375,-5.354650420486e-05
57600.0,649,-2529.23608398438,-5.3695090173278e-05
57600.0,650,-2530.72509765625,-5.38457534275949e-05
57600.0,651,-2532.23901367188,-5.39997963642236e-05
57600.0,652,-2533.7783203125,-5.41564368177205e-05
57600.0,653,-2535.34326171875,-5.43148853466846e-05
57600.0,654,-2536.93432617188,-5.44763861398678e-05
57600.0,655,-2538.55224609375,-5.46408264199272e-05
57600.0,656,-2540.19702148438,-5.48076313862111e-05
57600.0,657,-2541.86938476562,-5.49768483324442e-05
57600.0,658,-2543.56982421875,-5.5149332183646e-05
57600.0,659,-2545.29858398438,-5.53251229575835e-05
57600.0,660,-2547.05615234375,-5.55035476281773e-05
57600.0,661,-2548.84326171875,-5.56848535779864e-05
57600.0,662,-2550.66015625,-5.58695319341496e-05
57600.0,663,-2552.50756835938,-5.60565204068553e-05
57600.0,664,-2554.38598632812,-5.62465866096318e-05
57600.0,665,-2556.29565429688,-5.64411202503834e-05
57600.0,666,-2558.2373046875,-5.66380476811901e-05
57600.0,667,-2560.21142578125,-5.68379546166398e-05
57600.0,668,-2562.21850585938,-5.70419178984594e-05
57600.0,669,-2564.25903320312,-5.72488861507736e-05
57600.0,670,-2566.333984375,-5.74590667383745e-05
57600.0,671,-2568.44360351562,-5.7673554692883e-05
57600.0,672,-2570.58837890625,-5.78916478843894e-05
57600.0,673,-2572.76904296875,-5.81125677854288e-05
57600.0,674,-2574.98608398438,-5.83376167924143e-05
57600.0,675,-2577.24047851562,-5.85667403356638e-05
57600.0,676,-2579.53247070312,-5.87992944929283e-05
57600.0,677,-2581.86279296875,-5.90355703025125e-05
57600.0,678,-2584.23193359375,-5.92759388382547e-05
57600.0,679,-2586.64086914062,-5.95197598158848e-05
57600.0,680,-2589.09008789062,-5.97687903791666e-05
57600.0,681,-2591.58032226562,-6.00217535975389e-05
57600.0,682,-2594.11206054688,-6.02786676608957e-05
57600.0,683,-2596.68627929688,-6.05395543971099e-05
57600.0,684,-2599.30346679688,-6.08048940193839e-05
57600.0,685,-2601.96459960938,-6.10759161645547e-05
57600.0,686,-2604.67016601562,-6.13497322774492e-05
57600.0,687,-2607.4208984375,-6.16290781181306e-05
57600.0,688,-2610.21752929688,-6.19125567027368e-05
57600.0,689,-2613.06127929688,-6.22014704276808e-05
57600.0,690,-2615.95239257812,-6.2494793382939e-05
57600.0,691,-2618.89184570312,-6.27924237051047e-05
57600.0,692,-2621.88037109375,-6.30962458672002e-05
57600.0,693,-2624.9189453125,-6.34042808087543e-05
57600.0,694,-2628.00854492188,-6.37183402432129e-05
57600.0,695,-2631.14965820312,-6.40367725281976e-05
57600.0,696,-2634.34326171875,-6.43605162622407e-05
57600.0,697,-2637.59033203125,-6.46896733087488e-05
57600.0,698,-2640.89184570312,-6.50255824439228e-05
57600.0,699,-2644.24853515625,-6.53657189104706e-05
57600.0,700,-2647.66137695312,-6.57118725939654e-05
57600.0,701,-2651.13110351562,-6.60647783661261e-05
57600.0,702,-2654.65893554688,-6.64216058794409e-05
57600.0,703,-2658.24584960938,-6.67856802465394e-05
57600.0,704,-2661.89282226562,-6.71562520437874e-05
57600.0,705,-2665.60083007812,-6.75325500196777e-05
57600.0,706,-2669.37060546875,-6.79143922752701e-05
57600.0,707,-2673.20361328125,-6.8303728767205e-05
57600.0,708,-2677.10083007812,-6.86988132656552e-05
57600.0,709,-2681.06298828125,-6.91008899593726e-05
57600.0,710,-2685.09155273438,-6.95095586706884e-05
57600.0,711,-2689.1875,-6.99254014762118e-05
57600.0,712,-2693.35205078125,-7.03484038240276e-05
57600.0,713,-2697.58618164062,-7.07770886947401e-05
57600.0,714,-2701.89111328125,-7.12141118128784e-05
57600.0,715,-2706.26806640625,-7.16590948286466e-05
57600.0,716,-2710.71826171875,-7.21094984328374e-05
57600.0,717,-2715.24267578125,-7.25690842955373e-05
57600.0,718,-2719.84301757812,-7.30360261513852e-05
57600.0,719,-2724.52026367188,-7.35101275495254e-05
57600.0,720,-2729.27563476562,-7.39929528208449e-05
57600.0,721,-2734.11059570312,-7.44836797821335e-05
57600.0,722,-2739.02661132812,-7.49820683267899e-05
57600.0,723,-2744.02465820312,-7.54888096707873e-05
57600.0,724,-2749.1064453125,-7.60052789701149e-05
57600.0,725,-2754.27294921875,-7.65286167734303e-05
57600.0,726,-2759.52612304688,-7.70617625676095e-05
57600.0,727,-2764.8671875,-7.76036613387987e-05
57600.0,728,-2770.29736328125,-7.81549024395645e-05
57600.0,729,-2775.81860351562,-7.87145763752051e-05
57600.0,730,-2781.43212890625,-7.92837090557441e-05
57600.0,731,-2787.13940429688,-7.98637120169587e-05
57600.0,732,-2792.9423828125,-8.04514711489901e-05
57600.0,733,-2798.84228515625,-8.10506244306453e-05
57600.0,734,-2804.8408203125,-8.16587853478268e-05
57600.0,735,-2810.93969726562,-8.2277343608439e-05
57600.0,736,-2817.14086914062,-8.29068740131333e-05
57600.0,737,-2823.4453125,-8.35459140944295e-05
57600.0,738,-2829.85546875,-8.41968285385519e-05
57600.0,739,-2836.37280273438,-8.48570198286325e-05
57600.0,740,-2842.99926757812,-8.5529827629216e-05
57600.0,741,-2849.73657226562,-8.62132728798315e-05
57600.0,742,-2856.58642578125,-8.69081850396469e-05
57600.0,743,-2863.55078125,-8.76143676578067e-05
57600.0,744,-2870.6318359375,-8.83328975760378e-05
57600.0,745,-2877.8310546875,-8.90630326466635e-05
57600.0,746,-2885.15087890625,-8.98051730473526e-05
57600.0,747,-2892.59326171875,-9.05607448657975e-05
57600.0,748,-2900.15991210938,-9.132763807429e-05
57600.0,749,-2907.85327148438,-9.21090904739685e-05
57600.0,750,-2915.67529296875,-9.29014204302803e-05
57600.0,751,-2923.6279296875,-9.3708025815431e-05
57600.0,752,-2931.7138671875,-9.45282081374899e-05
57600.0,753,-2939.93505859375,-9.53618946368806e-05
57600.0,754,-2948.29345703125,-9.62099875323474e-05
57600.0,755,-2956.7919921875,-9.70721448538825e-05
57600.0,756,-2965.4326171875,-9.79484393610619e-05
57600.0,757,-2974.21752929688,-9.88390820566565e-05
57600.0,758,-2983.14965820312,-9.97453316813335e-05
57600.0,759,-2992.23095703125,-0.000100666009529959
57600.0,760,-3001.46435546875,-0.000101602781796828
57600.0,761,-3010.85229492188,-0.000102554986369796
57600.0,762,-3020.39697265625,-0.00010352266690461
57600.0,763,-3030.10131835938,-0.000104506631032564
57600.0,764,-3039.96826171875,-0.000105508828710299
57600.0,765,-3050.0,-0.000106524232251104
57600.0,766,-3060.03173828125,-0.000107540574390441
57600.0,767,-3069.89868164062,-0.000108541498775594
57600.0,768,-3079.60302734375,-0.000109525550215039
57600.0,769,-3089.14770507812,-0.000110494031105191
57600.0,770,-3098.53564453125,-0.000111445646325592
57600.0,771,-3107.76904296875,-0.000112382527731825
57600.0,772,-3116.85034179688,-0.000113302972749807
57600.0,773,-3125.78247070312,-0.000114209004095756
57600.0,774,-3134.5673828125,-0.000115099661343265
57600.0,775,-3143.2080078125,-0.000115975344670005
57600.0,776,-3151.70654296875,-0.000116838011308573
57600.0,777,-3160.06494140625,-0.000117684583528899
57600.0,778,-3168.2861328125,-0.000118518546514679
57600.0,779,-3176.3720703125,-0.000119338525109924
57600.0,780,-3184.32470703125,-0.000120144228276331
57600.0,781,-3192.14672851562,-0.000120937649626285
57600.0,782,-3199.84008789062,-0.000121717988804448
57600.0,783,-3207.40673828125,-0.000122485071187839
57600.0,784,-3214.84912109375,-0.000123240009997971
57600.0,785,-3222.1689453125,-0.000123982026707381
57600.0,786,-3229.3681640625,-0.000124711703392677
57600.0,787,-3236.44921875,-0.000125429971376434
57600.0,788,-3243.41357421875,-0.000126135753816925
57600.0,789,-3250.26342773438,-0.000126830345834605
57600.0,790,-3257.00073242188,-0.00012751339818351
57600.0,791,-3263.62719726562,-0.000128185856738128
57600.0,792,-3270.14453125,-0.000128845655126497
57600.0,793,-3276.5546875,-0.000129496198496781
57600.0,794,-3282.85913085938,-0.000130134852952324
57600.0,795,-3289.06030273438,-0.000130764005007222
57600.0,796,-3295.1591796875,-0.000131382170366123
57600.0,797,-3301.15771484375,-0.000131989945657551
57600.0,798,-3307.0576171875,-0.000132588698761538
57600.0,799,-3312.86059570312,-0.0001331760577159
57600.0,800,-3318.56787109375,-0.000133755645947531
57600.0,801,-3324.18139648438,-0.000134324378450401
57600.0,802,-3329.70263671875,-0.000134883652208373
57600.0,803,-3335.1328125,-0.000135434485855512
57600.0,804,-3340.47387695312,-0.00013597599172499
57600.0,805,-3345.72705078125,-0.000136508722789586
57600.0,806,-3350.8935546875,-0.000137031660415232
57600.0,807,-3355.97534179688,-0.000137547700433061
57600.0,808,-3360.97338867188,-0.000138054077979177
57600.0,809,-3365.88940429688,-0.000138551971758716
57600.0,810,-3370.72436523438,-0.000139042429509573
57600.0,811,-3375.47973632812,-0.000139524607220665
57600.0,812,-3380.15698242188,-0.000139998737722635
57600.0,813,-3384.75732421875,-0.000140464486321434
57600.0,814,-3389.28173828125,-0.000140923366416246
57600.0,815,-3393.73193359375,-0.000141374854138121
57600.0,816,-3398.10888671875,-0.000141817989060655
57600.0,817,-3402.41381835938,-0.00014225480845198
57600.0,818,-3406.64794921875,-0.000142684075399302
57600.0,819,-3410.8125,-0.000143105935421772
57600.0,820,-3414.90844726562,-0.000143522178404965
57600.0,821,-3418.93701171875,-0.000143929326441139
57600.0,822,-3422.89916992188,-0.000144331133924425
57600.0,823,-3426.79638671875,-0.000144726684084162
57600.0,824,-3430.62939453125,-0.00014511524932459
57600.0,825,-3434.39916992188,-0.000145496771438047
57600.0,826,-3438.10717773438,-0.000145872952998616
57600.0,827,-3441.75415039062,-0.000146242455230094
57600.0,828,-3445.34106445312,-0.000146605802001432
57600.0,829,-3448.86889648438,-0.000146963779116049
57600.0,830,-3452.33862304688,-0.000147314814967103
57600.0,831,-3455.75146484375,-0.000147660888615064
57600.0,832,-3459.10815429688,-0.000148001476190984
57600.0,833,-3462.40966796875,-0.000148336577694863
57600.0,834,-3465.65673828125,-0.000148665625602007
57600.0,835,-3468.85034179688,-0.00014898888184689
57600.0,836,-3471.99145507812,-0.000149307030369528
57600.0,837,-3475.0810546875,-0.00014962071145419
57600.0,838,-3478.11962890625,-0.000149928426253609
57600.0,839,-3481.10815429688,-0.000150231906445697
57600.0,840,-3484.04760742188,-0.000150529187521897
57600.0,841,-3486.93872070312,-0.000150822219438851
57600.0,842,-3489.78247070312,-0.000151110711158253
57600.0,843,-3492.5791015625,-0.000151394022395834
57600.0,844,-3495.32983398438,-0.000151672764332034
57600.0,845,-3498.03540039062,-0.000151946791447699
57600.0,846,-3500.69653320312,-0.000152216496644542
57600.0,847,-3503.31372070312,-0.000152481632540002
57600.0,848,-3505.88793945312,-0.000152742912177928
57600.0,849,-3508.41967773438,-0.00015299950609915
57600.0,850,-3510.90991210938,-0.000153251516167074
57600.0,851,-3513.35913085938,-0.00015350007743109
57600.0,852,-3515.76806640625,-0.000153744636918418
57600.0,853,-3518.13720703125,-0.000153984161443077
57600.0,854,-3520.46752929688,-0.00015422044089064
57600.0,855,-3522.75952148438,-0.000154452529386617
57600.0,856,-3525.01391601562,-0.000154681518324651
57600.0,857,-3527.23095703125,-0.000154906127136201
57600.0,858,-3529.41162109375,-0.000155127010657452
57600.0,859,-3531.55639648438,-0.000155344387167133
57600.0,860,-3533.666015625,-0.000155557674588636
57600.0,861,-3535.74096679688,-0.000155768531840295
57600.0,862,-3537.78149414062,-0.000155975634697825
57600.0,863,-3539.78857421875,-0.00015617921599187
57600.0,864,-3541.7626953125,-0.000156378766405396
57600.0,865,-3543.70434570312,-0.000156575828441419
57600.0,866,-3545.61401367188,-0.000156769237946719
57600.0,867,-3547.49243164062,-0.000156959038577043
57600.0,868,-3549.33984375,-0.000157146714627743
57600.0,869,-3551.15673828125,-0.00015733067994006
57600.0,870,-3552.94384765625,-0.00015751198225189
57600.0,871,-3554.70141601562,-0.00015769005403854
57600.0,872,-3556.43017578125,-0.000157865681103431
57600.0,873,-3558.13061523438,-0.000158037903020158
57600.0,874,-3559.80297851562,-0.000158206908963621
57600.0,875,-3561.44775390625,-0.00015837348473724
57600.0,876,-3563.06567382812,-0.000158537703100592
57600.0,877,-3564.65673828125,-0.000158698981977068
57600.0,878,-3566.2216796875,-0.000158857219503261
57600.0,879,-3567.76098632812,-0.000159013638040051
57600.0,880,-3569.27490234375,-0.00015916746633593
57600.0,881,-3570.76391601562,-0.000159317904035561
57600.0,882,-3572.228515625,-0.000159466289915144
57600.0,883,-3573.6689453125,-0.000159612172865309
57600.0,884,-3575.08569335938,-0.000159755669301376
57600.0,885,-3576.47900390625,-0.000159897215780802
57600.0,886,-3577.849609375,-0.000160035953740589
57600.0,887,-3579.19750976562,-0.000160172086907551
57600.0,888,-3580.52319335938,-0.00016030615370255
57600.0,889,-3581.8271484375,-0.000160438736202195
57600.0,890,-3583.10986328125,-0.000160568160936236
57600.0,891,-3584.37109375,-0.000160696537932381
57600.0,892,-3585.61181640625,-0.000160820171004161
57600.0,893,-3586.83203125,-0.000160947107360698
57600.0,894,-3588.0322265625,-0.000161059986567125
57600.0,895,-3589.21264648438,-0.000161197254783474
57600.0,896,-3590.37377929688,-0.000161274278070778
57600.0,897,-3591.515625,-0.000161479561938904
57600.0,898,-3592.638671875,-0.000161392497830093
57600.0,899,-3593.74340820312,-0.000161957636009902
57600.0,900,-3594.82983398438,-0.000161042888066731
57600.0,901,-3595.8984375,-0.000163507822435349
57600.0,902,-3596.94946289062,-0.000158205701154657
57600.0,903,-3597.98315429688,-0.000170927480212413
57600.0,904,-3599.0,-0.000141789452754892
86400.0,2,-3600.0,-0.000212165527045727
86400.0,3,-4100.0,-0.000675579474773258
86400.0,6,-2500.0,-5.07472759636585e-05
86400.0,35,-3601.0,-0.000381943449610844
86400.0,36,-3602.03662109375,-0.000329845497617498
86400.0,37,-3603.11108398438,-0.000348545494489372
86400.0,38,-3604.22485351562,-0.000342285726219416
86400.0,39,-3605.37939453125,-0.00034568557748571
86400.0,40,-3606.57592773438,-0.000344989239238203
86400.0,41,-3607.81640625,-0.00034618191421032
86400.0,42,-3609.10229492188,-0.000346488115610555
86400.0,43,-3610.43505859375,-0.000347268505720422
86400.0,44,-3611.81665039062,-0.000347839843016118
86400.0,45,-3613.24877929688,-0.000348559115082026
86400.0,46,-3614.7333984375,-0.000349236564943567
86400.0,47,-3616.27221679688,-0.000349978596204892
86400.0,48,-3617.8671875,-0.000350729533238336
86400.0,49,-3619.5205078125,-0.000351519818650559
86400.0,50,-3621.234375,-0.000352338625816628
86400.0,51,-3623.0107421875,-0.000353188603185117
86400.0,52,-3624.85229492188,-0.000354073272319511
86400.0,53,-3626.76098632812,-0.000354991178028286
86400.0,54,-3628.73974609375,-0.000355945230694488
86400.0,55,-3630.79052734375,-0.000356938864570111
86400.0,56,-3632.91650390625,-0.000357969140168279
86400.0,57,-3635.1201171875,-0.000359045021468773
86400.0,58,-3637.40454101562,-0.000360158737748861
86400.0,59,-3639.77221679688,-0.00036131963133812
86400.0,60,-3642.2265625,-0.000362529681297019
86400.0,61,-3644.77075195312,-0.000363782717613503
86400.0,62,-3647.40795898438,-0.000365087791578844
86400.0,63,-3650.1416015625,-0.000366447900887579
86400.0,64,-3652.97509765625,-0.000367860979167745
86400.0,65,-3655.91235351562,-0.000369328365195543
86400.0,66,-3658.95678710938,-0.000370861031115055
86400.0,67,-3662.11279296875,-0.000372457318007946
86400.0,68,-3665.38403320312,-0.000374116294551641
86400.0,69,-3668.77514648438,-0.000375844159862027
86400.0,70,-3672.2900390625,-0.000377644202671945
86400.0,71,-3675.93359375,-0.000379517878172919
86400.0,72,-3679.71020507812,-0.000381470919819549
86400.0,73,-3683.625,-0.000383509352104738
86400.0,74,-3687.68310546875,-0.00038563073030673
86400.0,75,-3691.88940429688,-0.000387843610951677
86400.0,76,-3696.24951171875,-0.000390148663427681
86400.0,77,-3700.76928710938,-0.000392554880818352
86400.0,78,-3705.4541015625,-0.000395066745113581
86400.0,79,-3710.31030273438,-0.000397684721974656
86400.0,80,-3715.34423828125,-0.000400418153731152
86400.0,81,-3720.56201171875,-0.000403269979869947
86400.0,82,-3725.970703125,-0.000406245293561369
86400.0,83,-3731.5771484375,-0.000409356784075499
86400.0,84,-3737.388671875,-0.000412610563216731
86400.0,85,-3743.41259765625,-0.000416004913859069
86400.0,86,-3749.65698242188,-0.000419555406551808
86400.0,87,-3756.12939453125,-0.000423268764279783
86400.0,88,-3762.8388671875,-0.000427147431764752
86400.0,89,-3769.79345703125,-0.000431212305556983
86400.0,90,-3777.00244140625,-0.000435465364716947
86400.0,91,-3784.47509765625,-0.000439915747847408
86400.0,92,-3792.220703125,-0.000444580335170031
86400.0,93,-3800.25,-0.000449466228019446
86400.0,94,-3808.57250976562,-0.000454590452136472
86400.0,95,-3817.19970703125,-0.000459954084362835
86400.0,96,-3826.14208984375,-0.000465598568553105
86400.0,97,-3835.41162109375,-0.000471501320134848
86400.0,98,-3845.02001953125,-0.000477747234981507
86400.0,99,-3854.97998046875,-0.000484171294374391
86400.0,100,-3864.58837890625,-0.000490588252432644
86400.0,101,-3873.85791015625,-0.000496803841087967
86400.0,102,-3882.80029296875,-0.00050289899809286
86400.0,103,-3891.42749023438,-0.000508843106217682
86400.0,104,-3899.75,-0.000514646177180111
86400.0,105,-3907.779296875,-0.000520305300597101
86400.0,106,-3915.52490234375,-0.000525824085343629
86400.0,107,-3922.99755859375,-0.000531202822457999
86400.0,108,-3930.20654296875,-0.00053644017316401
86400.0,109,-3937.1611328125,-0.000541547895409167
86400.0,110,-3943.87060546875,-0.000546519062481821
86400.0,111,-3950.34301757812,-0.00055135739967227
86400.0,112,-3956.58740234375,-0.000556066341232508
86400.0,113,-3962.611328125,-0.000560645654331893
86400.0,114,-3968.4228515625,-0.000565100111998618
86400.0,115,-3974.029296875,-0.000569431809708476
86400.0,116,-3979.43798828125,-0.000573641969822347
86400.0,117,-3984.65576171875,-0.00057772861327976
86400.0,118,-3989.68969726562,-0.000581702741328627
86400.0,119,-3994.5458984375,-0.000585563073400408
86400.0,120,-3999.23071289062,-0.000589308212511241
86400.0,121,-4003.75048828125,-0.00059294537641108
86400.0,122,-4008.11059570312,-0.000596479047089815
86400.0,123,-4012.31689453125,-0.000599902297835797
86400.0,124,-4016.375,-0.00060322682838887
86400.0,125,-4020.28979492188,-0.000606447807513177
86400.0,126,-4024.06640625,-0.000609571870882064
86400.0,127,-4027.7099609375,-0.00061260542133823
86400.0,128,-4031.22485351562,-0.000615540950093418
86400.0,129,-4034.61596679688,-0.000618387013673782
86400.0,130,-4037.88720703125,-0.000621146522462368
86400.0,131,-4041.04321289062,-0.00062381784664467
86400.0,132,-4044.08764648438,-0.000626408960670233
86400.0,133,-4047.02490234375,-0.000628916779533029
86400.0,134,-4049.8583984375,-0.000631343340501189
86400.0,135,-4052.59204101562,-0.00063369917916134
86400.0,136,-4055.22924804688,-0.000635974167380482
86400.0,137,-4057.7734375,-0.000638177676592022
86400.0,138,-4060.22778320312,-0.000640312675386667
86400.0,139,-4062.59545898438,-0.000642378581687808
86400.0,140,-4064.8798828125,-0.000644382322207093
86400.0,141,-4067.08349609375,-0.000646313594188541
86400.0,142,-4069.20947265625,-0.0006481843884103
86400.0,143,-4071.26025390625,-0.000649996683932841
86400.0,144,-4073.23901367188,-0.000651744892820716
86400.0,145,-4075.14770507812,-0.000653443858027458
86400.0,146,-4076.9892578125,-0.000655081763397902
86400.0,147,-4078.765625,-0.000656665244605392
86400.0,148,-4080.4794921875,-0.000658198550809175
86400.0,149,-4082.1328125,-0.000659674580674618
86400.0,150,-4083.72778320312,-0.000661106081679463
86400.0,151,-4085.2666015625,-0.000662496779114008
86400.0,152,-4086.75122070312,-0.000663835438899696
86400.0,153,-4088.18334960938,-0.000665125378873199
86400.0,154,-4089.56494140625,-0.000666377949528396
86400.0,155,-4090.89770507812,-0.000667589250952005
86400.0,156,-4092.18359375,-0.000668757944367826
86400.0,157,-4093.42407226562,-0.000669887580443174
86400.0,158,-4094.62060546875,-0.000670975598040968
86400.0,159,-4095.77514648438,-0.000672023685183376
86400.0,160,-4096.88916015625,-0.000673050526529551
86400.0,161,-4097.96337890625,-0.000674010487273335
86400.0,162,-4099.0,-0.000675013929139823
86400.0,626,-2501.0,-5.08200464537367e-05
86400.0,627,-2502.01684570312,-5.09361962031107e-05
86400.0,628,-2503.05053710938,-5.10353165736888e-05
86400.0,629,-2504.1015625,-5.11442340211943e-05
86400.0,630,-2505.17016601562,-5.12524711666629e-05
86400.0,631,-2506.25659179688,-5.13622653670609e-05
86400.0,632,-2507.361328125,-5.14742750965524e-05
86400.0,633,-2508.484375,-5.15886313223746e-05
86400.0,634,-2509.62622070312,-5.17045154992957e-05
86400.0,635,-2510.78735351562,-5.18224078405183e-05
86400.0,636,-2511.9677734375,-5.19421555509325e-05
86400.0,637,-2513.16796875,-5.20639114256483e-05
86400.0,638,-2514.38818359375,-5.21876645507291e-05
86400.0,639,-2515.62890625,-5.23136077390518e-05
86400.0,640,-2516.89013671875,-5.24414972460363e-05
86400.0,641,-2518.1728515625,-5.25721043231897e-05
86400.0,642,-2519.47680664062,-5.27040028828196e-05
86400.0,643,-2520.80249023438,-5.28384844074026e-05
86400.0,644,-2522.150390625,-5.29757526237518e-05
86400.0,645,-2523.52099609375,-5.31143632542808e-05
86400.0,646,-2524.91430664062,-5.32563317392487e-05
86400.0,647,-2526.3310546875,-5.33999809704255e-05
86400.0,648,-2527.771484375,-5.35461367690004e-05
86400.0,649,-2529.23608398438,-5.36947227374185e-05
86400.0,650,-2530.72509765625,-5.38453859917354e-05
86400.0,651,-2532.23901367188,-5.39994289283641e-05
86400.0,652,-2533.7783203125,-5.41560657438822e-05
86400.0,653,-2535.34326171875,-5.43145179108251e-05
86400.0,654,-2536.93432617188,-5.44760150660295e-05
86400.0,655,-2538.55224609375,-5.46404553460889e-05
86400.0,656,-2540.19702148438,-5.48072639503516e-05
86400.0,657,-2541.86938476562,-5.49764772586059e-05
86400.0,658,-2543.56982421875,-5.51489611098077e-05
86400.0,659,-2545.29858398438,-5.5324755521724e-05
86400.0,660,-2547.05615234375,-5.55031801923178e-05
86400.0,661,-2548.84326171875,-5.56844861421268e-05
86400.0,662,-2550.66015625,-5.586916449829e-05
86400.0,663,-2552.50756835938,-5.60561529709958e-05
86400.0,664,-2554.38598632812,-5.62462155357935e-05
86400.0,665,-2556.29565429688,-5.64407491765451e-05
86400.0,666,-2558.2373046875,-5.66376802453306e-05
86400.0,667,-2560.21142578125,-5.68375835428014e-05
86400.0,668,-2562.21850585938,-5.70415504625998e-05
86400.0,669,-2564.25903320312,-5.72485187149141e-05
86400.0,670,-2566.333984375,-5.7458699302515e-05
86400.0,671,-2568.44360351562,-5.76731836190447e-05
86400.0,672,-2570.58837890625,-5.78912804485299e-05
86400.0,673,-2572.76904296875,-5.81121967115905e-05
86400.0,674,-2574.98608398438,-5.83372493565548e-05
86400.0,675,-2577.24047851562,-5.85663692618255e-05
86400.0,676,-2579.53247070312,-5.87989270570688e-05
86400.0,677,-2581.86279296875,-5.90351992286742e-05
86400.0,678,-2584.23193359375,-5.92755677644163e-05
86400.0,679,-2586.64086914062,-5.95193887420464e-05
86400.0,680,-2589.09008789062,-5.97684193053283e-05
86400.0,681,-2591.58032226562,-6.00213825237006e-05
86400.0,682,-2594.11206054688,-6.02782965870574e-05
86400.0,683,-2596.68627929688,-6.05391869612504e-05
86400.0,684,-2599.30346679688,-6.08045265835244e-05
86400.0,685,-2601.96459960938,-6.10755523666739e-05
86400.0,686,-2604.67016601562,-6.13493612036109e-05
86400.0,687,-2607.4208984375,-6.16287070442922e-05
86400.0,688,-2610.21752929688,-6.19121856288984e-05
86400.0,689,-2613.06127929688,-6.22010993538424e-05
86400.0,690,-2615.95239257812,-6.24944223091006e-05
86400.0,691,-2618.89184570312,-6.27920526312664e-05
86400.0,692,-2621.88037109375,-6.30958747933619e-05
86400.0,693,-2624.9189453125,-6.34039170108736e-05
86400.0,694,-2628.00854492188,-6.37179764453322e-05
86400.0,695,-2631.14965820312,-6.40364014543593e-05
86400.0,696,-2634.34326171875,-6.43601451884024e-05
86400.0,697,-2637.59033203125,-6.46893022349104e-05
86400.0,698,-2640.89184570312,-6.50252113700844e-05
86400.0,699,-2644.24853515625,-6.53653478366323e-05
86400.0,700,-2647.66137695312,-6.57115015201271e-05
86400.0,701,-2651.13110351562,-6.60644145682454e-05
86400.0,702,-2654.65893554688,-6.64212348056026e-05
86400.0,703,-2658.24584960938,-6.67853091727011e-05
86400.0,704,-2661.89282226562,-6.71558809699491e-05
86400.0,705,-2665.60083007812,-6.75321789458394e-05
86400.0,706,-2669.37060546875,-6.79140212014318e-05
86400.0,707,-2673.20361328125,-6.83033649693243e-05
86400.0,708,-2677.10083007812,-6.86984421918169e-05
86400.0,709,-2681.06298828125,-6.91005188855343e-05
86400.0,710,-2685.09155273438,-6.95091875968501e-05
86400.0,711,-2689.1875,-6.99250304023735e-05
86400.0,712,-2693.35205078125,-7.03480327501893e-05
86400.0,713,-2697.58618164062,-7.07767176209018e-05
86400.0,714,-2701.89111328125,-7.12137407390401e-05
86400.0,715,-2706.26806640625,-7.16587310307659e-05
86400.0,716,-2710.71826171875,-7.21091273589991e-05
86400.0,717,-2715.24267578125,-7.25687204976566e-05
86400.0,718,-2719.84301757812,-7.30356623535044e-05
86400.0,719,-2724.52026367188,-7.3509756475687e-05
86400.0,720,-2729.27563476562,-7.39925890229642e-05
86400.0,721,-2734.11059570312,-7.44833087082952e-05
86400.0,722,-2739.02661132812,-7.49816972529516e-05
86400.0,723,-2744.02465820312,-7.5488438596949e-05
86400.0,724,-2749.1064453125,-7.60049078962766e-05
86400.0,725,-2754.27294921875,-7.65282456995919e-05
86400.0,726,-2759.52612304688,-7.70613914937712e-05
86400.0,727,-2764.8671875,-7.76032902649604e-05
86400.0,728,-2770.29736328125,-7.81545386416838e-05
86400.0,729,-2775.81860351562,-7.87142053013667e-05
86400.0,730,-2781.43212890625,-7.92833452578634e-05
86400.0,731,-2787.13940429688,-7.98633409431204e-05
86400.0,732,-2792.9423828125,-8.04511000751518e-05
86400.0,733,-2798.84228515625,-8.10502533568069e-05
86400.0,734,-2804.8408203125,-8.16584142739885e-05
86400.0,735,-2810.93969726562,-8.22769725346006e-05
86400.0,736,-2817.14086914062,-8.29065102152526e-05
86400.0,737,-2823.4453125,-8.35455502965488e-05
86400.0,738,-2829.85546875,-8.41964647406712e-05
86400.0,739,-2836.37280273438,-8.48566560307518e-05
86400.0,740,-2842.99926757812,-8.55294638313353e-05
86400.0,741,-2849.73657226562,-8.62129090819508e-05
86400.0,742,-2856.58642578125,-8.69078139658086e-05
86400.0,743,-2863.55078125,-8.76139965839684e-05
86400.0,744,-2870.6318359375,-8.83325265021995e-05
86400.0,745,-2877.8310546875,-8.90626615728252e-05
86400.0,746,-2885.15087890625,-8.98048019735143e-05
86400.0,747,-2892.59326171875,-9.05603737919591e-05
86400.0,748,-2900.15991210938,-9.13272670004517e-05
86400.0,749,-2907.85327148438,-9.21087266760878e-05
86400.0,750,-2915.67529296875,-9.29010566323996e-05
86400.0,751,-2923.6279296875,-9.37076547415927e-05
86400.0,752,-2931.7138671875,-9.45278370636515e-05
86400.0,753,-2939.93505859375,-9.53615308389999e-05
86400.0,754,-2948.29345703125,-9.62096164585091e-05
86400.0,755,-2956.7919921875,-9.70717737800442e-05
86400.0,756,-2965.4326171875,-9.79480755631812e-05
86400.0,757,-2974.21752929688,-9.88387109828182e-05
86400.0,758,-2983.14965820312,-9.97449678834528e-05
86400.0,759,-2992.23095703125,-0.000100665645732079
86400.0,760,-3001.46435546875,-0.00010160241072299
86400.0,761,-3010.85229492188,-0.000102554622571915
86400.0,762,-3020.39697265625,-0.000103522295830771
86400.0,763,-3030.10131835938,-0.000104506259958725
86400.0,764,-3039.96826171875,-0.000105508457636461
86400.0,765,-3050.0,-0.000106523861177266
86400.0,766,-3060.03173828125,-0.000107540203316603
86400.0,767,-3069.89868164062,-0.000108541127701756
86400.0,768,-3079.60302734375,-0.000109525186417159
86400.0,769,-3089.14770507812,-0.000110493660031352
86400.0,770,-3098.53564453125,-0.000111445275251754
86400.0,771,-3107.76904296875,-0.000112382156657986
86400.0,772,-3116.85034179688,-0.000113302608951926
86400.0,773,-3125.78247070312,-0.000114208633021917
86400.0,774,-3134.5673828125,-0.000115099290269427
86400.0,775,-3143.2080078125,-0.000115974980872124
86400.0,776,-3151.70654296875,-0.000116837647510692
86400.0,777,-3160.06494140625,-0.00011768421245506
86400.0,778,-3168.2861328125,-0.000118518182716798
86400.0,779,-3176.3720703125,-0.000119338154036086
86400.0,780,-3184.32470703125,-0.000120143857202493
86400.0,781,-3192.14672851562,-0.000120937285828404
86400.0,782,-3199.84008789062,-0.00012171761773061
86400.0,783,-3207.40673828125,-0.000122484707389958
86400.0,784,-3214.84912109375,-0.000123239646200091
86400.0,785,-3222.1689453125,-0.0001239816629095
86400.0,786,-3229.3681640625,-0.000124711325042881
86400.0,787,-3236.44921875,-0.000125429607578553
86400.0,788,-3243.41357421875,-0.000126135375467129
86400.0,789,-3250.26342773438,-0.000126829967484809
86400.0,790,-3257.00073242188,-0.000127513034385629
86400.0,791,-3263.62719726562,-0.000128185478388332
86400.0,792,-3270.14453125,-0.000128845291328616
86400.0,793,-3276.5546875,-0.000129495834698901
86400.0,794,-3282.85913085938,-0.000130134489154443
86400.0,795,-3289.06030273438,-0.000130763626657426
86400.0,796,-3295.1591796875,-0.000131381806568243
86400.0,797,-3301.15771484375,-0.000131989567307755
86400.0,798,-3307.0576171875,-0.000132588320411742
86400.0,799,-3312.86059570312,-0.00013317569391802
86400.0,800,-3318.56787109375,-0.00013375528214965
86400.0,801,-3324.18139648438,-0.00013432401465252
86400.0,802,-3329.70263671875,-0.000134883288410492
86400.0,803,-3335.1328125,-0.000135434122057632
86400.0,804,-3340.47387695312,-0.00013597562792711
86400.0,805,-3345.72705078125,-0.00013650834443979
86400.0,806,-3350.8935546875,-0.000137031296617351
86400.0,807,-3355.97534179688,-0.000137547322083265
86400.0,808,-3360.97338867188,-0.000138053714181297
86400.0,809,-3365.88940429688,-0.000138551607960835
86400.0,810,-3370.72436523438,-0.000139042065711692
86400.0,811,-3375.47973632812,-0.000139524243422784
86400.0,812,-3380.15698242188,-0.000139998373924755
86400.0,813,-3384.75732421875,-0.000140464107971638
86400.0,814,-3389.28173828125,-0.000140923002618365
86400.0,815,-3393.73193359375,-0.00014137449034024
86400.0,816,-3398.10888671875,-0.000141817610710859
86400.0,817,-3402.41381835938,-0.000142254430102184
86400.0,818,-3406.64794921875,-0.000142683711601421
86400.0,819,-3410.8125,-0.000143105571623892
86400.0,820,-3414.90844726562,-0.000143521800055169
86400.0,821,-3418.93701171875,-0.000143928962643258
86400.0,822,-3422.89916992188,-0.000144330755574629
86400.0,823,-3426.79638671875,-0.000144726320286281
86400.0,824,-3430.62939453125,-0.000145114885526709
86400.0,825,-3434.39916992188,-0.000145496393088251
86400.0,826,-3438.10717773438,-0.00014587257464882
86400.0,827,-3441.75415039062,-0.000146242076880299
86400.0,828,-3445.34106445312,-0.000146605423651636
86400.0,829,-3448.86889648438,-0.000146963400766253
86400.0,830,-3452.33862304688,-0.000147314436617307
86400.0,831,-3455.75146484375,-0.000147660524817184
86400.0,832,-3459.10815429688,-0.000148001097841188
86400.0,833,-3462.40966796875,-0.000148336213896982
86400.0,834,-3465.65673828125,-0.000148665261804126
86400.0,835,-3468.85034179688,-0.000148988518049009
86400.0,836,-3471.99145507812,-0.000149306666571647
86400.0,837,-3475.0810546875,-0.00014962034765631
86400.0,838,-3478.11962890625,-0.000149928062455729
86400.0,839,-3481.10815429688,-0.000150231528095901
86400.0,840,-3484.04760742188,-0.000150528809172101
86400.0,841,-3486.93872070312,-0.000150821841089055
86400.0,842,-3489.78247070312,-0.000151110347360373
86400.0,843,-3492.5791015625,-0.000151393644046038
86400.0,844,-3495.32983398438,-0.000151672385982238
86400.0,845,-3498.03540039062,-0.000151946413097903
86400.0,846,-3500.69653320312,-0.000152216118294746
86400.0,847,-3503.31372070312,-0.000152481268742122
86400.0,848,-3505.88793945312,-0.000152742548380047
86400.0,849,-3508.41967773438,-0.000152999127749354
86400.0,850,-3510.90991210938,-0.000153251137817279
86400.0,851,-3513.35913085938,-0.000153499713633209
86400.0,852,-3515.76806640625,-0.000153744273120537
86400.0,853,-3518.13720703125,-0.000153983797645196
86400.0,854,-3520.46752929688,-0.000154220077092759
86400.0,855,-3522.75952148438,-0.000154452165588737
86400.0,856,-3525.01391601562,-0.000154681139974855
86400.0,857,-3527.23095703125,-0.00015490576333832
86400.0,858,-3529.41162109375,-0.000155126646859571
86400.0,859,-3531.55639648438,-0.000155344023369253
86400.0,860,-3533.666015625,-0.00015555729623884
86400.0,861,-3535.74096679688,-0.000155768168042414
86400.0,862,-3537.78149414062,-0.000155975270899944
86400.0,863,-3539.78857421875,-0.000156178852193989
86400.0,864,-3541.7626953125,-0.0001563783880556
86400.0,865,-3543.70434570312,-0.000156575464643538
86400.0,866,-3545.61401367188,-0.000156768874148838
86400.0,867,-3547.49243164062,-0.000156958660227247
86400.0,868,-3549.33984375,-0.000157146336277947
86400.0,869,-3551.15673828125,-0.000157330316142179
86400.0,870,-3552.94384765625,-0.000157511618454009
86400.0,871,-3554.70141601562,-0.000157689690240659
86400.0,872,-3556.43017578125,-0.000157865302753635
86400.0,873,-3558.13061523438,-0.000158037524670362
86400.0,874,-3559.80297851562,-0.000158206530613825
86400.0,875,-3561.44775390625,-0.000158373106387444
86400.0,876,-3563.06567382812,-0.000158537339302711
86400.0,877,-3564.65673828125,-0.000158698618179187
86400.0,878,-3566.2216796875,-0.000158856841153465
86400.0,879,-3567.76098632812,-0.00015901327424217
86400.0,880,-3569.27490234375,-0.000159167102538049
86400.0,881,-3570.76391601562,-0.00015931754023768
86400.0,882,-3572.228515625,-0.000159465926117264
86400.0,883,-3573.6689453125,-0.000159611809067428
86400.0,884,-3575.08569335938,-0.000159755305503495
86400.0,885,-3576.47900390625,-0.000159896837431006
86400.0,886,-3577.849609375,-0.000160035575390793
86400.0,887,-3579.19750976562,-0.00016017172310967
86400.0,888,-3580.52319335938,-0.000160305775352754
86400.0,889,-3581.8271484375,-0.000160438357852399
86400.0,890,-3583.10986328125,-0.000160567768034525
86400.0,891,-3584.37109375,-0.000160696159582585
86400.0,892,-3585.61181640625,-0.000160819734446704
86400.0,893,-3586.83203125,-0.000160946758114733
86400.0,894,-3588.0322265625,-0.000161059433594346
86400.0,895,-3589.21264648438,-0.000161197138368152
86400.0,896,-3590.37377929688,-0.000161273186677136
86400.0,897,-3591.515625,-0.000161480667884462
86400.0,898,-3592.638671875,-0.00016138878709171
86400.0,899,-3593.74340820312,-0.000161964926519431
86400.0,900,-3594.82983398438,-0.000161025644047186
86400.0,901,-3595.8984375,-0.000163547359989025
86400.0,902,-3596.94946289062,-0.000158115930389613
86400.0,903,-3597.98315429688,-0.000171141276950948
86400.0,904,-3599.0,-0.000141302938573062
172800.0,2,-3600.0,-0.00021468817431014
172800.0,3,-4100.0,-0.000717914197593927
172800.0,6,-2500.0,-5.0746435590554e-05
172800.0,35,-3601.0,-0.000400318909669295
172800.0,36,-3602.03662109375,-0.000343966414220631
172800.0,37,-3603.11108398438,-0.000364231847925112
172800.0,38,-3604.22485351562,-0.000357361714122817
172800.0,39,-3605.37939453125,-0.000361138168955222
172800.0,40,-3606.57592773438,-0.000360306265065446
172800.0,41,-3607.81640625,-0.000361642800271511
172800.0,42,-3609.10229492188,-0.000361937680281699
172800.0,43,-3610.43505859375,-0.000362796679837629
172800.0,44,-3611.81665039062,-0.0003633976157289
172800.0,45,-3613.24877929688,-0.000364177481969818
172800.0,46,-3614.7333984375,-0.000364900421118364
172800.0,47,-3616.27221679688,-0.000365699816029519
172800.0,48,-3617.8671875,-0.000366504595149308
172800.0,49,-3619.5205078125,-0.000367354281479493
172800.0,50,-3621.234375,-0.000368232984328642
172800.0,51,-3623.0107421875,-0.000369146175216883
172800.0,52,-3624.85229492188,-0.000370096124242991
172800.0,53,-3626.76098632812,-0.000371082191122696
172800.0,54,-3628.73974609375,-0.000372106936993077
172800.0,55,-3630.79052734375,-0.000373174290871248
172800.0,56,-3632.91650390625,-0.000374281080439687
172800.0,57,-3635.1201171875,-0.000375436880858615
172800.0,58,-3637.40454101562,-0.000376633513951674
172800.0,59,-3639.77221679688,-0.000377880816813558
172800.0,60,-3642.2265625,-0.000379181030439213
172800.0,61,-3644.77075195312,-0.000380527577362955
172800.0,62,-3647.40795898438,-0.000381930061848834
172800.0,63,-3650.1416015625,-0.000383391801733524
172800.0,64,-3652.97509765625,-0.000384910643333569
172800.0,65,-3655.91235351562,-0.000386487954529002
172800.0,66,-3658.95678710938,-0.000388135493267328
172800.0,67,-3662.11279296875,-0.000389851600630209
172800.0,68,-3665.38403320312,-0.000391635316191241
172800.0,69,-3668.77514648438,-0.000393493217416108
172800.0,70,-3672.2900390625,-0.000395428913179785
172800.0,71,-3675.93359375,-0.000397443975089118
172800.0,72,-3679.71020507812,-0.000399544631363824
172800.0,73,-3683.625,-0.000401737284846604
172800.0,74,-3687.68310546875,-0.000404019432608038
172800.0,75,-3691.88940429688,-0.000406400271458551
172800.0,76,-3696.24951171875,-0.000408880587201566
172800.0,77,-3700.76928710938,-0.000411470042308792
172800.0,78,-3705.4541015625,-0.000414173497119918
172800.0,79,-3710.31030273438,-0.000416991591919214
172800.0,80,-3715.34423828125,-0.000419934251112863
172800.0,81,-3720.56201171875,-0.000423004821641371
172800.0,82,-3725.970703125,-0.000426208862336352
172800.0,83,-3731.5771484375,-0.000429560110205784
172800.0,84,-3737.388671875,-0.000433065055403858
172800.0,85,-3743.41259765625,-0.000436722039012238
172800.0,86,-3749.65698242188,-0.000440547941252589
172800.0,87,-3756.12939453125,-0.000444550038082525
172800.0,88,-3762.8388671875,-0.000448731181677431
172800.0,89,-3769.79345703125,-0.000453113811090589
172800.0,90,-3777.00244140625,-0.000457700400147587
172800.0,91,-3784.47509765625,-0.000462500815046951
172800.0,92,-3792.220703125,-0.000467533332994208
172800.0,93,-3800.25,-0.000472805841127411
172800.0,94,-3808.57250976562,-0.000478337024105713
172800.0,95,-3817.19970703125,-0.000484128162497655
172800.0,96,-3826.14208984375,-0.000490223697852343
172800.0,97,-3835.41162109375,-0.000496600230690092
172800.0,98,-3845.02001953125,-0.00050334888510406
172800.0,99,-3854.97998046875,-0.000510290963575244
172800.0,100,-3864.58837890625,-0.000517228327225894
172800.0,101,-3873.85791015625,-0.000523949682246894
172800.0,102,-3882.80029296875,-0.00053054210729897
172800.0,103,-3891.42749023438,-0.000536972715053707
172800.0,104,-3899.75,-0.00054325204109773
172800.0,105,-3907.779296875,-0.00054937694221735
172800.0,106,-3915.52490234375,-0.000555350910872221
172800.0,107,-3922.99755859375,-0.000561174761969596
172800.0,108,-3930.20654296875,-0.000566846400033683
172800.0,109,-3937.1611328125,-0.000572378397919238
172800.0,110,-3943.87060546875,-0.000577764061745256
172800.0,111,-3950.34301757812,-0.000583006185479462
172800.0,112,-3956.58740234375,-0.000588109018281102
172800.0,113,-3962.611328125,-0.000593072501942515
172800.0,114,-3968.4228515625,-0.000597901409491897
172800.0,115,-3974.029296875,-0.000602598127443343
172800.0,116,-3979.43798828125,-0.00060716358711943
172800.0,117,-3984.65576171875,-0.00061159540200606
172800.0,118,-3989.68969726562,-0.00061590620316565
172800.0,119,-3994.5458984375,-0.000620094302576035
172800.0,120,-3999.23071289062,-0.000624158070422709
172800.0,121,-4003.75048828125,-0.000628105131909251
172800.0,122,-4008.11059570312,-0.00063194043468684
172800.0,123,-4012.31689453125,-0.000635656353551894
172800.0,124,-4016.375,-0.000639265752397478
172800.0,125,-4020.28979492188,-0.000642762519419193
172800.0,126,-4024.06640625,-0.000646154512651265
172800.0,127,-4027.7099609375,-0.00064944924088195
172800.0,128,-4031.22485351562,-0.000652637623716146
172800.0,129,-4034.61596679688,-0.000655729265417904
172800.0,130,-4037.88720703125,-0.00065872713457793
172800.0,131,-4041.04321289062,-0.000661629484966397
172800.0,132,-4044.08764648438,-0.000664444931317121
172800.0,133,-4047.02490234375,-0.000667170155793428
172800.0,134,-4049.8583984375,-0.000669807486701757
172800.0,135,-4052.59204101562,-0.000672367983497679
172800.0,136,-4055.22924804688,-0.000674840819556266
172800.0,137,-4057.7734375,-0.000677236239425838
172800.0,138,-4060.22778320312,-0.000679557269904763
172800.0,139,-4062.59545898438,-0.000681803678162396
172800.0,140,-4064.8798828125,-0.00068398256553337
172800.0,141,-4067.08349609375,-0.00068608281435445
172800.0,142,-4069.20947265625,-0.000688116706442088
172800.0,143,-4071.26025390625,-0.000690086977556348
172800.0,144,-4073.23901367188,-0.000691988621838391
172800.0,145,-4075.14770507812,-0.000693836365826428
172800.0,146,-4076.9892578125,-0.000695618102326989
172800.0,147,-4078.765625,-0.00069734052522108
172800.0,148,-4080.4794921875,-0.000699008465744555
172800.0,149,-4082.1328125,-0.000700614182278514
172800.0,150,-4083.72778320312,-0.000702171702869236
172800.0,151,-4085.2666015625,-0.00070368469459936
172800.0,152,-4086.75122070312,-0.000705141283106059
172800.0,153,-4088.18334960938,-0.000706544902641326
172800.0,154,-4089.56494140625,-0.000707907893229276
172800.0,155,-4090.89770507812,-0.000709226005710661
172800.0,156,-4092.18359375,-0.000710497843101621
172800.0,157,-4093.42407226562,-0.000711727072484791
172800.0,158,-4094.62060546875,-0.000712911190930754
172800.0,159,-4095.77514648438,-0.000714051770046353
172800.0,160,-4096.88916015625,-0.000715169007889926
172800.0,161,-4097.96337890625,-0.000716214010026306
172800.0,162,-4099.0,-0.00071730260970071
172800.0,626,-2501.0,-5.08192024426535e-05
172800.0,627,-2502.01684570312,-5.09353558300063e-05
172800.0,628,-2503.05053710938,-5.10344762005843e-05
172800.0,629,-2504.1015625,-5.11433936480898e-05
172800.0,630,-2505.17016601562,-5.12516307935584e-05
172800.0,631,-2506.25659179688,-5.13614213559777e-05
172800.0,632,-2507.361328125,-5.1473434723448e-05
172800.0,633,-2508.484375,-5.15877909492701e-05
172800.0,634,-2509.62622070312,-5.17036751261912e-05
172800.0,635,-2510.78735351562,-5.18215674674138e-05
172800.0,636,-2511.9677734375,-5.19413115398493e-05
172800.0,637,-2513.16796875,-5.20630710525438e-05
172800.0,638,-2514.38818359375,-5.21868205396459e-05
172800.0,639,-2515.62890625,-5.23127673659474e-05
172800.0,640,-2516.89013671875,-5.24406568729319e-05
172800.0,641,-2518.1728515625,-5.25712639500853e-05
172800.0,642,-2519.47680664062,-5.27031625097152e-05
172800.0,643,-2520.80249023438,-5.28376440342981e-05
172800.0,644,-2522.150390625,-5.29749086126685e-05
172800.0,645,-2523.52099609375,-5.31135192431975e-05
172800.0,646,-2524.91430664062,-5.32554913661443e-05
172800.0,647,-2526.3310546875,-5.33991405973211e-05
172800.0,648,-2527.771484375,-5.35452927579172e-05
172800.0,649,-2529.23608398438,-5.36938787263352e-05
172800.0,650,-2530.72509765625,-5.38445456186309e-05
172800.0,651,-2532.23901367188,-5.39985885552596e-05
172800.0,652,-2533.7783203125,-5.41552253707778e-05
172800.0,653,-2535.34326171875,-5.43136738997418e-05
172800.0,654,-2536.93432617188,-5.44751746929251e-05
172800.0,655,-2538.55224609375,-5.46396149729844e-05
172800.0,656,-2540.19702148438,-5.48064235772472e-05
172800.0,657,-2541.86938476562,-5.49756368855014e-05
172800.0,658,-2543.56982421875,-5.51481207367033e-05
172800.0,659,-2545.29858398438,-5.53239151486196e-05
172800.0,660,-2547.05615234375,-5.55023398192134e-05
172800.0,661,-2548.84326171875,-5.56836421310436e-05
172800.0,662,-2550.66015625,-5.58683204872068e-05
172800.0,663,-2552.50756835938,-5.60553089599125e-05
172800.0,664,-2554.38598632812,-5.6245375162689e-05
172800.0,665,-2556.29565429688,-5.64399088034406e-05
172800.0,666,-2558.2373046875,-5.66368362342473e-05
172800.0,667,-2560.21142578125,-5.6836743169697e-05
172800.0,668,-2562.21850585938,-5.70407064515166e-05
172800.0,669,-2564.25903320312,-5.72476747038309e-05
172800.0,670,-2566.333984375,-5.74578552914318e-05
172800.0,671,-2568.44360351562,-5.76723432459403e-05
172800.0,672,-2570.58837890625,-5.78904364374466e-05
172800.0,673,-2572.76904296875,-5.81113563384861e-05
172800.0,674,-2574.98608398438,-5.83364053454716e-05
172800.0,675,-2577.24047851562,-5.8565528888721e-05
172800.0,676,-2579.53247070312,-5.87980830459855e-05
172800.0,677,-2581.86279296875,-5.90343588555697e-05
172800.0,678,-2584.23193359375,-5.92747273913119e-05
172800.0,679,-2586.64086914062,-5.9518548368942e-05
172800.0,680,-2589.09008789062,-5.97675789322238e-05
172800.0,681,-2591.58032226562,-6.00205421505962e-05
172800.0,682,-2594.11206054688,-6.0277456213953e-05
172800.0,683,-2596.68627929688,-6.05383465881459e-05
172800.0,684,-2599.30346679688,-6.080368621042e-05
172800.0,685,-2601.96459960938,-6.10747083555907e-05
172800.0,686,-2604.67016601562,-6.13485244684853e-05
172800.0,687,-2607.4208984375,-6.16278703091666e-05
172800.0,688,-2610.21752929688,-6.19113488937728e-05
172800.0,689,-2613.06127929688,-6.22002626187168e-05
172800.0,690,-2615.95239257812,-6.2493585573975e-05
172800.0,691,-2618.89184570312,-6.27912158961408e-05
172800.0,692,-2621.88037109375,-6.30950307822786e-05
172800.0,693,-2624.9189453125,-6.34030729997903e-05
172800.0,694,-2628.00854492188,-6.37171324342489e-05
172800.0,695,-2631.14965820312,-6.4035557443276e-05
172800.0,696,-2634.34326171875,-6.43593084532768e-05
172800.0,697,-2637.59033203125,-6.46884654997848e-05
172800.0,698,-2640.89184570312,-6.50243746349588e-05
172800.0,699,-2644.24853515625,-6.53645111015067e-05
172800.0,700,-2647.66137695312,-6.57106647850014e-05
172800.0,701,-2651.13110351562,-6.60635705571622e-05
172800.0,702,-2654.65893554688,-6.64203907945193e-05
172800.0,703,-2658.24584960938,-6.67844724375755e-05
172800.0,704,-2661.89282226562,-6.71550442348234e-05
172800.0,705,-2665.60083007812,-6.75313422107138e-05
172800.0,706,-2669.37060546875,-6.79131771903485e-05
172800.0,707,-2673.20361328125,-6.83025209582411e-05
172800.0,708,-2677.10083007812,-6.86975981807336e-05
172800.0,709,-2681.06298828125,-6.9099674874451e-05
172800.0,710,-2685.09155273438,-6.95083435857669e-05
172800.0,711,-2689.1875,-6.99241863912903e-05
172800.0,712,-2693.35205078125,-7.03471887391061e-05
172800.0,713,-2697.58618164062,-7.07758808857761e-05
172800.0,714,-2701.89111328125,-7.12128967279568e-05
172800.0,715,-2706.26806640625,-7.16578870196827e-05
172800.0,716,-2710.71826171875,-7.21082833479159e-05
172800.0,717,-2715.24267578125,-7.25678764865734e-05
172800.0,718,-2719.84301757812,-7.30348183424212e-05
172800.0,719,-2724.52026367188,-7.35089124646038e-05
172800.0,720,-2729.27563476562,-7.3991745011881e-05
172800.0,721,-2734.11059570312,-7.4482464697212e-05
172800.0,722,-2739.02661132812,-7.49808605178259e-05
172800.0,723,-2744.02465820312,-7.54875945858657e-05
172800.0,724,-2749.1064453125,-7.60040638851933e-05
172800.0,725,-2754.27294921875,-7.65274016885087e-05
172800.0,726,-2759.52612304688,-7.7060547482688e-05
172800.0,727,-2764.8671875,-7.76024535298347e-05
172800.0,728,-2770.29736328125,-7.81536946306005e-05
172800.0,729,-2775.81860351562,-7.87133685662411e-05
172800.0,730,-2781.43212890625,-7.92825012467802e-05
172800.0,731,-2787.13940429688,-7.98624969320372e-05
172800.0,732,-2792.9423828125,-8.04502633400261e-05
172800.0,733,-2798.84228515625,-8.10494166216813e-05
172800.0,734,-2804.8408203125,-8.16575775388628e-05
172800.0,735,-2810.93969726562,-8.2276135799475e-05
172800.0,736,-2817.14086914062,-8.29056662041694e-05
172800.0,737,-2823.4453125,-8.35447062854655e-05
172800.0,738,-2829.85546875,-8.4195620729588e-05
172800.0,739,-2836.37280273438,-8.48558120196685e-05
172800.0,740,-2842.99926757812,-8.55286198202521e-05
172800.0,741,-2849.73657226562,-8.62120650708675e-05
172800.0,742,-2856.58642578125,-8.6906977230683e-05
172800.0,743,-2863.55078125,-8.76131525728852e-05
172800.0,744,-2870.6318359375,-8.83316897670738e-05
172800.0,745,-2877.8310546875,-8.90618175617419e-05
172800.0,746,-2885.15087890625,-8.9803957962431e-05
172800.0,747,-2892.59326171875,-9.05595370568335e-05
172800.0,748,-2900.15991210938,-9.13264302653261e-05
172800.0,749,-2907.85327148438,-9.21078826650046e-05
172800.0,750,-2915.67529296875,-9.29002126213163e-05
172800.0,751,-2923.6279296875,-9.37068180064671e-05
172800.0,752,-2931.7138671875,-9.45270003285259e-05
172800.0,753,-2939.93505859375,-9.53606868279167e-05
172800.0,754,-2948.29345703125,-9.62087797233835e-05
172800.0,755,-2956.7919921875,-9.70709297689609e-05
172800.0,756,-2965.4326171875,-9.79472315520979e-05
172800.0,757,-2974.21752929688,-9.88378669717349e-05
172800.0,758,-2983.14965820312,-9.97441238723695e-05
172800.0,759,-2992.23095703125,-0.000100664801720995
172800.0,760,-3001.46435546875,-0.000101601566711906
172800.0,761,-3010.85229492188,-0.000102553778560832
172800.0,762,-3020.39697265625,-0.000103521451819688
172800.0,763,-3030.10131835938,-0.0001045054232236
172800.0,764,-3039.96826171875,-0.000105507613625377
172800.0,765,-3050.0,-0.00010652302444214
172800.0,766,-3060.03173828125,-0.00010753935930552
172800.0,767,-3069.89868164062,-0.00010854029096663
172800.0,768,-3079.60302734375,-0.000109524342406075
172800.0,769,-3089.14770507812,-0.000110492816020269
172800.0,770,-3098.53564453125,-0.000111444438516628
172800.0,771,-3107.76904296875,-0.000112381312646903
172800.0,772,-3116.85034179688,-0.000113301764940843
172800.0,773,-3125.78247070312,-0.000114207796286792
172800.0,774,-3134.5673828125,-0.000115098453534301
172800.0,775,-3143.2080078125,-0.000115974136861041
172800.0,776,-3151.70654296875,-0.000116836803499609
172800.0,777,-3160.06494140625,-0.000117683375719935
172800.0,778,-3168.2861328125,-0.000118517338705715
172800.0,779,-3176.3720703125,-0.000119337310025003
172800.0,780,-3184.32470703125,-0.000120143013191409
172800.0,781,-3192.14672851562,-0.000120936441817321
172800.0,782,-3199.84008789062,-0.000121716773719527
172800.0,783,-3207.40673828125,-0.000122483863378875
172800.0,784,-3214.84912109375,-0.000123238802189007
172800.0,785,-3222.1689453125,-0.000123980818898417
172800.0,786,-3229.3681640625,-0.000124710495583713
172800.0,787,-3236.44921875,-0.00012542876356747
172800.0,788,-3243.41357421875,-0.000126134531456046
172800.0,789,-3250.26342773438,-0.000126829123473726
172800.0,790,-3257.00073242188,-0.000127512190374546
172800.0,791,-3263.62719726562,-0.000128184648929164
172800.0,792,-3270.14453125,-0.000128844447317533
172800.0,793,-3276.5546875,-0.000129494990687817
172800.0,794,-3282.85913085938,-0.00013013364514336
172800.0,795,-3289.06030273438,-0.000130762797198258
172800.0,796,-3295.1591796875,-0.000131380962557159
172800.0,797,-3301.15771484375,-0.000131988723296672
172800.0,798,-3307.0576171875,-0.000132587476400658
172800.0,799,-3312.86059570312,-0.000133174849906936
172800.0,800,-3318.56787109375,-0.000133754438138567
172800.0,801,-3324.18139648438,-0.000134323170641437
172800.0,802,-3329.70263671875,-0.000134882444399409
172800.0,803,-3335.1328125,-0.000135433278046548
172800.0,804,-3340.47387695312,-0.000135974783916026
172800.0,805,-3345.72705078125,-0.000136507500428706
172800.0,806,-3350.8935546875,-0.000137030452606268
172800.0,807,-3355.97534179688,-0.000137546492624097
172800.0,808,-3360.97338867188,-0.000138052870170213
172800.0,809,-3365.88940429688,-0.000138550763949752
172800.0,810,-3370.72436523438,-0.000139041221700609
172800.0,811,-3375.47973632812,-0.000139523399411701
172800.0,812,-3380.15698242188,-0.000139997529913671
172800.0,813,-3384.75732421875,-0.00014046327851247
172800.0,814,-3389.28173828125,-0.000140922158607282
172800.0,815,-3393.73193359375,-0.000141373646329157
172800.0,816,-3398.10888671875,-0.000141816781251691
172800.0,817,-3402.41381835938,-0.000142253600643016
172800.0,818,-3406.64794921875,-0.000142682867590338
172800.0,819,-3410.8125,-0.000143104727612808
172800.0,820,-3414.90844726562,-0.000143520970596001
172800.0,821,-3418.93701171875,-0.000143928118632175
172800.0,822,-3422.89916992188,-0.000144329911563545
172800.0,823,-3426.79638671875,-0.000144725476275198
172800.0,824,-3430.62939453125,-0.000145114041515626
172800.0,825,-3434.39916992188,-0.000145495563629083
172800.0,826,-3438.10717773438,-0.000145871745189652
172800.0,827,-3441.75415039062,-0.000146241232869215
172800.0,828,-3445.34106445312,-0.000146604579640552
172800.0,829,-3448.86889648438,-0.000146962571307085
172800.0,830,-3452.33862304688,-0.000147313592606224
172800.0,831,-3455.75146484375,-0.0001476596808061
172800.0,832,-3459.10815429688,-0.000148000253830105
172800.0,833,-3462.40966796875,-0.000148335369885899
172800.0,834,-3465.65673828125,-0.000148664417793043
172800.0,835,-3468.85034179688,-0.000148987674037926
172800.0,836,-3471.99145507812,-0.000149305822560564
172800.0,837,-3475.0810546875,-0.000149619503645226
172800.0,838,-3478.11962890625,-0.000149927218444645
172800.0,839,-3481.10815429688,-0.000150230698636733
172800.0,840,-3484.04760742188,-0.000150527979712933
172800.0,841,-3486.93872070312,-0.000150820997077972
172800.0,842,-3489.78247070312,-0.000151109503349289
172800.0,843,-3492.5791015625,-0.00015139281458687
172800.0,844,-3495.32983398438,-0.00015167155652307
172800.0,845,-3498.03540039062,-0.00015194556908682
172800.0,846,-3500.69653320312,-0.000152215274283662
172800.0,847,-3503.31372070312,-0.000152480424731039
172800.0,848,-3505.88793945312,-0.000152741704368964
172800.0,849,-3508.41967773438,-0.00015299828373827
172800.0,850,-3510.90991210938,-0.000153250293806195
172800.0,851,-3513.35913085938,-0.000153498869622126
172800.0,852,-3515.76806640625,-0.000153743429109454
172800.0,853,-3518.13720703125,-0.000153982953634113
172800.0,854,-3520.46752929688,-0.000154219233081676
172800.0,855,-3522.75952148438,-0.000154451321577653
172800.0,856,-3525.01391601562,-0.000154680310515687
172800.0,857,-3527.23095703125,-0.000154904919327237
172800.0,858,-3529.41162109375,-0.000155125802848488
172800.0,859,-3531.55639648438,-0.000155343179358169
172800.0,860,-3533.666015625,-0.000155556466779672
172800.0,861,-3535.74096679688,-0.000155767324031331
172800.0,862,-3537.78149414062,-0.000155974426888861
172800.0,863,-3539.78857421875,-0.000156178008182906
172800.0,864,-3541.7626953125,-0.000156377558596432
172800.0,865,-3543.70434570312,-0.000156574620632455
172800.0,866,-3545.61401367188,-0.000156768030137755
172800.0,867,-3547.49243164062,-0.000156957816216163
172800.0,868,-3549.33984375,-0.000157145506818779
172800.0,869,-3551.15673828125,-0.000157329472131096
172800.0,870,-3552.94384765625,-0.000157510774442926
172800.0,871,-3554.70141601562,-0.000157688846229576
172800.0,872,-3556.43017578125,-0.000157864458742552
172800.0,873,-3558.13061523438,-0.000158036695211194
172800.0,874,-3559.80297851562,-0.000158205701154657
172800.0,875,-3561.44775390625,-0.000158372276928276
172800.0,876,-3563.06567382812,-0.000158536495291628
172800.0,877,-3564.65673828125,-0.000158697774168104
172800.0,878,-3566.2216796875,-0.000158856011694297
172800.0,879,-3567.76098632812,-0.000159012430231087
172800.0,880,-3569.27490234375,-0.000159166258526966
172800.0,881,-3570.76391601562,-0.000159316696226597
172800.0,882,-3572.228515625,-0.00015946508210618
172800.0,883,-3573.6689453125,-0.000159610965056345
172800.0,884,-3575.08569335938,-0.000159754461492412
172800.0,885,-3576.47900390625,-0.000159895993419923
172800.0,886,-3577.849609375,-0.000160034716827795
172800.0,887,-3579.19750976562,-0.000160170864546672
172800.0,888,-3580.52319335938,-0.00016030490223784
172800.0,889,-3581.8271484375,-0.000160437484737486
172800.0,890,-3583.10986328125,-0.000160566865815781
172800.0,891,-3584.37109375,-0.000160695286467671
172800.0,892,-3585.61181640625,-0.000160818759468384
172800.0,893,-3586.83203125,-0.000160945957759395
172800.0,894,-3588.0322265625,-0.000161058211233467
172800.0,895,-3589.21264648438,-0.000161196832777932
172800.0,896,-3590.37377929688,-0.000161270872922614
172800.0,897,-3591.515625,-0.000161482865223661
172800.0,898,-3592.638671875,-0.000161381103680469
172800.0,899,-3593.74340820312,-0.000161979871336371
172800.0,900,-3594.82983398438,-0.000160990108270198
172800.0,901,-3595.8984375,-0.00016362892347388
172800.0,902,-3596.94946289062,-0.000157930830027908
172800.0,903,-3597.98315429688,-0.000171584077179432
172800.0,904,-3599.0,-0.000140296324389055
345600.0,2,-3600.0,-0.000219076900975779
345600.0,3,-4100.0,-0.000793979677837342
345600.0,6,-2500.0,-5.07449258293491e-05
345600.0,35,-3601.0,-0.000433206208981574
345600.0,36,-3602.03662109375,-0.000369216257240623
345600.0,37,-3603.11108398438,-0.000392331159673631
345600.0,38,-3604.22485351562,-0.000384332175599411
345600.0,39,-3605.37939453125,-0.000388807209674269
345600.0,40,-3606.57592773438,-0.000387718493584543
345600.0,41,-3607.81640625,-0.000389321066904813
345600.0,42,-3609.10229492188,-0.000389590772101656
345600.0,43,-3610.43505859375,-0.000390593544580042
345600.0,44,-3611.81665039062,-0.000391245703212917
345600.0,45,-3613.24877929688,-0.000392135203583166
345600.0,46,-3614.7333984375,-0.000392938876757398
345600.0,47,-3616.27221679688,-0.000393841415643692
345600.0,48,-3617.8671875,-0.00039474232471548
345600.0,49,-3619.5205078125,-0.000395698560168967
345600.0,50,-3621.234375,-0.000396684452425689
345600.0,51,-3623.0107421875,-0.000397710915422067
345600.0,52,-3624.85229492188,-0.000398777687223628
345600.0,53,-3626.76098632812,-0.000399885786464438
345600.0,54,-3628.73974609375,-0.000401037133997306
345600.0,55,-3630.79052734375,-0.000402236561058089
345600.0,56,-3632.91650390625,-0.000403480400564149
345600.0,57,-3635.1201171875,-0.000404779333621264
345600.0,58,-3637.40454101562,-0.000406124454457313
345600.0,59,-3639.77221679688,-0.000407526531489566
345600.0,60,-3642.2265625,-0.000408988271374255
345600.0,61,-3644.77075195312,-0.000410502339946106
345600.0,62,-3647.40795898438,-0.000412079330999404
345600.0,63,-3650.1416015625,-0.000413723144447431
345600.0,64,-3652.97509765625,-0.00041543148108758
345600.0,65,-3655.91235351562,-0.000417205767007545
345600.0,66,-3658.95678710938,-0.000419059186242521
345600.0,67,-3662.11279296875,-0.000420990021666512
345600.0,68,-3665.38403320312,-0.000422997283749282
345600.0,69,-3668.77514648438,-0.000425088219344616
345600.0,70,-3672.2900390625,-0.00042726710671559
345600.0,71,-3675.93359375,-0.000429535721195862
345600.0,72,-3679.71020507812,-0.00043190098949708
345600.0,73,-3683.625,-0.000434370216680691
345600.0,74,-3687.68310546875,-0.000436940783401951
345600.0,75,-3691.88940429688,-0.000439622905105352
345600.0,76,-3696.24951171875,-0.000442417687736452
345600.0,77,-3700.76928710938,-0.000445335841504857
345600.0,78,-3705.4541015625,-0.00044838318717666
345600.0,79,-3710.31030273438,-0.000451560568762943
345600.0,80,-3715.34423828125,-0.000454878871096298
345600.0,81,-3720.56201171875,-0.00045834228512831
345600.0,82,-3725.970703125,-0.000461957097286358
345600.0,83,-3731.5771484375,-0.000465739023638889
345600.0,84,-3737.388671875,-0.000469695252832025
345600.0,85,-3743.41259765625,-0.000473824242362753
345600.0,86,-3749.65698242188,-0.000478145142551512
345600.0,87,-3756.12939453125,-0.000482666277093813
345600.0,88,-3762.8388671875,-0.000487391167553142
345600.0,89,-3769.79345703125,-0.000492345134261996
345600.0,90,-3777.00244140625,-0.000497531378641725
345600.0,91,-3784.47509765625,-0.000502961105667055
345600.0,92,-3792.220703125,-0.00050865497905761
345600.0,93,-3800.25,-0.000514622894115746
345600.0,94,-3808.57250976562,-0.000520885339938104
345600.0,95,-3817.19970703125,-0.000527444644831121
345600.0,96,-3826.14208984375,-0.000534350983798504
345600.0,97,-3835.41162109375,-0.000541578803677112
345600.0,98,-3845.02001953125,-0.000549231248442084
345600.0,99,-3854.97998046875,-0.000557104533072561
345600.0,100,-3864.58837890625,-0.000564976769965142
345600.0,101,-3873.85791015625,-0.000572607386857271
345600.0,102,-3882.80029296875,-0.000580093823373318
345600.0,103,-3891.42749023438,-0.000587399525102228
345600.0,104,-3899.75,-0.000594535900745541
345600.0,105,-3907.779296875,-0.000601499108597636
345600.0,106,-3915.52490234375,-0.000608292815741152
345600.0,107,-3922.99755859375,-0.000614917778875679
345600.0,108,-3930.20654296875,-0.00062137219356373
345600.0,109,-3937.1611328125,-0.000627669563982636
345600.0,110,-3943.87060546875,-0.00063380179926753
345600.0,111,-3950.34301757812,-0.000639772915747017
345600.0,112,-3956.58740234375,-0.000645586929749697
345600.0,113,-3962.611328125,-0.000651243433821946
345600.0,114,-3968.4228515625,-0.000656748306937516
345600.0,115,-3974.029296875,-0.000662103877402842
345600.0,116,-3979.43798828125,-0.000667311018332839
345600.0,117,-3984.65576171875,-0.000672367226798087
345600.0,118,-3989.68969726562,-0.000677286123391241
345600.0,119,-3994.5458984375,-0.00068206648575142
345600.0,120,-3999.23071289062,-0.000686705810949206
345600.0,121,-4003.75048828125,-0.000691212771926075
345600.0,122,-4008.11059570312,-0.000695593014825135
345600.0,123,-4012.31689453125,-0.000699838041327894
345600.0,124,-4016.375,-0.000703961646649987
345600.0,125,-4020.28979492188,-0.000707958010025322
345600.0,126,-4024.06640625,-0.000711835222318769
345600.0,127,-4027.7099609375,-0.000715601316187531
345600.0,128,-4031.22485351562,-0.000719246861990541
345600.0,129,-4034.61596679688,-0.00072278204606846
345600.0,130,-4037.88720703125,-0.000726210593711585
345600.0,131,-4041.04321289062,-0.000729530409444124
345600.0,132,-4044.08764648438,-0.000732751097530127
345600.0,133,-4047.02490234375,-0.000735868990886956
345600.0,134,-4049.8583984375,-0.000738886883482337
345600.0,135,-4052.59204101562,-0.00074181699892506
345600.0,136,-4055.22924804688,-0.000744647171813995
345600.0,137,-4057.7734375,-0.000747389101888984
345600.0,138,-4060.22778320312,-0.000750046572647989
345600.0,139,-4062.59545898438,-0.000752618245314807
345600.0,140,-4064.8798828125,-0.000755112734623253
345600.0,141,-4067.08349609375,-0.000757517816964537
345600.0,142,-4069.20947265625,-0.000759847112931311
345600.0,143,-4071.26025390625,-0.000762103882152587
345600.0,144,-4073.23901367188,-0.000764282012823969
345600.0,145,-4075.14770507812,-0.000766398559790105
345600.0,146,-4076.9892578125,-0.000768439553212374
345600.0,147,-4078.765625,-0.000770412909332663
345600.0,148,-4080.4794921875,-0.000772323634009808
345600.0,149,-4082.1328125,-0.000774163578171283
345600.0,150,-4083.72778320312,-0.000775948283262551
345600.0,151,-4085.2666015625,-0.000777682056650519
345600.0,152,-4086.75122070312,-0.000779351335950196
345600.0,153,-4088.18334960938,-0.000780960079282522
345600.0,154,-4089.56494140625,-0.000782522256486118
345600.0,155,-4090.89770507812,-0.000784033094532788
345600.0,156,-4092.18359375,-0.000785490963608027
345600.0,157,-4093.42407226562,-0.000786899938248098
345600.0,158,-4094.62060546875,-0.000788257399108261
345600.0,159,-4095.77514648438,-0.000789564801380038
345600.0,160,-4096.88916015625,-0.00079084507888183
345600.0,161,-4097.96337890625,-0.000792043399997056
345600.0,162,-4099.0,-0.000793285202234983
345600.0,626,-2501.0,-5.08176926814485e-05
345600.0,627,-2502.01684570312,-5.09338460688014e-05
345600.0,628,-2503.05053710938,-5.10329664393794e-05
345600.0,629,-2504.1015625,-5.11418838868849e-05
345600.0,630,-2505.17016601562,-5.12501210323535e-05
345600.0,631,-2506.25659179688,-5.13599115947727e-05
345600.0,632,-2507.361328125,-5.14719249622431e-05
345600.0,633,-2508.484375,-5.15862811880652e-05
345600.0,634,-2509.62622070312,-5.17021653649863e-05
345600.0,635,-2510.78735351562,-5.18200577062089e-05
345600.0,636,-2511.9677734375,-5.19398017786443e-05
345600.0,637,-2513.16796875,-5.20615612913389e-05
345600.0,638,-2514.38818359375,-5.21853107784409e-05
345600.0,639,-2515.62890625,-5.23112576047424e-05
345600.0,640,-2516.89013671875,-5.24391471117269e-05
345600.0,641,-2518.1728515625,-5.25697541888803e-05
345600.0,642,-2519.47680664062,-5.27016527485102e-05
345600.0,643,-2520.80249023438,-5.28361342730932e-05
345600.0,644,-2522.150390625,-5.29734024894424e-05
345600.0,645,-2523.52099609375,-5.31120094819926e-05
345600.0,646,-2524.91430664062,-5.32539816049393e-05
345600.0,647,-2526.3310546875,-5.33976308361162e-05
345600.0,648,-2527.771484375,-5.35437829967123e-05
345600.0,649,-2529.23608398438,-5.36923726031091e-05
345600.0,650,-2530.72509765625,-5.3843035857426e-05
345600.0,651,-2532.23901367188,-5.39970787940547e-05
345600.0,652,-2533.7783203125,-5.41537156095728e-05
345600.0,653,-2535.34326171875,-5.43121641385369e-05
345600.0,654,-2536.93432617188,-5.44736649317201e-05
345600.0,655,-2538.55224609375,-5.46381052117795e-05
345600.0,656,-2540.19702148438,-5.48049138160422e-05
345600.0,657,-2541.86938476562,-5.49741271242965e-05
345600.0,658,-2543.56982421875,-5.51466109754983e-05
345600.0,659,-2545.29858398438,-5.53224053874146e-05
345600.0,660,-2547.05615234375,-5.55008300580084e-05
345600.0,661,-2548.84326171875,-5.56821323698387e-05
345600.0,662,-2550.66015625,-5.58668107260019e-05
345600.0,663,-2552.50756835938,-5.60537991987076e-05
345600.0,664,-2554.38598632812,-5.62438654014841e-05
345600.0,665,-2556.29565429688,-5.64383990422357e-05
345600.0,666,-2558.2373046875,-5.66353301110212e-05
345600.0,667,-2560.21142578125,-5.68352334084921e-05
345600.0,668,-2562.21850585938,-5.70391966903117e-05
345600.0,669,-2564.25903320312,-5.72461685806047e-05
345600.0,670,-2566.333984375,-5.74563491682056e-05
345600.0,671,-2568.44360351562,-5.76708334847353e-05
345600.0,672,-2570.58837890625,-5.78889266762417e-05
345600.0,673,-2572.76904296875,-5.81098465772811e-05
345600.0,674,-2574.98608398438,-5.83348955842666e-05
345600.0,675,-2577.24047851562,-5.85640191275161e-05
345600.0,676,-2579.53247070312,-5.87965769227594e-05
345600.0,677,-2581.86279296875,-5.90328490943648e-05
345600.0,678,-2584.23193359375,-5.9273217630107e-05
345600.0,679,-2586.64086914062,-5.9517038607737e-05
345600.0,680,-2589.09008789062,-5.97660691710189e-05
345600.0,681,-2591.58032226562,-6.00190323893912e-05
345600.0,682,-2594.11206054688,-6.0275946452748e-05
345600.0,683,-2596.68627929688,-6.0536836826941e-05
345600.0,684,-2599.30346679688,-6.0802176449215e-05
345600.0,685,-2601.96459960938,-6.10732022323646e-05
345600.0,686,-2604.67016601562,-6.13470110693015e-05
345600.0,687,-2607.4208984375,-6.16263569099829e-05
345600.0,688,-2610.21752929688,-6.19098354945891e-05
345600.0,689,-2613.06127929688,-6.21987492195331e-05
345600.0,690,-2615.95239257812,-6.24920721747912e-05
345600.0,691,-2618.89184570312,-6.2789702496957e-05
345600.0,692,-2621.88037109375,-6.30935246590525e-05
345600.0,693,-2624.9189453125,-6.34015668765642e-05
345600.0,694,-2628.00854492188,-6.37156263110228e-05
345600.0,695,-2631.14965820312,-6.40340513200499e-05
345600.0,696,-2634.34326171875,-6.4357795054093e-05
345600.0,697,-2637.59033203125,-6.4686952100601e-05
345600.0,698,-2640.89184570312,-6.50228612357751e-05
345600.0,699,-2644.24853515625,-6.53629977023229e-05
345600.0,700,-2647.66137695312,-6.57091513858177e-05
345600.0,701,-2651.13110351562,-6.60620571579784e-05
345600.0,702,-2654.65893554688,-6.64188846712932e-05
345600.0,703,-2658.24584960938,-6.67829590383917e-05
345600.0,704,-2661.89282226562,-6.71535308356397e-05
345600.0,705,-2665.60083007812,-6.752982881153e-05
345600.0,706,-2669.37060546875,-6.79116710671224e-05
345600.0,707,-2673.20361328125,-6.83010148350149e-05
345600.0,708,-2677.10083007812,-6.86960920575075e-05
345600.0,709,-2681.06298828125,-6.90981687512249e-05
345600.0,710,-2685.09155273438,-6.95068374625407e-05
345600.0,711,-2689.1875,-6.99226802680641e-05
345600.0,712,-2693.35205078125,-7.03456826158799e-05
345600.0,713,-2697.58618164062,-7.07743674865924e-05
345600.0,714,-2701.89111328125,-7.12113906047307e-05
345600.0,715,-2706.26806640625,-7.16563808964565e-05
345600.0,716,-2710.71826171875,-7.21067772246897e-05
345600.0,717,-2715.24267578125,-7.25663703633472e-05
345600.0,718,-2719.84301757812,-7.30333122191951e-05
345600.0,719,-2724.52026367188,-7.35074063413776e-05
345600.0,720,-2729.27563476562,-7.39902388886549e-05
345600.0,721,-2734.11059570312,-7.44809585739858e-05
345600.0,722,-2739.02661132812,-7.49793471186422e-05
345600.0,723,-2744.02465820312,-7.54860884626396e-05
345600.0,724,-2749.1064453125,-7.60025577619672e-05
345600.0,725,-2754.27294921875,-7.65258955652826e-05
345600.0,726,-2759.52612304688,-7.70590413594618e-05
345600.0,727,-2764.8671875,-7.7600940130651e-05
345600.0,728,-2770.29736328125,-7.81521885073744e-05
345600.0,729,-2775.81860351562,-7.87118551670574e-05
345600.0,730,-2781.43212890625,-7.9280995123554e-05
345600.0,731,-2787.13940429688,-7.9860990808811e-05
345600.0,732,-2792.9423828125,-8.04487499408424e-05
345600.0,733,-2798.84228515625,-8.10479032224976e-05
345600.0,734,-2804.8408203125,-8.16560641396791e-05
345600.0,735,-2810.93969726562,-8.22746224002913e-05
345600.0,736,-2817.14086914062,-8.29041600809433e-05
345600.0,737,-2823.4453125,-8.35432001622394e-05
345600.0,738,-2829.85546875,-8.41941146063618e-05
345600.0,739,-2836.37280273438,-8.48543058964424e-05
345600.0,740,-2842.99926757812,-8.55271136970259e-05
345600.0,741,-2849.73657226562,-8.62105589476414e-05
345600.0,742,-2856.58642578125,-8.69054711074568e-05
345600.0,743,-2863.55078125,-8.7611646449659e-05
345600.0,744,-2870.6318359375,-8.83301763678901e-05
345600.0,745,-2877.8310546875,-8.90603114385158e-05
345600.0,746,-2885.15087890625,-8.98024518392049e-05
345600.0,747,-2892.59326171875,-9.05580236576498e-05
345600.0,748,-2900.15991210938,-9.13249241420999e-05
345600.0,749,-2907.85327148438,-9.21063765417784e-05
345600.0,750,-2915.67529296875,-9.28987064980902e-05
345600.0,751,-2923.6279296875,-9.37053118832409e-05
345600.0,752,-2931.7138671875,-9.45254869293422e-05
345600.0,753,-2939.93505859375,-9.53591807046905e-05
345600.0,754,-2948.29345703125,-9.62072736001574e-05
345600.0,755,-2956.7919921875,-9.70694236457348e-05
345600.0,756,-2965.4326171875,-9.79457254288718e-05
345600.0,757,-2974.21752929688,-9.88363608485088e-05
345600.0,758,-2983.14965820312,-9.97426177491434e-05
345600.0,759,-2992.23095703125,-0.000100663295597769
345600.0,760,-3001.46435546875,-0.00010160006058868
345600.0,761,-3010.85229492188,-0.000102552272437606
345600.0,762,-3020.39697265625,-0.000103519945696462
345600.0,763,-3030.10131835938,-0.000104503909824416
345600.0,764,-3039.96826171875,-0.000105506107502151
345600.0,765,-3050.0,-0.000106521511042956
345600.0,766,-3060.03173828125,-0.000107537853182293
345600.0,767,-3069.89868164062,-0.000108538777567446
345600.0,768,-3079.60302734375,-0.000109522836282849
345600.0,769,-3089.14770507812,-0.000110491309897043
345600.0,770,-3098.53564453125,-0.000111442925117444
345600.0,771,-3107.76904296875,-0.000112379806523677
345600.0,772,-3116.85034179688,-0.000113300258817617
345600.0,773,-3125.78247070312,-0.000114206282887608
345600.0,774,-3134.5673828125,-0.000115096947411075
345600.0,775,-3143.2080078125,-0.000115972630737815
345600.0,776,-3151.70654296875,-0.000116835297376383
345600.0,777,-3160.06494140625,-0.000117681869596709
345600.0,778,-3168.2861328125,-0.000118515832582489
345600.0,779,-3176.3720703125,-0.000119335803901777
345600.0,780,-3184.32470703125,-0.000120141507068183
345600.0,781,-3192.14672851562,-0.000120934935694095
345600.0,782,-3199.84008789062,-0.000121715267596301
345600.0,783,-3207.40673828125,-0.000122482349979691
345600.0,784,-3214.84912109375,-0.000123237303341739
345600.0,785,-3222.1689453125,-0.000123979320051149
345600.0,786,-3229.3681640625,-0.000124708982184529
345600.0,787,-3236.44921875,-0.000125427264720201
345600.0,788,-3243.41357421875,-0.000126133032608777
345600.0,789,-3250.26342773438,-0.000126827624626458
345600.0,790,-3257.00073242188,-0.000127510676975362
345600.0,791,-3263.62719726562,-0.00012818313552998
345600.0,792,-3270.14453125,-0.000128842948470265
345600.0,793,-3276.5546875,-0.000129493477288634
345600.0,794,-3282.85913085938,-0.000130132131744176
345600.0,795,-3289.06030273438,-0.000130761283799075
345600.0,796,-3295.1591796875,-0.000131379449157976
345600.0,797,-3301.15771484375,-0.000131987224449404
345600.0,798,-3307.0576171875,-0.00013258597755339
345600.0,799,-3312.86059570312,-0.000133173336507753
345600.0,800,-3318.56787109375,-0.000133752939291298
345600.0,801,-3324.18139648438,-0.000134321671794169
345600.0,802,-3329.70263671875,-0.000134880931000225
345600.0,803,-3335.1328125,-0.000135431764647365
345600.0,804,-3340.47387695312,-0.000135973270516843
345600.0,805,-3345.72705078125,-0.000136506001581438
345600.0,806,-3350.8935546875,-0.000137028953759
345600.0,807,-3355.97534179688,-0.000137544979224913
345600.0,808,-3360.97338867188,-0.00013805135677103
345600.0,809,-3365.88940429688,-0.000138549265102483
345600.0,810,-3370.72436523438,-0.00013903972285334
345600.0,811,-3375.47973632812,-0.000139521886012517
345600.0,812,-3380.15698242188,-0.000139996031066403
345600.0,813,-3384.75732421875,-0.000140461765113287
345600.0,814,-3389.28173828125,-0.000140920645208098
345600.0,815,-3393.73193359375,-0.000141372132929973
345600.0,816,-3398.10888671875,-0.000141815267852508
345600.0,817,-3402.41381835938,-0.000142252087243833
345600.0,818,-3406.64794921875,-0.000142681368743069
345600.0,819,-3410.8125,-0.000143103214213625
345600.0,820,-3414.90844726562,-0.000143519457196817
345600.0,821,-3418.93701171875,-0.000143926619784907
345600.0,822,-3422.89916992188,-0.000144328412716277
345600.0,823,-3426.79638671875,-0.000144723962876014
345600.0,824,-3430.62939453125,-0.000145112528116442
345600.0,825,-3434.39916992188,-0.0001454940502299
345600.0,826,-3438.10717773438,-0.000145870231790468
345600.0,827,-3441.75415039062,-0.000146239734021947
345600.0,828,-3445.34106445312,-0.000146603080793284
345600.0,829,-3448.86889648438,-0.000146961057907902
345600.0,830,-3452.33862304688,-0.000147312093758956
345600.0,831,-3455.75146484375,-0.000147658181958832
345600.0,832,-3459.10815429688,-0.000147998754982837
345600.0,833,-3462.40966796875,-0.000148333871038631
345600.0,834,-3465.65673828125,-0.000148662904393859
345600.0,835,-3468.85034179688,-0.000148986175190657
345600.0,836,-3471.99145507812,-0.000149304323713295
345600.0,837,-3475.0810546875,-0.000149617990246043
345600.0,838,-3478.11962890625,-0.000149925705045462
345600.0,839,-3481.10815429688,-0.000150229185237549
345600.0,840,-3484.04760742188,-0.00015052646631375
345600.0,841,-3486.93872070312,-0.000150819498230703
345600.0,842,-3489.78247070312,-0.000151108004502021
345600.0,843,-3492.5791015625,-0.000151391301187687
345600.0,844,-3495.32983398438,-0.000151670043123886
345600.0,845,-3498.03540039062,-0.000151944070239551
345600.0,846,-3500.69653320312,-0.000152213775436394
345600.0,847,-3503.31372070312,-0.000152478911331855
345600.0,848,-3505.88793945312,-0.000152740205521695
345600.0,849,-3508.41967773438,-0.000152996784891002
345600.0,850,-3510.90991210938,-0.000153248794958927
345600.0,851,-3513.35913085938,-0.000153497356222942
345600.0,852,-3515.76806640625,-0.00015374191571027
345600.0,853,-3518.13720703125,-0.000153981440234929
345600.0,854,-3520.46752929688,-0.000154217734234408
345600.0,855,-3522.75952148438,-0.000154449822730385
345600.0,856,-3525.01391601562,-0.000154678797116503
345600.0,857,-3527.23095703125,-0.000154903405928053
345600.0,858,-3529.41162109375,-0.00015512430400122
345600.0,859,-3531.55639648438,-0.000155341665958986
345600.0,860,-3533.666015625,-0.000155554953380488
345600.0,861,-3535.74096679688,-0.000155765810632147
345600.0,862,-3537.78149414062,-0.000155972913489677
345600.0,863,-3539.78857421875,-0.000156176509335637
345600.0,864,-3541.7626953125,-0.000156376045197248
345600.0,865,-3543.70434570312,-0.000156573121785186
345600.0,866,-3545.61401367188,-0.000156766531290486
345600.0,867,-3547.49243164062,-0.000156956317368895
345600.0,868,-3549.33984375,-0.000157143993419595
345600.0,869,-3551.15673828125,-0.000157327958731912
345600.0,870,-3552.94384765625,-0.000157509261043742
345600.0,871,-3554.70141601562,-0.000157687332830392
345600.0,872,-3556.43017578125,-0.000157862959895283
345600.0,873,-3558.13061523438,-0.000158035181812011
345600.0,874,-3559.80297851562,-0.000158204187755473
345600.0,875,-3561.44775390625,-0.000158370763529092
345600.0,876,-3563.06567382812,-0.000158534981892444
345600.0,877,-3564.65673828125,-0.00015869626076892
345600.0,878,-3566.2216796875,-0.000158854498295113
345600.0,879,-3567.76098632812,-0.000159010916831903
345600.0,880,-3569.27490234375,-0.000159164745127782
345600.0,881,-3570.76391601562,-0.000159315182827413
345600.0,882,-3572.228515625,-0.000159463568706997
345600.0,883,-3573.6689453125,-0.000159609451657161
345600.0,884,-3575.08569335938,-0.000159752933541313
345600.0,885,-3576.47900390625,-0.000159894465468824
345600.0,886,-3577.849609375,-0.000160033188876696
345600.0,887,-3579.19750976562,-0.000160169322043657
345600.0,888,-3580.52319335938,-0.000160303345182911
345600.0,889,-3581.8271484375,-0.000160435927682556
345600.0,890,-3583.10986328125,-0.000160565250553191
345600.0,891,-3584.37109375,-0.000160693729412742
345600.0,892,-3585.61181640625,-0.000160817013238557
345600.0,893,-3586.83203125,-0.000160944531671703
345600.0,894,-3588.0322265625,-0.000161056028446183
345600.0,895,-3589.21264648438,-0.000161196236149408
345600.0,896,-3590.37377929688,-0.000161266812938266
345600.0,897,-3591.515625,-0.000161486605065875
345600.0,898,-3592.638671875,-0.00016136777412612
345600.0,899,-3593.74340820312,-0.000162005715537816
345600.0,900,-3594.82983398438,-0.000160928582772613
345600.0,901,-3595.8984375,-0.000163770266226493
345600.0,902,-3596.94946289062,-0.000157610134920105
345600.0,903,-3597.98315429688,-0.000172352505614981
345600.0,904,-3599.0,-0.00013855003635399
691200.0,2,-3600.0,-0.000224704490392469
691200.0,3,-4100.0,-0.00090553512563929
691200.0,6,-2500.0,-5.07427321281284e-05
691200.0,35,-3601.0,-0.000480430695461109
691200.0,36,-3602.03662109375,-0.000405392842367291
691200.0,37,-3603.11108398438,-0.000432814878877252
691200.0,38,-3604.22485351562,-0.000423029792727903
691200.0,39,-3605.37939453125,-0.000428622093750164
691200.0,40,-3606.57592773438,-0.000427100283559412
691200.0,41,-3607.81640625,-0.000429126201197505
691200.0,42,-3609.10229492188,-0.000429337524110451
691200.0,43,-3610.43505859375,-0.000430563057307154
691200.0,44,-3611.81665039062,-0.00043128096149303
691200.0,45,-3613.24877929688,-0.000432335364166647
691200.0,46,-3614.7333984375,-0.000433252804214135
691200.0,47,-3616.27221679688,-0.000434307585237548
691200.0,48,-3617.8671875,-0.000435346795711666
691200.0,49,-3619.5205078125,-0.000436458823969588
691200.0,50,-3621.234375,-0.000437599985161796
691200.0,51,-3623.0107421875,-0.000438791554188356
691200.0,52,-3624.85229492188,-0.000440028117736802
691200.0,53,-3626.76098632812,-0.00044131392496638
691200.0,54,-3628.73974609375,-0.000442649383330718
691200.0,55,-3630.79052734375,-0.000444041128503159
691200.0,56,-3632.91650390625,-0.000445484445663169
691200.0,57,-3635.1201171875,-0.000446991878561676
691200.0,58,-3637.40454101562,-0.000448553269961849
691200.0,59,-3639.77221679688,-0.000450180901680142
691200.0,60,-3642.2265625,-0.000451878062449396
691200.0,61,-3644.77075195312,-0.000453636341262609
691200.0,62,-3647.40795898438,-0.00045546775800176
691200.0,63,-3650.1416015625,-0.000457377202110365
691200.0,64,-3652.97509765625,-0.000459361966932192
691200.0,65,-3655.91235351562,-0.000461423711385578
691200.0,66,-3658.95678710938,-0.000463577685877681
691200.0,67,-3662.11279296875,-0.000465822115074843
691200.0,68,-3665.38403320312,-0.000468155922135338
691200.0,69,-3668.77514648438,-0.000470587459858507
691200.0,70,-3672.2900390625,-0.00047312185051851
691200.0,71,-3675.93359375,-0.00047576118959114
691200.0,72,-3679.71020507812,-0.000478513509733602
691200.0,73,-3683.625,-0.000481387483887374
691200.0,74,-3687.68310546875,-0.000484380085254088
691200.0,75,-3691.88940429688,-0.000487503304611892
691200.0,76,-3696.24951171875,-0.000490758684463799
691200.0,77,-3700.76928710938,-0.000494158477522433
691200.0,78,-3705.4541015625,-0.000497709785122424
691200.0,79,-3710.31030273438,-0.000501413829624653
691200.0,80,-3715.34423828125,-0.000505283009260893
691200.0,81,-3720.56201171875,-0.000509322504512966
691200.0,82,-3725.970703125,-0.000513540056999773
691200.0,83,-3731.5771484375,-0.00051795388571918
691200.0,84,-3737.388671875,-0.000522572547197342
691200.0,85,-3743.41259765625,-0.000527394528035074
691200.0,86,-3749.65698242188,-0.000532442179974169
691200.0,87,-3756.12939453125,-0.000537725689355284
691200.0,88,-3762.8388671875,-0.000543249421752989
691200.0,89,-3769.79345703125,-0.000549042888451368
691200.0,90,-3777.00244140625,-0.000555110455024987
691200.0,91,-3784.47509765625,-0.000561465451028198
691200.0,92,-3792.220703125,-0.000568132207263261
691200.0,93,-3800.25,-0.000575123296584934
691200.0,94,-3808.57250976562,-0.000582462467718869
691200.0,95,-3817.19970703125,-0.000590153562370688
691200.0,96,-3826.14208984375,-0.000598255486693233
691200.0,97,-3835.41162109375,-0.000606739718932658
691200.0,98,-3845.02001953125,-0.000615727039985359
691200.0,99,-3854.97998046875,-0.000624977226834744
691200.0,100,-3864.58837890625,-0.000634233874734491
691200.0,101,-3873.85791015625,-0.000643212406430393
691200.0,102,-3882.80029296875,-0.000652025570161641
691200.0,103,-3891.42749023438,-0.000660631281789392
691200.0,104,-3899.75,-0.000669042114168406
691200.0,105,-3907.779296875,-0.000677252828609198
691200.0,106,-3915.52490234375,-0.000685267674271017
691200.0,107,-3922.99755859375,-0.000693086942192167
691200.0,108,-3930.20654296875,-0.000700708653312176
691200.0,109,-3937.1611328125,-0.000708147592376918
691200.0,110,-3943.87060546875,-0.000715394271537662
691200.0,111,-3950.34301757812,-0.000722453522030264
691200.0,112,-3956.58740234375,-0.000729329360183328
691200.0,113,-3962.611328125,-0.000736021145712584
691200.0,114,-3968.4228515625,-0.00074253580532968
691200.0,115,-3974.029296875,-0.000748876016587019
691200.0,116,-3979.43798828125,-0.000755042070522904
691200.0,117,-3984.65576171875,-0.000761031173169613
691200.0,118,-3989.68969726562,-0.000766859098803252
691200.0,119,-3994.5458984375,-0.00077252445043996
691200.0,120,-3999.23071289062,-0.000778024143073708
691200.0,121,-4003.75048828125,-0.000783367839176208
691200.0,122,-4008.11059570312,-0.000788562523666769
691200.0,123,-4012.31689453125,-0.000793598301243037
691200.0,124,-4016.375,-0.000798490655142814
691200.0,125,-4020.28979492188,-0.000803233531769365
691200.0,126,-4024.06640625,-0.000807835720479488
691200.0,127,-4027.7099609375,-0.000812306767329574
691200.0,128,-4031.22485351562,-0.00081663578748703
691200.0,129,-4034.61596679688,-0.000820834306068718
691200.0,130,-4037.88720703125,-0.00082490686327219
691200.0,131,-4041.04321289062,-0.000828851072583348
691200.0,132,-4044.08764648438,-0.000832677993457764
691200.0,133,-4047.02490234375,-0.000836383202113211
691200.0,134,-4049.8583984375,-0.000839970423839986
691200.0,135,-4052.59204101562,-0.000843453803099692
691200.0,136,-4055.22924804688,-0.000846818729769439
691200.0,137,-4057.7734375,-0.00085007946472615
691200.0,138,-4060.22778320312,-0.000853240140713751
691200.0,139,-4062.59545898438,-0.000856299127917737
691200.0,140,-4064.8798828125,-0.000859266612678766
691200.0,141,-4067.08349609375,-0.000862128334119916
691200.0,142,-4069.20947265625,-0.000864900357555598
691200.0,143,-4071.26025390625,-0.000867586408276111
691200.0,144,-4073.23901367188,-0.000870179152116179
691200.0,145,-4075.14770507812,-0.000872698496095836
691200.0,146,-4076.9892578125,-0.000875128549523652
691200.0,147,-4078.765625,-0.000877478101756424
691200.0,148,-4080.4794921875,-0.000879753089975566
691200.0,149,-4082.1328125,-0.000881944200955331
691200.0,150,-4083.72778320312,-0.00088406988652423
691200.0,151,-4085.2666015625,-0.000886134977918118
691200.0,152,-4086.75122070312,-0.000888123642653227
691200.0,153,-4088.18334960938,-0.000890040362719446
691200.0,154,-4089.56494140625,-0.000891901552677155
691200.0,155,-4090.89770507812,-0.000893701799213886
691200.0,156,-4092.18359375,-0.000895439123269171
691200.0,157,-4093.42407226562,-0.000897118123248219
691200.0,158,-4094.62060546875,-0.000898736005183309
691200.0,159,-4095.77514648438,-0.000900293933227658
691200.0,160,-4096.88916015625,-0.000901819148566574
691200.0,161,-4097.96337890625,-0.000903247389942408
691200.0,162,-4099.0,-0.00090471759904176
691200.0,626,-2501.0,-5.08154989802279e-05
691200.0,627,-2502.01684570312,-5.09316487296019e-05
691200.0,628,-2503.05053710938,-5.10307727381587e-05
691200.0,629,-2504.1015625,-5.11396901856642e-05
691200.0,630,-2505.17016601562,-5.1247923693154e-05
691200.0,631,-2506.25659179688,-5.1357717893552e-05
691200.0,632,-2507.361328125,-5.14697312610224e-05
691200.0,633,-2508.484375,-5.15840838488657e-05
691200.0,634,-2509.62622070312,-5.16999716637656e-05
691200.0,635,-2510.78735351562,-5.18178640049882e-05
691200.0,636,-2511.9677734375,-5.19376080774236e-05
691200.0,637,-2513.16796875,-5.20593639521394e-05
691200.0,638,-2514.38818359375,-5.21831170772202e-05
691200.0,639,-2515.62890625,-5.23090639035217e-05
691200.0,640,-2516.89013671875,-5.24369497725274e-05
691200.0,641,-2518.1728515625,-5.25675604876596e-05
691200.0,642,-2519.47680664062,-5.26994554093108e-05
691200.0,643,-2520.80249023438,-5.28339369338937e-05
691200.0,644,-2522.150390625,-5.29712051502429e-05
691200.0,645,-2523.52099609375,-5.31098157807719e-05
691200.0,646,-2524.91430664062,-5.32517879037187e-05
691200.0,647,-2526.3310546875,-5.33954371348955e-05
691200.0,648,-2527.771484375,-5.35415892954916e-05
691200.0,649,-2529.23608398438,-5.36901752639096e-05
691200.0,650,-2530.72509765625,-5.38408385182265e-05
691200.0,651,-2532.23901367188,-5.3994885092834e-05
691200.0,652,-2533.7783203125,-5.41515219083522e-05
691200.0,653,-2535.34326171875,-5.43099704373162e-05
691200.0,654,-2536.93432617188,-5.44714712304994e-05
691200.0,655,-2538.55224609375,-5.46359115105588e-05
691200.0,656,-2540.19702148438,-5.48027164768428e-05
691200.0,657,-2541.86938476562,-5.49719334230758e-05
691200.0,658,-2543.56982421875,-5.51444172742777e-05
691200.0,659,-2545.29858398438,-5.53202080482151e-05
691200.0,660,-2547.05615234375,-5.54986327188089e-05
691200.0,661,-2548.84326171875,-5.5679938668618e-05
691200.0,662,-2550.66015625,-5.58646170247812e-05
691200.0,663,-2552.50756835938,-5.60516054974869e-05
691200.0,664,-2554.38598632812,-5.62416717002634e-05
691200.0,665,-2556.29565429688,-5.6436205341015e-05
691200.0,666,-2558.2373046875,-5.66331327718217e-05
691200.0,667,-2560.21142578125,-5.68330397072714e-05
691200.0,668,-2562.21850585938,-5.7037002989091e-05
691200.0,669,-2564.25903320312,-5.72439712414052e-05
691200.0,670,-2566.333984375,-5.74541518290062e-05
691200.0,671,-2568.44360351562,-5.76686397835147e-05
691200.0,672,-2570.58837890625,-5.7886732975021e-05
691200.0,673,-2572.76904296875,-5.81076528760605e-05
691200.0,674,-2574.98608398438,-5.8332701883046e-05
691200.0,675,-2577.24047851562,-5.85618254262954e-05
691200.0,676,-2579.53247070312,-5.87943795835599e-05
691200.0,677,-2581.86279296875,-5.90306553931441e-05
691200.0,678,-2584.23193359375,-5.92710239288863e-05
691200.0,679,-2586.64086914062,-5.95148449065164e-05
691200.0,680,-2589.09008789062,-5.97638754697982e-05
691200.0,681,-2591.58032226562,-6.00168386881705e-05
691200.0,682,-2594.11206054688,-6.02737527515274e-05
691200.0,683,-2596.68627929688,-6.05346431257203e-05
691200.0,684,-2599.30346679688,-6.07999827479944e-05
691200.0,685,-2601.96459960938,-6.10710048931651e-05
691200.0,686,-2604.67016601562,-6.1344813730102e-05
691200.0,687,-2607.4208984375,-6.1624166846741e-05
691200.0,688,-2610.21752929688,-6.19076454313472e-05
691200.0,689,-2613.06127929688,-6.21965591562912e-05
691200.0,690,-2615.95239257812,-6.24898821115494e-05
691200.0,691,-2618.89184570312,-6.27875124337152e-05
691200.0,692,-2621.88037109375,-6.3091327319853e-05
691200.0,693,-2624.9189453125,-6.33993695373647e-05
691200.0,694,-2628.00854492188,-6.37134289718233e-05
691200.0,695,-2631.14965820312,-6.40318539808504e-05
691200.0,696,-2634.34326171875,-6.43556049908511e-05
691200.0,697,-2637.59033203125,-6.46847620373592e-05
691200.0,698,-2640.89184570312,-6.50206711725332e-05
691200.0,699,-2644.24853515625,-6.5360807639081e-05
691200.0,700,-2647.66137695312,-6.57069613225758e-05
691200.0,701,-2651.13110351562,-6.60598670947365e-05
691200.0,702,-2654.65893554688,-6.64166873320937e-05
691200.0,703,-2658.24584960938,-6.67807689751498e-05
691200.0,704,-2661.89282226562,-6.71513407723978e-05
691200.0,705,-2665.60083007812,-6.75276387482882e-05
691200.0,706,-2669.37060546875,-6.79094737279229e-05
691200.0,707,-2673.20361328125,-6.82988174958155e-05
691200.0,708,-2677.10083007812,-6.8693894718308e-05
691200.0,709,-2681.06298828125,-6.90959714120254e-05
691200.0,710,-2685.09155273438,-6.95046401233412e-05
691200.0,711,-2689.1875,-6.99204829288647e-05
691200.0,712,-2693.35205078125,-7.03434852766804e-05
691200.0,713,-2697.58618164062,-7.07721774233505e-05
691200.0,714,-2701.89111328125,-7.12091932655312e-05
691200.0,715,-2706.26806640625,-7.16541835572571e-05
691200.0,716,-2710.71826171875,-7.21045798854902e-05
691200.0,717,-2715.24267578125,-7.25641730241477e-05
691200.0,718,-2719.84301757812,-7.30311148799956e-05
691200.0,719,-2724.52026367188,-7.35052090021782e-05
691200.0,720,-2729.27563476562,-7.39880415494554e-05
691200.0,721,-2734.11059570312,-7.4478768510744e-05
691200.0,722,-2739.02661132812,-7.49771570554003e-05
691200.0,723,-2744.02465820312,-7.54838911234401e-05
691200.0,724,-2749.1064453125,-7.60003604227677e-05
691200.0,725,-2754.27294921875,-7.65236982260831e-05
691200.0,726,-2759.52612304688,-7.70568440202624e-05
691200.0,727,-2764.8671875,-7.75987500674091e-05
691200.0,728,-2770.29736328125,-7.81499911681749e-05
691200.0,729,-2775.81860351562,-7.87096651038155e-05
691200.0,730,-2781.43212890625,-7.92787977843545e-05
691200.0,731,-2787.13940429688,-7.98587934696116e-05
691200.0,732,-2792.9423828125,-8.04465598776005e-05
691200.0,733,-2798.84228515625,-8.10457131592557e-05
691200.0,734,-2804.8408203125,-8.16538740764372e-05
691200.0,735,-2810.93969726562,-8.22724323370494e-05
691200.0,736,-2817.14086914062,-8.29019627417438e-05
691200.0,737,-2823.4453125,-8.35410028230399e-05
691200.0,738,-2829.85546875,-8.41919172671624e-05
691200.0,739,-2836.37280273438,-8.48521085572429e-05
691200.0,740,-2842.99926757812,-8.55249163578264e-05
691200.0,741,-2849.73657226562,-8.62083616084419e-05
691200.0,742,-2856.58642578125,-8.69032737682573e-05
691200.0,743,-2863.55078125,-8.76094491104595e-05
691200.0,744,-2870.6318359375,-8.83279863046482e-05
691200.0,745,-2877.8310546875,-8.90581213752739e-05
691200.0,746,-2885.15087890625,-8.9800261775963e-05
691200.0,747,-2892.59326171875,-9.05558335944079e-05
691200.0,748,-2900.15991210938,-9.13227268029004e-05
691200.0,749,-2907.85327148438,-9.2104179202579e-05
691200.0,750,-2915.67529296875,-9.28965091588907e-05
691200.0,751,-2923.6279296875,-9.37031145440415e-05
691200.0,752,-2931.7138671875,-9.45232968661003e-05
691200.0,753,-2939.93505859375,-9.5356983365491e-05
691200.0,754,-2948.29345703125,-9.62050762609579e-05
691200.0,755,-2956.7919921875,-9.70672263065353e-05
691200.0,756,-2965.4326171875,-9.79435280896723e-05
691200.0,757,-2974.21752929688,-9.88341635093093e-05
691200.0,758,-2983.14965820312,-9.97404204099439e-05
691200.0,759,-2992.23095703125,-0.00010066109825857
691200.0,760,-3001.46435546875,-0.000101597870525438
691200.0,761,-3010.85229492188,-0.000102550075098407
691200.0,762,-3020.39697265625,-0.00010351775563322
691200.0,763,-3030.10131835938,-0.000104501719761174
691200.0,764,-3039.96826171875,-0.000105503917438909
691200.0,765,-3050.0,-0.000106519320979714
691200.0,766,-3060.03173828125,-0.000107535663119052
691200.0,767,-3069.89868164062,-0.000108536587504204
691200.0,768,-3079.60302734375,-0.00010952063894365
691200.0,769,-3089.14770507812,-0.000110489119833801
691200.0,770,-3098.53564453125,-0.000111440735054202
691200.0,771,-3107.76904296875,-0.000112377616460435
691200.0,772,-3116.85034179688,-0.000113298061478417
691200.0,773,-3125.78247070312,-0.000114204092824366
691200.0,774,-3134.5673828125,-0.000115094750071876
691200.0,775,-3143.2080078125,-0.000115970433398616
691200.0,776,-3151.70654296875,-0.000116833107313141
691200.0,777,-3160.06494140625,-0.000117679672257509
691200.0,778,-3168.2861328125,-0.000118513635243289
691200.0,779,-3176.3720703125,-0.000119333613838535
691200.0,780,-3184.32470703125,-0.000120139317004941
691200.0,781,-3192.14672851562,-0.000120932738354895
691200.0,782,-3199.84008789062,-0.000121713077533059
691200.0,783,-3207.40673828125,-0.000122480167192407
691200.0,784,-3214.84912109375,-0.000123235106002539
691200.0,785,-3222.1689453125,-0.000123977122711949
691200.0,786,-3229.3681640625,-0.00012470678484533
691200.0,787,-3236.44921875,-0.000125425067381002
691200.0,788,-3243.41357421875,-0.000126130835269578
691200.0,789,-3250.26342773438,-0.000126825427287258
691200.0,790,-3257.00073242188,-0.000127508494188078
691200.0,791,-3263.62719726562,-0.000128180938190781
691200.0,792,-3270.14453125,-0.000128840751131065
691200.0,793,-3276.5546875,-0.000129491294501349
691200.0,794,-3282.85913085938,-0.000130129948956892
691200.0,795,-3289.06030273438,-0.000130759086459875
691200.0,796,-3295.1591796875,-0.000131377266370691
691200.0,797,-3301.15771484375,-0.000131985027110204
691200.0,798,-3307.0576171875,-0.00013258378021419
691200.0,799,-3312.86059570312,-0.000133171153720468
691200.0,800,-3318.56787109375,-0.000133750741952099
691200.0,801,-3324.18139648438,-0.000134319474454969
691200.0,802,-3329.70263671875,-0.000134878748212941
691200.0,803,-3335.1328125,-0.00013542958186008
691200.0,804,-3340.47387695312,-0.000135971087729558
691200.0,805,-3345.72705078125,-0.000136503804242238
691200.0,806,-3350.8935546875,-0.0001370267564198
691200.0,807,-3355.97534179688,-0.000137542781885713
691200.0,808,-3360.97338867188,-0.000138049173983745
691200.0,809,-3365.88940429688,-0.000138547067763284
691200.0,810,-3370.72436523438,-0.000139037525514141
691200.0,811,-3375.47973632812,-0.000139519703225233
691200.0,812,-3380.15698242188,-0.000139993833727203
691200.0,813,-3384.75732421875,-0.000140459567774087
691200.0,814,-3389.28173828125,-0.000140918462420814
691200.0,815,-3393.73193359375,-0.000141369950142689
691200.0,816,-3398.10888671875,-0.000141813070513308
691200.0,817,-3402.41381835938,-0.000142249889904633
691200.0,818,-3406.64794921875,-0.00014267917140387
691200.0,819,-3410.8125,-0.00014310103142634
691200.0,820,-3414.90844726562,-0.000143517259857617
691200.0,821,-3418.93701171875,-0.000143924422445707
691200.0,822,-3422.89916992188,-0.000144326215377077
691200.0,823,-3426.79638671875,-0.00014472178008873
691200.0,824,-3430.62939453125,-0.000145110345329158
691200.0,825,-3434.39916992188,-0.0001454918528907
691200.0,826,-3438.10717773438,-0.000145868034451269
691200.0,827,-3441.75415039062,-0.000146237536682747
691200.0,828,-3445.34106445312,-0.000146600883454084
691200.0,829,-3448.86889648438,-0.000146958860568702
691200.0,830,-3452.33862304688,-0.000147309896419756
691200.0,831,-3455.75146484375,-0.000147655984619632
691200.0,832,-3459.10815429688,-0.000147996557643637
691200.0,833,-3462.40966796875,-0.000148331673699431
691200.0,834,-3465.65673828125,-0.000148660721606575
691200.0,835,-3468.85034179688,-0.000148983977851458
691200.0,836,-3471.99145507812,-0.000149302126374096
691200.0,837,-3475.0810546875,-0.000149615807458758
691200.0,838,-3478.11962890625,-0.000149923522258177
691200.0,839,-3481.10815429688,-0.000150227002450265
691200.0,840,-3484.04760742188,-0.00015052426897455
691200.0,841,-3486.93872070312,-0.000150817300891504
691200.0,842,-3489.78247070312,-0.000151105807162821
691200.0,843,-3492.5791015625,-0.000151389103848487
691200.0,844,-3495.32983398438,-0.000151667860336602
691200.0,845,-3498.03540039062,-0.000151941872900352
691200.0,846,-3500.69653320312,-0.000152211578097194
691200.0,847,-3503.31372070312,-0.000152476728544571
691200.0,848,-3505.88793945312,-0.000152738008182496
691200.0,849,-3508.41967773438,-0.000152994587551802
691200.0,850,-3510.90991210938,-0.000153246597619727
691200.0,851,-3513.35913085938,-0.000153495173435658
691200.0,852,-3515.76806640625,-0.000153739732922986
691200.0,853,-3518.13720703125,-0.000153979257447645
691200.0,854,-3520.46752929688,-0.000154215536895208
691200.0,855,-3522.75952148438,-0.000154447625391185
691200.0,856,-3525.01391601562,-0.000154676599777304
691200.0,857,-3527.23095703125,-0.000154901223140769
691200.0,858,-3529.41162109375,-0.00015512210666202
691200.0,859,-3531.55639648438,-0.000155339483171701
691200.0,860,-3533.666015625,-0.000155552756041288
691200.0,861,-3535.74096679688,-0.000155763627844863
691200.0,862,-3537.78149414062,-0.000155970730702393
691200.0,863,-3539.78857421875,-0.000156174311996438
691200.0,864,-3541.7626953125,-0.000156373847858049
691200.0,865,-3543.70434570312,-0.000156570924445987
691200.0,866,-3545.61401367188,-0.000156764333951287
691200.0,867,-3547.49243164062,-0.000156954120029695
691200.0,868,-3549.33984375,-0.000157141796080396
691200.0,869,-3551.15673828125,-0.000157325775944628
691200.0,870,-3552.94384765625,-0.000157507078256458
691200.0,871,-3554.70141601562,-0.000157685150043108
691200.0,872,-3556.43017578125,-0.000157860762556084
691200.0,873,-3558.13061523438,-0.000158032984472811
691200.0,874,-3559.80297851562,-0.000158201990416273
691200.0,875,-3561.44775390625,-0.000158368566189893
691200.0,876,-3563.06567382812,-0.00015853279910516
691200.0,877,-3564.65673828125,-0.000158694077981636
691200.0,878,-3566.2216796875,-0.000158852300955914
691200.0,879,-3567.76098632812,-0.000159008719492704
691200.0,880,-3569.27490234375,-0.000159162547788583
691200.0,881,-3570.76391601562,-0.000159312985488214
691200.0,882,-3572.228515625,-0.000159461371367797
691200.0,883,-3573.6689453125,-0.000159607239766046
691200.0,884,-3575.08569335938,-0.000159750736202113
691200.0,885,-3576.47900390625,-0.000159892253577709
691200.0,886,-3577.849609375,-0.000160030962433666
691200.0,887,-3579.19750976562,-0.000160167081048712
691200.0,888,-3580.52319335938,-0.00016030108963605
691200.0,889,-3581.8271484375,-0.000160433657583781
691200.0,890,-3583.10986328125,-0.000160562922246754
691200.0,891,-3584.37109375,-0.000160691444762051
691200.0,892,-3585.61181640625,-0.000160814510309137
691200.0,893,-3586.83203125,-0.00016094240709208
691200.0,894,-3588.0322265625,-0.0001610529870959
691200.0,895,-3589.21264648438,-0.000161195159307681
691200.0,896,-3590.37377929688,-0.000161261399625801
691200.0,897,-3591.515625,-0.000161490999744274
691200.0,898,-3592.638671875,-0.000161350806592964
691200.0,899,-3593.74340820312,-0.000162037948030047
691200.0,900,-3594.82983398438,-0.000160851297550835
691200.0,901,-3595.8984375,-0.000163948367116973
691200.0,902,-3596.94946289062,-0.000157206319272518
691200.0,903,-3597.98315429688,-0.000173326916410588
691200.0,904,-3599.0,-0.000136338319862261
1382400.0,2,-3600.0,-0.000231630881899036
1382400.0,3,-4100.0,-0.00106907973531634
1382400.0,6,-2500.0,-5.0739552534651e-05
1382400.0,35,-3601.0,-0.000547693227417767
1382400.0,36,-3602.03662109375,-0.00045674224384129
1382400.0,37,-3603.11108398438,-0.000490683829411864
1382400.0,38,-3604.22485351562,-0.000478095636935905
1382400.0,39,-3605.37939453125,-0.000485452444991097
1382400.0,40,-3606.57592773438,-0.000483220443129539
1382400.0,41,-3607.81640625,-0.000485914031742141
1382400.0,42,-3609.10229492188,-0.000486008211737499
1382400.0,43,-3610.43505859375,-0.000487580051412806
1382400.0,44,-3611.81665039062,-0.000488379097077996
1382400.0,45,-3613.24877929688,-0.000489683647174388
1382400.0,46,-3614.7333984375,-0.000490759965032339
1382400.0,47,-3616.27221679688,-0.000492040941026062
1382400.0,48,-3617.8671875,-0.000493278435897082
1382400.0,49,-3619.5205078125,-0.000494619540404528
1382400.0,50,-3621.234375,-0.000495985383167863
1382400.0,51,-3623.0107421875,-0.000497418397571892
1382400.0,52,-3624.85229492188,-0.000498901703394949
1382400.0,53,-3626.76098632812,-0.000500446825753897
1382400.0,54,-3628.73974609375,-0.000502050446812063
1382400.0,55,-3630.79052734375,-0.000503722636494786
1382400.0,56,-3632.91650390625,-0.000505456642713398
1382400.0,57,-3635.1201171875,-0.000507268065121025
1382400.0,58,-3637.40454101562,-0.000509144738316536
1382400.0,59,-3639.77221679688,-0.000511101330630481
1382400.0,60,-3642.2265625,-0.000513141741976142
1382400.0,61,-3644.77075195312,-0.000515256251674145
1382400.0,62,-3647.40795898438,-0.00051745877135545
1382400.0,63,-3650.1416015625,-0.000519755703862756
1382400.0,64,-3652.97509765625,-0.000522143905982375
1382400.0,65,-3655.91235351562,-0.000524625240359455
1382400.0,66,-3658.95678710938,-0.000527217867784202
1382400.0,67,-3662.11279296875,-0.000529920042026788
1382400.0,68,-3665.38403320312,-0.000532730657141656
1382400.0,69,-3668.77514648438,-0.000535659492015839
1382400.0,70,-3672.2900390625,-0.00053871312411502
1382400.0,71,-3675.93359375,-0.00054189411457628
1382400.0,72,-3679.71020507812,-0.000545212009456009
1382400.0,73,-3683.625,-0.000548677460756153
1382400.0,74,-3687.68310546875,-0.00055228709243238
1382400.0,75,-3691.88940429688,-0.000556055572815239
1382400.0,76,-3696.24951171875,-0.000559984764549881
1382400.0,77,-3700.76928710938,-0.000564089277759194
1382400.0,78,-3705.4541015625,-0.000568378425668925
1382400.0,79,-3710.31030273438,-0.000572853779885918
1382400.0,80,-3715.34423828125,-0.000577530183363706
1382400.0,81,-3720.56201171875,-0.000582414155360311
1382400.0,82,-3725.970703125,-0.000587515707593411
1382400.0,83,-3731.5771484375,-0.000592857191804796
1382400.0,84,-3737.388671875,-0.000598448736127466
1382400.0,85,-3743.41259765625,-0.00060428905999288
1382400.0,86,-3749.65698242188,-0.000610405579209328
1382400.0,87,-3756.12939453125,-0.000616811274085194
1382400.0,88,-3762.8388671875,-0.000623511790763587
1382400.0,89,-3769.79345703125,-0.000630542926955968
1382400.0,90,-3777.00244140625,-0.00063791120192036
1382400.0,91,-3784.47509765625,-0.000645633030217141
1382400.0,92,-3792.220703125,-0.000653738214168698
1382400.0,93,-3800.25,-0.00066224328475073
1382400.0,94,-3808.57250976562,-0.000671177229378372
1382400.0,95,-3817.19970703125,-0.000680545868817717
1382400.0,96,-3826.14208984375,-0.000690420973114669
1382400.0,97,-3835.41162109375,-0.00070077006239444
1382400.0,98,-3845.02001953125,-0.00071173970354721
1382400.0,99,-3854.97998046875,-0.000723035365808755
1382400.0,100,-3864.58837890625,-0.00073434947989881
1382400.0,101,-3873.85791015625,-0.000745331693906337
1382400.0,102,-3882.80029296875,-0.000756117457058281
1382400.0,103,-3891.42749023438,-0.000766656477935612
1382400.0,104,-3899.75,-0.000776963075622916
1382400.0,105,-3907.779296875,-0.000787029857747257
1382400.0,106,-3915.52490234375,-0.000796861771959811
1382400.0,107,-3922.99755859375,-0.000806458934675902
1382400.0,108,-3930.20654296875,-0.000815818784758449
1382400.0,109,-3937.1611328125,-0.000824958551675081
1382400.0,110,-3943.87060546875,-0.000833866710308939
1382400.0,111,-3950.34301757812,-0.000842548557557166
1382400.0,112,-3956.58740234375,-0.000851008575409651
1382400.0,113,-3962.611328125,-0.00085924583254382
1382400.0,114,-3968.4228515625,-0.00086726900190115
1382400.0,115,-3974.029296875,-0.000875080877449363
1382400.0,116,-3979.43798828125,-0.000882680586073548
1382400.0,117,-3984.65576171875,-0.000890065508428961
1382400.0,118,-3989.68969726562,-0.000897254794836044
1382400.0,119,-3994.5458984375,-0.000904246349819005
1382400.0,120,-3999.23071289062,-0.000911036157049239
1382400.0,121,-4003.75048828125,-0.00091763527598232
1382400.0,122,-4008.11059570312,-0.000924052787013352
1382400.0,123,-4012.31689453125,-0.000930276466533542
1382400.0,124,-4016.375,-0.000936324417125434
1382400.0,125,-4020.28979492188,-0.00094218977028504
1382400.0,126,-4024.06640625,-0.000947882828768343
1382400.0,127,-4027.7099609375,-0.000953415117692202
1382400.0,128,-4031.22485351562,-0.000958773423917592
1382400.0,129,-4034.61596679688,-0.000963971368037164
1382400.0,130,-4037.88720703125,-0.000969014770817012
1382400.0,131,-4041.04321289062,-0.000973900663666427
1382400.0,132,-4044.08764648438,-0.000978641910478473
1382400.0,133,-4047.02490234375,-0.000983233680017292
1382400.0,134,-4049.8583984375,-0.000987680861726403
1382400.0,135,-4052.59204101562,-0.000991999288089573
1382400.0,136,-4055.22924804688,-0.000996171962469816
1382400.0,137,-4057.7734375,-0.00100021657999605
1382400.0,138,-4060.22778320312,-0.00100413779728115
1382400.0,139,-4062.59545898438,-0.00100793340243399
1382400.0,140,-4064.8798828125,-0.00101161585189402
1382400.0,141,-4067.08349609375,-0.00101516826543957
1382400.0,142,-4069.20947265625,-0.00101860950235277
1382400.0,143,-4071.26025390625,-0.00102194468490779
1382400.0,144,-4073.23901367188,-0.00102516461629421
1382400.0,145,-4075.14770507812,-0.00102829339448363
1382400.0,146,-4076.9892578125,-0.00103131192736328
1382400.0,147,-4078.765625,-0.00103423080872744
1382400.0,148,-4080.4794921875,-0.00103705702349544
1382400.0,149,-4082.1328125,-0.00103977986145765
1382400.0,150,-4083.72778320312,-0.00104242167435586
1382400.0,151,-4085.2666015625,-0.0010449883993715
1382400.0,152,-4086.75122070312,-0.00104746059514582
1382400.0,153,-4088.18334960938,-0.00104984373319894
1382400.0,154,-4089.56494140625,-0.00105215772055089
1382400.0,155,-4090.89770507812,-0.00105439615435898
1382400.0,156,-4092.18359375,-0.00105655670631677
1382400.0,157,-4093.42407226562,-0.00105864461511374
1382400.0,158,-4094.62060546875,-0.00106065685395151
1382400.0,159,-4095.77514648438,-0.00106259400490671
1382400.0,160,-4096.88916015625,-0.00106448994483799
1382400.0,161,-4097.96337890625,-0.00106626527849585
1382400.0,162,-4099.0,-0.00106807809788734
1382400.0,626,-2501.0,-5.08123193867505e-05
1382400.0,627,-2502.01684570312,-5.09284727741033e-05
1382400.0,628,-2503.05053710938,-5.10275931446813e-05
1382400.0,629,-2504.1015625,-5.11365105921868e-05
1382400.0,630,-2505.17016601562,-5.12447477376554e-05
1382400.0,631,-2506.25659179688,-5.13545419380534e-05
1382400.0,632,-2507.361328125,-5.1466551667545e-05
1382400.0,633,-2508.484375,-5.15809078933671e-05
1382400.0,634,-2509.62622070312,-5.16967920702882e-05
1382400.0,635,-2510.78735351562,-5.18146844115108e-05
1382400.0,636,-2511.9677734375,-5.19344321219251e-05
1382400.0,637,-2513.16796875,-5.20561879966408e-05
1382400.0,638,-2514.38818359375,-5.21799411217216e-05
1382400.0,639,-2515.62890625,-5.23058843100443e-05
1382400.0,640,-2516.89013671875,-5.24337738170289e-05
1382400.0,641,-2518.1728515625,-5.25643808941822e-05
1382400.0,642,-2519.47680664062,-5.26962794538122e-05
1382400.0,643,-2520.80249023438,-5.28307609783951e-05
1382400.0,644,-2522.150390625,-5.29680291947443e-05
1382400.0,645,-2523.52099609375,-5.31066361872945e-05
1382400.0,646,-2524.91430664062,-5.32486083102413e-05
1382400.0,647,-2526.3310546875,-5.33922575414181e-05
1382400.0,648,-2527.771484375,-5.35384097020142e-05
1382400.0,649,-2529.23608398438,-5.3686999308411e-05
1382400.0,650,-2530.72509765625,-5.38376625627279e-05
1382400.0,651,-2532.23901367188,-5.39917054993566e-05
1382400.0,652,-2533.7783203125,-5.41483423148748e-05
1382400.0,653,-2535.34326171875,-5.43067944818176e-05
1382400.0,654,-2536.93432617188,-5.4468291637022e-05
1382400.0,655,-2538.55224609375,-5.46327319170814e-05
1382400.0,656,-2540.19702148438,-5.47995405213442e-05
1382400.0,657,-2541.86938476562,-5.49687538295984e-05
1382400.0,658,-2543.56982421875,-5.51412376808003e-05
1382400.0,659,-2545.29858398438,-5.53170320927165e-05
1382400.0,660,-2547.05615234375,-5.54954567633104e-05
1382400.0,661,-2548.84326171875,-5.56767627131194e-05
1382400.0,662,-2550.66015625,-5.58614410692826e-05
1382400.0,663,-2552.50756835938,-5.60484295419883e-05
1382400.0,664,-2554.38598632812,-5.6238492106786e-05
1382400.0,665,-2556.29565429688,-5.64330257475376e-05
1382400.0,666,-2558.2373046875,-5.66299568163231e-05
1382400.0,667,-2560.21142578125,-5.6829860113794e-05
1382400.0,668,-2562.21850585938,-5.70338270335924e-05
1382400.0,669,-2564.25903320312,-5.72407952859066e-05
1382400.0,670,-2566.333984375,-5.74509758735076e-05
1382400.0,671,-2568.44360351562,-5.76654601900373e-05
1382400.0,672,-2570.58837890625,-5.78835570195224e-05
1382400.0,673,-2572.76904296875,-5.81044732825831e-05
1382400.0,674,-2574.98608398438,-5.83295259275474e-05
1382400.0,675,-2577.24047851562,-5.8558645832818e-05
1382400.0,676,-2579.53247070312,-5.87912036280613e-05
1382400.0,677,-2581.86279296875,-5.90274757996667e-05
1382400.0,678,-2584.23193359375,-5.92678443354089e-05
1382400.0,679,-2586.64086914062,-5.9511665313039e-05
1382400.0,680,-2589.09008789062,-5.97606958763208e-05
1382400.0,681,-2591.58032226562,-6.00136590946931e-05
1382400.0,682,-2594.11206054688,-6.027057315805e-05
1382400.0,683,-2596.68627929688,-6.05314635322429e-05
1382400.0,684,-2599.30346679688,-6.0796803154517e-05
1382400.0,685,-2601.96459960938,-6.10678252996877e-05
1382400.0,686,-2604.67016601562,-6.13416414125822e-05
1382400.0,687,-2607.4208984375,-6.16209872532636e-05
1382400.0,688,-2610.21752929688,-6.19044658378698e-05
1382400.0,689,-2613.06127929688,-6.21933795628138e-05
1382400.0,690,-2615.95239257812,-6.2486702518072e-05
1382400.0,691,-2618.89184570312,-6.27843328402378e-05
1382400.0,692,-2621.88037109375,-6.30881550023332e-05
1382400.0,693,-2624.9189453125,-6.33961899438873e-05
1382400.0,694,-2628.00854492188,-6.37102493783459e-05
1382400.0,695,-2631.14965820312,-6.40286816633306e-05
1382400.0,696,-2634.34326171875,-6.43524253973737e-05
1382400.0,697,-2637.59033203125,-6.46815824438818e-05
1382400.0,698,-2640.89184570312,-6.50174915790558e-05
1382400.0,699,-2644.24853515625,-6.53576280456036e-05
1382400.0,700,-2647.66137695312,-6.57037817290984e-05
1382400.0,701,-2651.13110351562,-6.60566875012591e-05
1382400.0,702,-2654.65893554688,-6.64135077386163e-05
1382400.0,703,-2658.24584960938,-6.67775893816724e-05
1382400.0,704,-2661.89282226562,-6.71481611789204e-05
1382400.0,705,-2665.60083007812,-6.75244591548108e-05
1382400.0,706,-2669.37060546875,-6.79063014104031e-05
1382400.0,707,-2673.20361328125,-6.82956379023381e-05
1382400.0,708,-2677.10083007812,-6.86907151248306e-05
1382400.0,709,-2681.06298828125,-6.90927990945056e-05
1382400.0,710,-2685.09155273438,-6.95014678058214e-05
1382400.0,711,-2689.1875,-6.99173033353873e-05
1382400.0,712,-2693.35205078125,-7.0340305683203e-05
1382400.0,713,-2697.58618164062,-7.07689978298731e-05
1382400.0,714,-2701.89111328125,-7.12060209480114e-05
1382400.0,715,-2706.26806640625,-7.16510039637797e-05
1382400.0,716,-2710.71826171875,-7.21014075679705e-05
1382400.0,717,-2715.24267578125,-7.25609934306704e-05
1382400.0,718,-2719.84301757812,-7.30279352865182e-05
1382400.0,719,-2724.52026367188,-7.35020366846584e-05
1382400.0,720,-2729.27563476562,-7.3984861955978e-05
1382400.0,721,-2734.11059570312,-7.44755889172666e-05
1382400.0,722,-2739.02661132812,-7.49739774619229e-05
1382400.0,723,-2744.02465820312,-7.54807188059203e-05
1382400.0,724,-2749.1064453125,-7.59971881052479e-05
1382400.0,725,-2754.27294921875,-7.65205259085633e-05
1382400.0,726,-2759.52612304688,-7.70536717027426e-05
1382400.0,727,-2764.8671875,-7.75955704739317e-05
1382400.0,728,-2770.29736328125,-7.81468188506551e-05
1382400.0,729,-2775.81860351562,-7.87064855103381e-05
1382400.0,730,-2781.43212890625,-7.92756181908771e-05
1382400.0,731,-2787.13940429688,-7.98556211520918e-05
1382400.0,732,-2792.9423828125,-8.04433802841231e-05
1382400.0,733,-2798.84228515625,-8.10425335657783e-05
1382400.0,734,-2804.8408203125,-8.16506944829598e-05
1382400.0,735,-2810.93969726562,-8.2269252743572e-05
1382400.0,736,-2817.14086914062,-8.2898790424224e-05
1382400.0,737,-2823.4453125,-8.35378305055201e-05
1382400.0,738,-2829.85546875,-8.4188737673685e-05
1382400.0,739,-2836.37280273438,-8.48489362397231e-05
1382400.0,740,-2842.99926757812,-8.5521736764349e-05
1382400.0,741,-2849.73657226562,-8.62051820149645e-05
1382400.0,742,-2856.58642578125,-8.690009417478e-05
1382400.0,743,-2863.55078125,-8.76062767929398e-05
1382400.0,744,-2870.6318359375,-8.83248067111708e-05
1382400.0,745,-2877.8310546875,-8.90549417817965e-05
1382400.0,746,-2885.15087890625,-8.97970821824856e-05
1382400.0,747,-2892.59326171875,-9.05526540009305e-05
1382400.0,748,-2900.15991210938,-9.1319547209423e-05
1382400.0,749,-2907.85327148438,-9.21010068850592e-05
1382400.0,750,-2915.67529296875,-9.28933368413709e-05
1382400.0,751,-2923.6279296875,-9.36999349505641e-05
1382400.0,752,-2931.7138671875,-9.45201172726229e-05
1382400.0,753,-2939.93505859375,-9.53538110479712e-05
1382400.0,754,-2948.29345703125,-9.62019039434381e-05
1382400.0,755,-2956.7919921875,-9.70640539890155e-05
1382400.0,756,-2965.4326171875,-9.79403557721525e-05
1382400.0,757,-2974.21752929688,-9.88309911917895e-05
1382400.0,758,-2983.14965820312,-9.97372480924241e-05
1382400.0,759,-2992.23095703125,-0.00010065792594105
1382400.0,760,-3001.46435546875,-0.000101594690931961
1382400.0,761,-3010.85229492188,-0.000102546902780887
1382400.0,762,-3020.39697265625,-0.000103514576039743
1382400.0,763,-3030.10131835938,-0.000104498540167697
1382400.0,764,-3039.96826171875,-0.000105500737845432
1382400.0,765,-3050.0,-0.000106516141386237
1382400.0,766,-3060.03173828125,-0.000107532483525574
1382400.0,767,-3069.89868164062,-0.000108533415186685
1382400.0,768,-3079.60302734375,-0.00010951746662613
1382400.0,769,-3089.14770507812,-0.000110485940240324
1382400.0,770,-3098.53564453125,-0.000111437562736683
1382400.0,771,-3107.76904296875,-0.000112374436866958
1382400.0,772,-3116.85034179688,-0.000113294889160898
1382400.0,773,-3125.78247070312,-0.000114200913230889
1382400.0,774,-3134.5673828125,-0.000115091577754356
1382400.0,775,-3143.2080078125,-0.000115967261081096
1382400.0,776,-3151.70654296875,-0.000116829927719664
1382400.0,777,-3160.06494140625,-0.000117676499939989
1382400.0,778,-3168.2861328125,-0.000118510462925769
1382400.0,779,-3176.3720703125,-0.000119330434245057
1382400.0,780,-3184.32470703125,-0.000120136137411464
1382400.0,781,-3192.14672851562,-0.000120929566037375
1382400.0,782,-3199.84008789062,-0.000121709897939581
1382400.0,783,-3207.40673828125,-0.000122476994874887
1382400.0,784,-3214.84912109375,-0.00012323193368502
1382400.0,785,-3222.1689453125,-0.000123973950394429
1382400.0,786,-3229.3681640625,-0.00012470361252781
1382400.0,787,-3236.44921875,-0.000125421895063482
1382400.0,788,-3243.41357421875,-0.000126127662952058
1382400.0,789,-3250.26342773438,-0.000126822254969738
1382400.0,790,-3257.00073242188,-0.000127505307318643
1382400.0,791,-3263.62719726562,-0.000128177765873261
1382400.0,792,-3270.14453125,-0.000128837578813545
1382400.0,793,-3276.5546875,-0.00012948812218383
1382400.0,794,-3282.85913085938,-0.000130126762087457
1382400.0,795,-3289.06030273438,-0.000130755914142355
1382400.0,796,-3295.1591796875,-0.000131374079501256
1382400.0,797,-3301.15771484375,-0.000131981854792684
1382400.0,798,-3307.0576171875,-0.000132580607896671
1382400.0,799,-3312.86059570312,-0.000133167966851033
1382400.0,800,-3318.56787109375,-0.000133747569634579
1382400.0,801,-3324.18139648438,-0.000134316302137449
1382400.0,802,-3329.70263671875,-0.000134875575895421
1382400.0,803,-3335.1328125,-0.000135426409542561
1382400.0,804,-3340.47387695312,-0.000135967900860123
1382400.0,805,-3345.72705078125,-0.000136500631924719
1382400.0,806,-3350.8935546875,-0.00013702358410228
1382400.0,807,-3355.97534179688,-0.000137539609568194
1382400.0,808,-3360.97338867188,-0.00013804598711431
1382400.0,809,-3365.88940429688,-0.000138543895445764
1382400.0,810,-3370.72436523438,-0.000139034353196621
1382400.0,811,-3375.47973632812,-0.000139516530907713
1382400.0,812,-3380.15698242188,-0.000139990661409684
1382400.0,813,-3384.75732421875,-0.000140456395456567
1382400.0,814,-3389.28173828125,-0.000140915290103294
1382400.0,815,-3393.73193359375,-0.000141366777825169
1382400.0,816,-3398.10888671875,-0.000141809898195788
1382400.0,817,-3402.41381835938,-0.000142246717587113
1382400.0,818,-3406.64794921875,-0.00014267599908635
1382400.0,819,-3410.8125,-0.000143097844556905
1382400.0,820,-3414.90844726562,-0.000143514087540098
1382400.0,821,-3418.93701171875,-0.000143921250128187
1382400.0,822,-3422.89916992188,-0.000144323043059558
1382400.0,823,-3426.79638671875,-0.000144718593219295
1382400.0,824,-3430.62939453125,-0.000145107173011638
1382400.0,825,-3434.39916992188,-0.00014548868057318
1382400.0,826,-3438.10717773438,-0.000145864862133749
1382400.0,827,-3441.75415039062,-0.000146234364365228
1382400.0,828,-3445.34106445312,-0.000146597711136565
1382400.0,829,-3448.86889648438,-0.000146955688251182
1382400.0,830,-3452.33862304688,-0.000147306724102236
1382400.0,831,-3455.75146484375,-0.000147652812302113
1382400.0,832,-3459.10815429688,-0.000147993385326117
1382400.0,833,-3462.40966796875,-0.000148328501381911
1382400.0,834,-3465.65673828125,-0.00014865753473714
1382400.0,835,-3468.85034179688,-0.000148980805533938
1382400.0,836,-3471.99145507812,-0.000149298954056576
1382400.0,837,-3475.0810546875,-0.000149612635141239
1382400.0,838,-3478.11962890625,-0.000149920335388742
1382400.0,839,-3481.10815429688,-0.00015022381558083
1382400.0,840,-3484.04760742188,-0.00015052109665703
1382400.0,841,-3486.93872070312,-0.000150814128573984
1382400.0,842,-3489.78247070312,-0.000151102634845302
1382400.0,843,-3492.5791015625,-0.000151385931530967
1382400.0,844,-3495.32983398438,-0.000151664673467167
1382400.0,845,-3498.03540039062,-0.000151938700582832
1382400.0,846,-3500.69653320312,-0.000152208405779675
1382400.0,847,-3503.31372070312,-0.000152473556227051
1382400.0,848,-3505.88793945312,-0.000152734835864976
1382400.0,849,-3508.41967773438,-0.000152991415234283
1382400.0,850,-3510.90991210938,-0.000153243425302207
1382400.0,851,-3513.35913085938,-0.000153491986566223
1382400.0,852,-3515.76806640625,-0.000153736546053551
1382400.0,853,-3518.13720703125,-0.00015397607057821
1382400.0,854,-3520.46752929688,-0.000154212364577688
1382400.0,855,-3522.75952148438,-0.000154444453073665
1382400.0,856,-3525.01391601562,-0.000154673427459784
1382400.0,857,-3527.23095703125,-0.000154898050823249
1382400.0,858,-3529.41162109375,-0.0001551189343445
1382400.0,859,-3531.55639648438,-0.000155336310854182
1382400.0,860,-3533.666015625,-0.000155549583723769
1382400.0,861,-3535.74096679688,-0.000155760455527343
1382400.0,862,-3537.78149414062,-0.000155967558384873
1382400.0,863,-3539.78857421875,-0.000156171139678918
1382400.0,864,-3541.7626953125,-0.000156370675540529
1382400.0,865,-3543.70434570312,-0.000156567752128467
1382400.0,866,-3545.61401367188,-0.000156761161633767
1382400.0,867,-3547.49243164062,-0.000156950947712176
1382400.0,868,-3549.33984375,-0.000157138623762876
1382400.0,869,-3551.15673828125,-0.000157322589075193
1382400.0,870,-3552.94384765625,-0.000157503905938938
1382400.0,871,-3554.70141601562,-0.000157681977725588
1382400.0,872,-3556.43017578125,-0.000157857590238564
1382400.0,873,-3558.13061523438,-0.000158029812155291
1382400.0,874,-3559.80297851562,-0.000158198818098754
1382400.0,875,-3561.44775390625,-0.000158365393872373
1382400.0,876,-3563.06567382812,-0.00015852962678764
1382400.0,877,-3564.65673828125,-0.000158690891112201
1382400.0,878,-3566.2216796875,-0.000158849128638394
1382400.0,879,-3567.76098632812,-0.000159005547175184
1382400.0,880,-3569.27490234375,-0.000159159375471063
1382400.0,881,-3570.76391601562,-0.000159309798618779
1382400.0,882,-3572.228515625,-0.000159458184498362
1382400.0,883,-3573.6689453125,-0.000159604052896611
1382400.0,884,-3575.08569335938,-0.000159747534780763
1382400.0,885,-3576.47900390625,-0.000159889052156359
1382400.0,886,-3577.849609375,-0.000160027731908485
1382400.0,887,-3579.19750976562,-0.000160163850523531
1382400.0,888,-3580.52319335938,-0.000160297815455124
1382400.0,889,-3581.8271484375,-0.000160430383402854
1382400.0,890,-3583.10986328125,-0.000160559546202421
1382400.0,891,-3584.37109375,-0.000160688141477294
1382400.0,892,-3585.61181640625,-0.000160810930537991
1382400.0,893,-3586.83203125,-0.000160939278430305
1382400.0,894,-3588.0322265625,-0.000161048737936653
1382400.0,895,-3589.21264648438,-0.000161193267558701
1382400.0,896,-3590.37377929688,-0.00016125438560266
1382400.0,897,-3591.515625,-0.000161495627253316
1382400.0,898,-3592.638671875,-0.000161330186529085
1382400.0,899,-3593.74340820312,-0.000162075870321132
1382400.0,900,-3594.82983398438,-0.000160759154823609
1382400.0,901,-3595.8984375,-0.000164161538123153
1382400.0,902,-3596.94946289062,-0.000156723341206089
1382400.0,903,-3597.98315429688,-0.000174504952155985
1382400.0,904,-3599.0,-0.000133668087073602
2764800.0,2,-3600.0,-0.000240172710618936
2764800.0,3,-4100.0,-0.00130373449064791
2764800.0,6,-2500.0,-5.07350341649726e-05
2764800.0,35,-3601.0,-0.000642462284304202
2764800.0,36,-3602.03662109375,-0.000528557633515447
2764800.0,37,-3603.11108398438,-0.000572490447666496
2764800.0,38,-3604.22485351562,-0.000555491191335022
2764800.0,39,-3605.37939453125,-0.000565603608265519
2764800.0,40,-3606.57592773438,-0.000562229892238975
2764800.0,41,-3607.81640625,-0.000565956579521298
2764800.0,42,-3609.10229492188,-0.000565831025596708
2764800.0,43,-3610.43505859375,-0.000567932554986328
2764800.0,44,-3611.81665039062,-0.000568821153137833
2764800.0,45,-3613.24877929688,-0.000570499571040273
2764800.0,46,-3614.7333984375,-0.000571788812521845
2764800.0,47,-3616.27221679688,-0.000573400291614234
2764800.0,48,-3617.8671875,-0.000574913341552019
2764800.0,49,-3619.5205078125,-0.000576584483496845
2764800.0,50,-3621.234375,-0.000578266917727888
2764800.0,51,-3623.0107421875,-0.000580045278184116
2764800.0,52,-3624.85229492188,-0.000581878121010959
2764800.0,53,-3626.76098632812,-0.000583793153055012
2764800.0,54,-3628.73974609375,-0.000585777685046196
2764800.0,55,-3630.79052734375,-0.000587849412113428
2764800.0,56,-3632.91650390625,-0.000589996867347509
2764800.0,57,-3635.1201171875,-0.000592241180129349
2764800.0,58,-3637.40454101562,-0.000594566809013486
2764800.0,59,-3639.77221679688,-0.000596991798374802
2764800.0,60,-3642.2265625,-0.000599521212279797
2764800.0,61,-3644.77075195312,-0.000602143350988626
2764800.0,62,-3647.40795898438,-0.00060487468726933
2764800.0,63,-3650.1416015625,-0.000607724010478705
2764800.0,64,-3652.97509765625,-0.00061068736249581
2764800.0,65,-3655.91235351562,-0.000613766955211759
2764800.0,66,-3658.95678710938,-0.000616985256783664
2764800.0,67,-3662.11279296875,-0.000620340637397021
2764800.0,68,-3665.38403320312,-0.000623831816483289
2764800.0,69,-3668.77514648438,-0.000627470784820616
2764800.0,70,-3672.2900390625,-0.000631266040727496
2764800.0,71,-3675.93359375,-0.00063522084383294
2764800.0,72,-3679.71020507812,-0.000639347068499774
2764800.0,73,-3683.625,-0.000643658102490008
2764800.0,74,-3687.68310546875,-0.000648150162305683
2764800.0,75,-3691.88940429688,-0.000652841408737004
2764800.0,76,-3696.24951171875,-0.000657734810374677
2764800.0,77,-3700.76928710938,-0.00066284800413996
2764800.0,78,-3705.4541015625,-0.00066819362109527
2764800.0,79,-3710.31030273438,-0.000673773814924061
2764800.0,80,-3715.34423828125,-0.000679606455378234
2764800.0,81,-3720.56201171875,-0.00068570050643757
2764800.0,82,-3725.970703125,-0.000692069297656417
2764800.0,83,-3731.5771484375,-0.000698740885127336
2764800.0,84,-3737.388671875,-0.000705727550666779
2764800.0,85,-3743.41259765625,-0.000713028421159834
2764800.0,86,-3749.65698242188,-0.00072067859582603
2764800.0,87,-3756.12939453125,-0.00072869478026405
2764800.0,88,-3762.8388671875,-0.000737084716092795
2764800.0,89,-3769.79345703125,-0.000745893106795847
2764800.0,90,-3777.00244140625,-0.000755129382014275
2764800.0,91,-3784.47509765625,-0.000764814729336649
2764800.0,92,-3792.220703125,-0.000774986925534904
2764800.0,93,-3800.25,-0.000785668438766152
2764800.0,94,-3808.57250976562,-0.000796895939856768
2764800.0,95,-3817.19970703125,-0.000808678334578872
2764800.0,96,-3826.14208984375,-0.000821106252260506
2764800.0,97,-3835.41162109375,-0.000834141799714416
2764800.0,98,-3845.02001953125,-0.000847968854941428
2764800.0,99,-3854.97998046875,-0.000862215470988303
2764800.0,100,-3864.58837890625,-0.000876500969752669
2764800.0,101,-3873.85791015625,-0.000890380062628537
2764800.0,102,-3882.80029296875,-0.000904019922018051
2764800.0,103,-3891.42749023438,-0.000917358906008303
2764800.0,104,-3899.75,-0.000930413836613297
2764800.0,105,-3907.779296875,-0.000943173537962139
2764800.0,106,-3915.52490234375,-0.000955643830820918
2764800.0,107,-3922.99755859375,-0.000967824249528348
2764800.0,108,-3930.20654296875,-0.000979711767286062
2764800.0,109,-3937.1611328125,-0.000991325941868126
2764800.0,110,-3943.87060546875,-0.00100265222135931
2764800.0,111,-3950.34301757812,-0.00101369724143296
2764800.0,112,-3956.58740234375,-0.00102446554228663
2764800.0,113,-3962.611328125,-0.00103495549410582
2764800.0,114,-3968.4228515625,-0.0010451782727614
2764800.0,115,-3974.029296875,-0.0010551365558058
2764800.0,116,-3979.43798828125,-0.00106482848059386
2764800.0,117,-3984.65576171875,-0.00107425008900464
2764800.0,118,-3989.68969726562,-0.00108342559542507
2764800.0,119,-3994.5458984375,-0.0010923536028713
2764800.0,120,-3999.23071289062,-0.00110102701000869
2764800.0,121,-4003.75048828125,-0.0011094594374299
2764800.0,122,-4008.11059570312,-0.00111766287591308
2764800.0,123,-4012.31689453125,-0.0011256217258051
2764800.0,124,-4016.375,-0.00113335775677115
2764800.0,125,-4020.28979492188,-0.0011408634018153
2764800.0,126,-4024.06640625,-0.00114815041888505
2764800.0,127,-4027.7099609375,-0.00115523347631097
2764800.0,128,-4031.22485351562,-0.00116209639236331
2764800.0,129,-4034.61596679688,-0.00116875511594117
2764800.0,130,-4037.88720703125,-0.00117521791253239
2764800.0,131,-4041.04321289062,-0.00118148059118539
2764800.0,132,-4044.08764648438,-0.00118755863513798
2764800.0,133,-4047.02490234375,-0.00119344692211598
2764800.0,134,-4049.8583984375,-0.00119915185496211
2764800.0,135,-4052.59204101562,-0.00120469206012785
2764800.0,136,-4055.22924804688,-0.00121004635002464
2764800.0,137,-4057.7734375,-0.00121523777488619
2764800.0,138,-4060.22778320312,-0.0012202721554786
2764800.0,139,-4062.59545898438,-0.00122514588292688
2764800.0,140,-4064.8798828125,-0.00122987490613014
2764800.0,141,-4067.08349609375,-0.00123443838674575
2764800.0,142,-4069.20947265625,-0.00123885960783809
2764800.0,143,-4071.26025390625,-0.00124314508866519
2764800.0,144,-4073.23901367188,-0.00124728388618678
2764800.0,145,-4075.14770507812,-0.00125130533706397
2764800.0,146,-4076.9892578125,-0.00125518604181707
2764800.0,147,-4078.765625,-0.00125893903896213
2764800.0,148,-4080.4794921875,-0.00126257271040231
2764800.0,149,-4082.1328125,-0.00126607483252883
2764800.0,150,-4083.72778320312,-0.0012694732286036
2764800.0,151,-4085.2666015625,-0.0012727752327919
2764800.0,152,-4086.75122070312,-0.00127595639787614
2764800.0,153,-4088.18334960938,-0.00127902312669903
2764800.0,154,-4089.56494140625,-0.00128200126346201
2764800.0,155,-4090.89770507812,-0.00128488219343126
2764800.0,156,-4092.18359375,-0.00128766347188503
2764800.0,157,-4093.42407226562,-0.00129035103600472
2764800.0,158,-4094.62060546875,-0.00129294150974602
2764800.0,159,-4095.77514648438,-0.00129543466027826
2764800.0,160,-4096.88916015625,-0.00129787402693182
2764800.0,161,-4097.96337890625,-0.00130015588365495
2764800.0,162,-4099.0,-0.00130246626213193
2764800.0,626,-2501.0,-5.08078010170721e-05
2764800.0,627,-2502.01684570312,-5.09239544044249e-05
2764800.0,628,-2503.05053710938,-5.10230747750029e-05
2764800.0,629,-2504.1015625,-5.11319922225084e-05
2764800.0,630,-2505.17016601562,-5.1240229367977e-05
2764800.0,631,-2506.25659179688,-5.13500199303962e-05
2764800.0,632,-2507.361328125,-5.14620332978666e-05
2764800.0,633,-2508.484375,-5.15763895236887e-05
2764800.0,634,-2509.62622070312,-5.16922737006098e-05
2764800.0,635,-2510.78735351562,-5.18101660418324e-05
2764800.0,636,-2511.9677734375,-5.19299101142678e-05
2764800.0,637,-2513.16796875,-5.20516696269624e-05
2764800.0,638,-2514.38818359375,-5.21754191140644e-05
2764800.0,639,-2515.62890625,-5.23013659403659e-05
2764800.0,640,-2516.89013671875,-5.24292554473504e-05
2764800.0,641,-2518.1728515625,-5.25598625245038e-05
2764800.0,642,-2519.47680664062,-5.26917610841338e-05
2764800.0,643,-2520.80249023438,-5.28262426087167e-05
2764800.0,644,-2522.150390625,-5.29635108250659e-05
2764800.0,645,-2523.52099609375,-5.31021178176161e-05
2764800.0,646,-2524.91430664062,-5.32440899405628e-05
2764800.0,647,-2526.3310546875,-5.33877391717397e-05
2764800.0,648,-2527.771484375,-5.35338913323358e-05
2764800.0,649,-2529.23608398438,-5.36824809387326e-05
2764800.0,650,-2530.72509765625,-5.38331441930495e-05
2764800.0,651,-2532.23901367188,-5.39871871296782e-05
2764800.0,652,-2533.7783203125,-5.41438239451963e-05
2764800.0,653,-2535.34326171875,-5.43022724741604e-05
2764800.0,654,-2536.93432617188,-5.44637732673436e-05
2764800.0,655,-2538.55224609375,-5.4628213547403e-05
2764800.0,656,-2540.19702148438,-5.47950221516658e-05
2764800.0,657,-2541.86938476562,-5.496423545992e-05
2764800.0,658,-2543.56982421875,-5.51367193111219e-05
2764800.0,659,-2545.29858398438,-5.53125137230381e-05
2764800.0,660,-2547.05615234375,-5.5490938393632e-05
2764800.0,661,-2548.84326171875,-5.56722407054622e-05
2764800.0,662,-2550.66015625,-5.58569226996042e-05
2764800.0,663,-2552.50756835938,-5.60439111723099e-05
2764800.0,664,-2554.38598632812,-5.62339737371076e-05
2764800.0,665,-2556.29565429688,-5.64285073778592e-05
2764800.0,666,-2558.2373046875,-5.66254384466447e-05
2764800.0,667,-2560.21142578125,-5.68253417441156e-05
2764800.0,668,-2562.21850585938,-5.7029308663914e-05
2764800.0,669,-2564.25903320312,-5.72362769162282e-05
2764800.0,670,-2566.333984375,-5.74464575038292e-05
2764800.0,671,-2568.44360351562,-5.76609418203589e-05
2764800.0,672,-2570.58837890625,-5.7879038649844e-05
2764800.0,673,-2572.76904296875,-5.80999549129046e-05
2764800.0,674,-2574.98608398438,-5.8325007557869e-05
2764800.0,675,-2577.24047851562,-5.85541274631396e-05
2764800.0,676,-2579.53247070312,-5.87866852583829e-05
2764800.0,677,-2581.86279296875,-5.90229574299883e-05
2764800.0,678,-2584.23193359375,-5.92633259657305e-05
2764800.0,679,-2586.64086914062,-5.95071469433606e-05
2764800.0,680,-2589.09008789062,-5.97561775066424e-05
2764800.0,681,-2591.58032226562,-6.00091407250147e-05
2764800.0,682,-2594.11206054688,-6.02660547883715e-05
2764800.0,683,-2596.68627929688,-6.05269451625645e-05
2764800.0,684,-2599.30346679688,-6.07922847848386e-05
2764800.0,685,-2601.96459960938,-6.10633069300093e-05
2764800.0,686,-2604.67016601562,-6.13371230429038e-05
2764800.0,687,-2607.4208984375,-6.16164688835852e-05
2764800.0,688,-2610.21752929688,-6.18999474681914e-05
2764800.0,689,-2613.06127929688,-6.21888611931354e-05
2764800.0,690,-2615.95239257812,-6.24821841483936e-05
2764800.0,691,-2618.89184570312,-6.27798144705594e-05
2764800.0,692,-2621.88037109375,-6.30836366326548e-05
2764800.0,693,-2624.9189453125,-6.33916715742089e-05
2764800.0,694,-2628.00854492188,-6.37057310086675e-05
2764800.0,695,-2631.14965820312,-6.40241632936522e-05
2764800.0,696,-2634.34326171875,-6.43479070276953e-05
2764800.0,697,-2637.59033203125,-6.46770640742034e-05
2764800.0,698,-2640.89184570312,-6.50129732093774e-05
2764800.0,699,-2644.24853515625,-6.53531096759252e-05
2764800.0,700,-2647.66137695312,-6.569926335942e-05
2764800.0,701,-2651.13110351562,-6.60521691315807e-05
2764800.0,702,-2654.65893554688,-6.64089893689379e-05
2764800.0,703,-2658.24584960938,-6.6773071011994e-05
2764800.0,704,-2661.89282226562,-6.7143642809242e-05
2764800.0,705,-2665.60083007812,-6.75199407851323e-05
2764800.0,706,-2669.37060546875,-6.79017830407247e-05
2764800.0,707,-2673.20361328125,-6.82911195326596e-05
2764800.0,708,-2677.10083007812,-6.86862040311098e-05
2764800.0,709,-2681.06298828125,-6.90882807248272e-05
2764800.0,710,-2685.09155273438,-6.9496949436143e-05
2764800.0,711,-2689.1875,-6.99127922416665e-05
2764800.0,712,-2693.35205078125,-7.03357945894822e-05
2764800.0,713,-2697.58618164062,-7.07644794601947e-05
2764800.0,714,-2701.89111328125,-7.1201502578333e-05
2764800.0,715,-2706.26806640625,-7.16464855941013e-05
2764800.0,716,-2710.71826171875,-7.2096889198292e-05
2764800.0,717,-2715.24267578125,-7.25564750609919e-05
2764800.0,718,-2719.84301757812,-7.30234169168398e-05
2764800.0,719,-2724.52026367188,-7.349751831498e-05
2764800.0,720,-2729.27563476562,-7.39803435862996e-05
2764800.0,721,-2734.11059570312,-7.44710705475882e-05
2764800.0,722,-2739.02661132812,-7.49694590922445e-05
2764800.0,723,-2744.02465820312,-7.54762004362419e-05
2764800.0,724,-2749.1064453125,-7.59926697355695e-05
2764800.0,725,-2754.27294921875,-7.65160075388849e-05
2764800.0,726,-2759.52612304688,-7.70491533330642e-05
2764800.0,727,-2764.8671875,-7.75910521042533e-05
2764800.0,728,-2770.29736328125,-7.81423004809767e-05
2764800.0,729,-2775.81860351562,-7.87019671406597e-05
2764800.0,730,-2781.43212890625,-7.92711070971563e-05
2764800.0,731,-2787.13940429688,-7.98511027824134e-05
2764800.0,732,-2792.9423828125,-8.04388619144447e-05
2764800.0,733,-2798.84228515625,-8.10380151960999e-05
2764800.0,734,-2804.8408203125,-8.16461761132814e-05
2764800.0,735,-2810.93969726562,-8.22647343738936e-05
2764800.0,736,-2817.14086914062,-8.28942720545456e-05
2764800.0,737,-2823.4453125,-8.35333121358417e-05
2764800.0,738,-2829.85546875,-8.41842265799642e-05
2764800.0,739,-2836.37280273438,-8.48444178700447e-05
2764800.0,740,-2842.99926757812,-8.55172256706282e-05
2764800.0,741,-2849.73657226562,-8.62006709212437e-05
2764800.0,742,-2856.58642578125,-8.68955830810592e-05
2764800.0,743,-2863.55078125,-8.76017584232613e-05
2764800.0,744,-2870.6318359375,-8.83202883414924e-05
2764800.0,745,-2877.8310546875,-8.90504234121181e-05
2764800.0,746,-2885.15087890625,-8.97925638128072e-05
2764800.0,747,-2892.59326171875,-9.05481429072097e-05
2764800.0,748,-2900.15991210938,-9.13150361157022e-05
2764800.0,749,-2907.85327148438,-9.20964885153808e-05
2764800.0,750,-2915.67529296875,-9.28888184716925e-05
2764800.0,751,-2923.6279296875,-9.36954238568433e-05
2764800.0,752,-2931.7138671875,-9.45156061789021e-05
2764800.0,753,-2939.93505859375,-9.53492926782928e-05
2764800.0,754,-2948.29345703125,-9.61973855737597e-05
2764800.0,755,-2956.7919921875,-9.70595356193371e-05
2764800.0,756,-2965.4326171875,-9.79358374024741e-05
2764800.0,757,-2974.21752929688,-9.88264728221111e-05
2764800.0,758,-2983.14965820312,-9.97327297227457e-05
2764800.0,759,-2992.23095703125,-0.000100653407571372
2764800.0,760,-3001.46435546875,-0.000101590172562283
2764800.0,761,-3010.85229492188,-0.000102542384411208
2764800.0,762,-3020.39697265625,-0.000103510057670064
2764800.0,763,-3030.10131835938,-0.000104494029073976
2764800.0,764,-3039.96826171875,-0.000105496219475754
2764800.0,765,-3050.0,-0.000106511630292516
2764800.0,766,-3060.03173828125,-0.000107527972431853
2764800.0,767,-3069.89868164062,-0.000108528896817006
2764800.0,768,-3079.60302734375,-0.000109512948256452
2764800.0,769,-3089.14770507812,-0.000110481429146603
2764800.0,770,-3098.53564453125,-0.000111433044367004
2764800.0,771,-3107.76904296875,-0.000112369925773237
2764800.0,772,-3116.85034179688,-0.000113290370791219
2764800.0,773,-3125.78247070312,-0.000114196402137168
2764800.0,774,-3134.5673828125,-0.000115087059384678
2764800.0,775,-3143.2080078125,-0.000115962742711417
2764800.0,776,-3151.70654296875,-0.000116825416625943
2764800.0,777,-3160.06494140625,-0.000117671981570311
2764800.0,778,-3168.2861328125,-0.000118505944556091
2764800.0,779,-3176.3720703125,-0.000119325923151337
2764800.0,780,-3184.32470703125,-0.000120131626317743
2764800.0,781,-3192.14672851562,-0.000120925047667697
2764800.0,782,-3199.84008789062,-0.000121705386845861
2764800.0,783,-3207.40673828125,-0.000122472469229251
2764800.0,784,-3214.84912109375,-0.000123227422591299
2764800.0,785,-3222.1689453125,-0.000123969424748793
2764800.0,786,-3229.3681640625,-0.000124699101434089
2764800.0,787,-3236.44921875,-0.000125417369417846
2764800.0,788,-3243.41357421875,-0.000126123151858337
2764800.0,789,-3250.26342773438,-0.000126817743876018
2764800.0,790,-3257.00073242188,-0.000127500796224922
2764800.0,791,-3263.62719726562,-0.00012817325477954
2764800.0,792,-3270.14453125,-0.000128833053167909
2764800.0,793,-3276.5546875,-0.000129483596538194
2764800.0,794,-3282.85913085938,-0.000130122250993736
2764800.0,795,-3289.06030273438,-0.000130751403048635
2764800.0,796,-3295.1591796875,-0.000131369568407536
2764800.0,797,-3301.15771484375,-0.000131977343698964
2764800.0,798,-3307.0576171875,-0.00013257609680295
2764800.0,799,-3312.86059570312,-0.000133163455757312
2764800.0,800,-3318.56787109375,-0.000133743058540858
2764800.0,801,-3324.18139648438,-0.000134311791043729
2764800.0,802,-3329.70263671875,-0.000134871050249785
2764800.0,803,-3335.1328125,-0.000135421883896925
2764800.0,804,-3340.47387695312,-0.000135963389766403
2764800.0,805,-3345.72705078125,-0.000136496120830998
2764800.0,806,-3350.8935546875,-0.00013701907300856
2764800.0,807,-3355.97534179688,-0.000137535098474473
2764800.0,808,-3360.97338867188,-0.000138041476020589
2764800.0,809,-3365.88940429688,-0.000138539384352043
2764800.0,810,-3370.72436523438,-0.0001390298421029
2764800.0,811,-3375.47973632812,-0.000139512005262077
2764800.0,812,-3380.15698242188,-0.000139986150315963
2764800.0,813,-3384.75732421875,-0.000140451884362847
2764800.0,814,-3389.28173828125,-0.000140910764457658
2764800.0,815,-3393.73193359375,-0.000141362266731448
2764800.0,816,-3398.10888671875,-0.000141805387102067
2764800.0,817,-3402.41381835938,-0.000142242206493393
2764800.0,818,-3406.64794921875,-0.000142671487992629
2764800.0,819,-3410.8125,-0.000143093333463185
2764800.0,820,-3414.90844726562,-0.000143509576446377
2764800.0,821,-3418.93701171875,-0.000143916739034466
2764800.0,822,-3422.89916992188,-0.000144318531965837
2764800.0,823,-3426.79638671875,-0.000144714082125574
2764800.0,824,-3430.62939453125,-0.000145102647366002
2764800.0,825,-3434.39916992188,-0.00014548416947946
2764800.0,826,-3438.10717773438,-0.000145860351040028
2764800.0,827,-3441.75415039062,-0.000146229853271507
2764800.0,828,-3445.34106445312,-0.000146593200042844
2764800.0,829,-3448.86889648438,-0.000146951177157462
2764800.0,830,-3452.33862304688,-0.000147302213008516
2764800.0,831,-3455.75146484375,-0.000147648301208392
2764800.0,832,-3459.10815429688,-0.000147988874232396
2764800.0,833,-3462.40966796875,-0.000148323990288191
2764800.0,834,-3465.65673828125,-0.000148653023643419
2764800.0,835,-3468.85034179688,-0.000148976294440217
2764800.0,836,-3471.99145507812,-0.000149294442962855
2764800.0,837,-3475.0810546875,-0.000149608109495603
2764800.0,838,-3478.11962890625,-0.000149915824295022
2764800.0,839,-3481.10815429688,-0.000150219304487109
2764800.0,840,-3484.04760742188,-0.000150516585563309
2764800.0,841,-3486.93872070312,-0.000150809617480263
2764800.0,842,-3489.78247070312,-0.000151098123751581
2764800.0,843,-3492.5791015625,-0.000151381420437247
2764800.0,844,-3495.32983398438,-0.000151660162373446
2764800.0,845,-3498.03540039062,-0.000151934189489111
2764800.0,846,-3500.69653320312,-0.000152203894685954
2764800.0,847,-3503.31372070312,-0.00015246904513333
2764800.0,848,-3505.88793945312,-0.000152730324771255
2764800.0,849,-3508.41967773438,-0.000152986904140562
2764800.0,850,-3510.90991210938,-0.000153238914208487
2764800.0,851,-3513.35913085938,-0.000153487475472502
2764800.0,852,-3515.76806640625,-0.00015373203495983
2764800.0,853,-3518.13720703125,-0.000153971559484489
2764800.0,854,-3520.46752929688,-0.000154207853483967
2764800.0,855,-3522.75952148438,-0.000154439941979945
2764800.0,856,-3525.01391601562,-0.000154668916366063
2764800.0,857,-3527.23095703125,-0.000154893525177613
2764800.0,858,-3529.41162109375,-0.00015511442325078
2764800.0,859,-3531.55639648438,-0.000155331799760461
2764800.0,860,-3533.666015625,-0.000155545072630048
2764800.0,861,-3535.74096679688,-0.000155755944433622
2764800.0,862,-3537.78149414062,-0.000155963047291152
2764800.0,863,-3539.78857421875,-0.000156166628585197
2764800.0,864,-3541.7626953125,-0.000156366164446808
2764800.0,865,-3543.70434570312,-0.000156563241034746
2764800.0,866,-3545.61401367188,-0.000156756650540046
2764800.0,867,-3547.49243164062,-0.000156946436618455
2764800.0,868,-3549.33984375,-0.000157134112669155
2764800.0,869,-3551.15673828125,-0.000157318077981472
2764800.0,870,-3552.94384765625,-0.000157499380293302
2764800.0,871,-3554.70141601562,-0.000157677452079952
2764800.0,872,-3556.43017578125,-0.000157853079144843
2764800.0,873,-3558.13061523438,-0.000158025301061571
2764800.0,874,-3559.80297851562,-0.000158194307005033
2764800.0,875,-3561.44775390625,-0.000158360882778652
2764800.0,876,-3563.06567382812,-0.000158525101142004
2764800.0,877,-3564.65673828125,-0.00015868638001848
2764800.0,878,-3566.2216796875,-0.000158844617544673
2764800.0,879,-3567.76098632812,-0.000159001036081463
2764800.0,880,-3569.27490234375,-0.000159154849825427
2764800.0,881,-3570.76391601562,-0.000159305287525058
2764800.0,882,-3572.228515625,-0.000159453658852726
2764800.0,883,-3573.6689453125,-0.000159599527250975
2764800.0,884,-3575.08569335938,-0.000159742980031297
2764800.0,885,-3576.47900390625,-0.000159884497406892
2764800.0,886,-3577.849609375,-0.000160023148055188
2764800.0,887,-3579.19750976562,-0.000160159252118319
2764800.0,888,-3580.52319335938,-0.000160293173394166
2764800.0,889,-3581.8271484375,-0.000160425726789981
2764800.0,890,-3583.10986328125,-0.000160554773174226
2764800.0,891,-3584.37109375,-0.000160683441208676
2764800.0,892,-3585.61181640625,-0.000160805895575322
2764800.0,893,-3586.83203125,-0.000160934767336585
2764800.0,894,-3588.0322265625,-0.000161042902618647
2764800.0,895,-3589.21264648438,-0.000161190226208419
2764800.0,896,-3590.37377929688,-0.000161245290655643
2764800.0,897,-3591.515625,-0.000161500400281511
2764800.0,898,-3592.638671875,-0.000161305026267655
2764800.0,899,-3593.74340820312,-0.000162120588356629
2764800.0,900,-3594.82983398438,-0.00016064899682533
2764800.0,901,-3595.8984375,-0.000164417462656274
2764800.0,902,-3596.94946289062,-0.000156144349602982
2764800.0,903,-3597.98315429688,-0.000175932684214786
2764800.0,904,-3599.0,-0.000130439424538054
5529600.0,2,-3600.0,-0.000250149372732267
5529600.0,3,-4100.0,-0.00165004830341786
5529600.0,6,-2500.0,-5.07284676132258e-05
5529600.0,35,-3601.0,-0.000777693116106093
5529600.0,36,-3602.03662109375,-0.000630231690593064
5529600.0,37,-3603.11108398438,-0.000689606589730829
5529600.0,38,-3604.22485351562,-0.000665723695419729
5529600.0,39,-3605.37939453125,-0.000680124736391008
5529600.0,40,-3606.57592773438,-0.000674937560688704
5529600.0,41,-3607.81640625,-0.00068028480745852
5529600.0,42,-3609.10229492188,-0.000679759832564741
5529600.0,43,-3610.43505859375,-0.000682698737364262
5529600.0,44,-3611.81665039062,-0.000683672085870057
5529600.0,45,-3613.24877929688,-0.000685933220665902
5529600.0,46,-3614.7333984375,-0.000687507796101272
5529600.0,47,-3616.27221679688,-0.000689622422214597
5529600.0,48,-3617.8671875,-0.000691524764988571
5529600.0,49,-3619.5205078125,-0.000693689566105604
5529600.0,50,-3621.234375,-0.000695828173775226
5529600.0,51,-3623.0107421875,-0.000698117655701935
5529600.0,52,-3624.85229492188,-0.000700458884239197
5529600.0,53,-3626.76098632812,-0.000702918623574078
5529600.0,54,-3628.73974609375,-0.000705459620803595
5529600.0,55,-3630.79052734375,-0.000708118139300495
5529600.0,56,-3632.91650390625,-0.000710870896000415
5529600.0,57,-3635.1201171875,-0.000713750545401126
5529600.0,58,-3637.40454101562,-0.000716734153684229
5529600.0,59,-3639.77221679688,-0.000719846633728594
5529600.0,60,-3642.2265625,-0.000723093224223703
5529600.0,61,-3644.77075195312,-0.000726460362784564
5529600.0,62,-3647.40795898438,-0.000729967665392905
5529600.0,63,-3650.1416015625,-0.000733627821318805
5529600.0,64,-3652.97509765625,-0.000737435941118747
5529600.0,65,-3655.91235351562,-0.000741394353099167
5529600.0,66,-3658.95678710938,-0.000745531695429236
5529600.0,67,-3662.11279296875,-0.000749846745748073
5529600.0,68,-3665.38403320312,-0.0007543382816948
5529600.0,69,-3668.77514648438,-0.000759021088015288
5529600.0,70,-3672.2900390625,-0.000763906922657043
5529600.0,71,-3675.93359375,-0.000769000092986971
5529600.0,72,-3679.71020507812,-0.000774315616581589
5529600.0,73,-3683.625,-0.000779871304985136
5529600.0,74,-3687.68310546875,-0.00078566261800006
5529600.0,75,-3691.88940429688,-0.000791713246144354
5529600.0,76,-3696.24951171875,-0.000798027438577265
5529600.0,77,-3700.76928710938,-0.000804627488832921
5529600.0,78,-3705.4541015625,-0.00081153103383258
5529600.0,79,-3710.31030273438,-0.000818741566035897
5529600.0,80,-3715.34423828125,-0.000826281204354018
5529600.0,81,-3720.56201171875,-0.000834162579849362
5529600.0,82,-3725.970703125,-0.000842404144350439
5529600.0,83,-3731.5771484375,-0.000851042685098946
5529600.0,84,-3737.388671875,-0.000860093743540347
5529600.0,85,-3743.41259765625,-0.000869557436089963
5529600.0,86,-3749.65698242188,-0.000879479921422899
5529600.0,87,-3756.12939453125,-0.00088988384231925
5529600.0,88,-3762.8388671875,-0.000900780432857573
5529600.0,89,-3769.79345703125,-0.000912227609660476
5529600.0,90,-3777.00244140625,-0.000924239866435528
5529600.0,91,-3784.47509765625,-0.000936845026444644
5529600.0,92,-3792.220703125,-0.000950093264691532
5529600.0,93,-3800.25,-0.000964016420766711
5529600.0,94,-3808.57250976562,-0.000978662632405758
5529600.0,95,-3817.19970703125,-0.000994045287370682
5529600.0,96,-3826.14208984375,-0.00101028406061232
5529600.0,97,-3835.41162109375,-0.00102733308449388
5529600.0,98,-3845.02001953125,-0.00104543229099363
5529600.0,99,-3854.97998046875,-0.00106409389991313
5529600.0,100,-3864.58837890625,-0.00108282780274749
5529600.0,101,-3873.85791015625,-0.00110104645136744
5529600.0,102,-3882.80029296875,-0.00111896463204175
5529600.0,103,-3891.42749023438,-0.00113650341518223
5529600.0,104,-3899.75,-0.00115368294063956
5529600.0,105,-3907.779296875,-0.00117048644460738
5529600.0,106,-3915.52490234375,-0.00118692067917436
5529600.0,107,-3922.99755859375,-0.00120298471301794
5529600.0,108,-3930.20654296875,-0.00121867435518652
5529600.0,109,-3937.1611328125,-0.00123401242308319
5529600.0,110,-3943.87060546875,-0.00124898087233305
5529600.0,111,-3950.34301757812,-0.00126358715351671
5529600.0,112,-3956.58740234375,-0.00127783545758575
5529600.0,113,-3962.611328125,-0.00129172357264906
5529600.0,114,-3968.4228515625,-0.00130526663269848
5529600.0,115,-3974.029296875,-0.00131846696604043
5529600.0,116,-3979.43798828125,-0.00133132003247738
5529600.0,117,-3984.65576171875,-0.00134382152464241
5529600.0,118,-3989.68969726562,-0.00135600240901113
5529600.0,119,-3994.5458984375,-0.0013678609393537
5529600.0,120,-3999.23071289062,-0.00137938698753715
5529600.0,121,-4003.75048828125,-0.00139059638604522
5529600.0,122,-4008.11059570312,-0.00140150671359152
5529600.0,123,-4012.31689453125,-0.00141209666617215
5529600.0,124,-4016.375,-0.0014223933685571
5529600.0,125,-4020.28979492188,-0.00143238808959723
5529600.0,126,-4024.06640625,-0.00144209491554648
5529600.0,127,-4027.7099609375,-0.00145153317134827
5529600.0,128,-4031.22485351562,-0.00146068190224469
5529600.0,129,-4034.61596679688,-0.00146956078242511
5529600.0,130,-4037.88720703125,-0.00147818122059107
5529600.0,131,-4041.04321289062,-0.00148653751239181
5529600.0,132,-4044.08764648438,-0.00149464898277074
5529600.0,133,-4047.02490234375,-0.00150250969454646
5529600.0,134,-4049.8583984375,-0.00151012884452939
5529600.0,135,-4052.59204101562,-0.001517528668046
5529600.0,136,-4055.22924804688,-0.0015246820403263
5529600.0,137,-4057.7734375,-0.00153162004426122
5529600.0,138,-4060.22778320312,-0.001538350363262
5529600.0,139,-4062.59545898438,-0.00154486659448594
5529600.0,140,-4064.8798828125,-0.00155119050759822
5529600.0,141,-4067.08349609375,-0.0015572952106595
5529600.0,142,-4069.20947265625,-0.00156320992391557
5529600.0,143,-4071.26025390625,-0.00156894465908408
5529600.0,144,-4073.23901367188,-0.00157448451500386
5529600.0,145,-4075.14770507812,-0.00157986744306982
5529600.0,146,-4076.9892578125,-0.0015850632917136
5529600.0,147,-4078.765625,-0.00159008870832622
5529600.0,148,-4080.4794921875,-0.00159495417028666
5529600.0,149,-4082.1328125,-0.00159964512567967
5529600.0,150,-4083.72778320312,-0.00160419824533165
5529600.0,151,-4085.2666015625,-0.00160862249322236
5529600.0,152,-4086.75122070312,-0.00161288597155362
5529600.0,153,-4088.18334960938,-0.00161699671298265
5529600.0,154,-4089.56494140625,-0.00162098847795278
5529600.0,155,-4090.89770507812,-0.00162485067266971
5529600.0,156,-4092.18359375,-0.00162857957184315
5529600.0,157,-4093.42407226562,-0.00163218297529966
5529600.0,158,-4094.62060546875,-0.00163565622642636
5529600.0,159,-4095.77514648438,-0.00163899804465473
5529600.0,160,-4096.88916015625,-0.00164226535707712
5529600.0,161,-4097.96337890625,-0.00164531636983156
5529600.0,162,-4099.0,-0.00164837820921093
5529600.0,626,-2501.0,-5.08012344653253e-05
5529600.0,627,-2502.01684570312,-5.09173842146993e-05
5529600.0,628,-2503.05053710938,-5.10165082232561e-05
5529600.0,629,-2504.1015625,-5.11254256707616e-05
5529600.0,630,-2505.17016601562,-5.12336591782514e-05
5529600.0,631,-2506.25659179688,-5.13434533786494e-05
5529600.0,632,-2507.361328125,-5.1455463108141e-05
5529600.0,633,-2508.484375,-5.15698193339631e-05
5529600.0,634,-2509.62622070312,-5.16857035108842e-05
5529600.0,635,-2510.78735351562,-5.18035994900856e-05
5529600.0,636,-2511.9677734375,-5.1923343562521e-05
5529600.0,637,-2513.16796875,-5.20450994372368e-05
5529600.0,638,-2514.38818359375,-5.21688525623176e-05
5529600.0,639,-2515.62890625,-5.22947993886191e-05
5529600.0,640,-2516.89013671875,-5.24226852576248e-05
5529600.0,641,-2518.1728515625,-5.2553295972757e-05
5529600.0,642,-2519.47680664062,-5.26851908944082e-05
5529600.0,643,-2520.80249023438,-5.28196724189911e-05
5529600.0,644,-2522.150390625,-5.29569406353403e-05
5529600.0,645,-2523.52099609375,-5.30955512658693e-05
5529600.0,646,-2524.91430664062,-5.3237523388816e-05
5529600.0,647,-2526.3310546875,-5.33811726199929e-05
5529600.0,648,-2527.771484375,-5.3527324780589e-05
5529600.0,649,-2529.23608398438,-5.3675910749007e-05
5529600.0,650,-2530.72509765625,-5.38265740033239e-05
5529600.0,651,-2532.23901367188,-5.39806169399526e-05
5529600.0,652,-2533.7783203125,-5.41372573934495e-05
5529600.0,653,-2535.34326171875,-5.42957059224136e-05
5529600.0,654,-2536.93432617188,-5.44572067155968e-05
5529600.0,655,-2538.55224609375,-5.46216469956562e-05
5529600.0,656,-2540.19702148438,-5.47884519619402e-05
5529600.0,657,-2541.86938476562,-5.49576689081732e-05
5529600.0,658,-2543.56982421875,-5.51301527593751e-05
5529600.0,659,-2545.29858398438,-5.53059471712913e-05
5529600.0,660,-2547.05615234375,-5.54843682039063e-05
5529600.0,661,-2548.84326171875,-5.56656741537154e-05
5529600.0,662,-2550.66015625,-5.58503525098786e-05
5529600.0,663,-2552.50756835938,-5.60373409825843e-05
5529600.0,664,-2554.38598632812,-5.62274071853608e-05
5529600.0,665,-2556.29565429688,-5.64219408261124e-05
5529600.0,666,-2558.2373046875,-5.66188682569191e-05
5529600.0,667,-2560.21142578125,-5.68187751923688e-05
5529600.0,668,-2562.21850585938,-5.70227384741884e-05
5529600.0,669,-2564.25903320312,-5.72297067265026e-05
5529600.0,670,-2566.333984375,-5.74398873141035e-05
5529600.0,671,-2568.44360351562,-5.76543752686121e-05
5529600.0,672,-2570.58837890625,-5.78724684601184e-05
5529600.0,673,-2572.76904296875,-5.80933883611578e-05
5529600.0,674,-2574.98608398438,-5.83184373681433e-05
5529600.0,675,-2577.24047851562,-5.85475609113928e-05
5529600.0,676,-2579.53247070312,-5.87801187066361e-05
5529600.0,677,-2581.86279296875,-5.90163908782415e-05
5529600.0,678,-2584.23193359375,-5.92567594139837e-05
5529600.0,679,-2586.64086914062,-5.95005803916138e-05
5529600.0,680,-2589.09008789062,-5.97496109548956e-05
5529600.0,681,-2591.58032226562,-6.00025741732679e-05
5529600.0,682,-2594.11206054688,-6.02594882366247e-05
5529600.0,683,-2596.68627929688,-6.05203786108177e-05
5529600.0,684,-2599.30346679688,-6.07857182330918e-05
5529600.0,685,-2601.96459960938,-6.10567440162413e-05
5529600.0,686,-2604.67016601562,-6.13305528531782e-05
5529600.0,687,-2607.4208984375,-6.16098986938596e-05
5529600.0,688,-2610.21752929688,-6.18933772784658e-05
5529600.0,689,-2613.06127929688,-6.21822910034098e-05
5529600.0,690,-2615.95239257812,-6.2475613958668e-05
5529600.0,691,-2618.89184570312,-6.27732442808338e-05
5529600.0,692,-2621.88037109375,-6.30770664429292e-05
5529600.0,693,-2624.9189453125,-6.33851086604409e-05
5529600.0,694,-2628.00854492188,-6.36991680948995e-05
5529600.0,695,-2631.14965820312,-6.40175931039266e-05
5529600.0,696,-2634.34326171875,-6.43413368379697e-05
5529600.0,697,-2637.59033203125,-6.46704938844778e-05
5529600.0,698,-2640.89184570312,-6.50064030196518e-05
5529600.0,699,-2644.24853515625,-6.53465394861996e-05
5529600.0,700,-2647.66137695312,-6.5692700445652e-05
5529600.0,701,-2651.13110351562,-6.60456062178127e-05
5529600.0,702,-2654.65893554688,-6.64024264551699e-05
5529600.0,703,-2658.24584960938,-6.67665008222684e-05
5529600.0,704,-2661.89282226562,-6.7137079895474e-05
5529600.0,705,-2665.60083007812,-6.75133705954067e-05
5529600.0,706,-2669.37060546875,-6.78952128509991e-05
5529600.0,707,-2673.20361328125,-6.82845566188917e-05
5529600.0,708,-2677.10083007812,-6.86796338413842e-05
5529600.0,709,-2681.06298828125,-6.90817105351016e-05
5529600.0,710,-2685.09155273438,-6.94903792464174e-05
5529600.0,711,-2689.1875,-6.99062220519409e-05
5529600.0,712,-2693.35205078125,-7.03292243997566e-05
5529600.0,713,-2697.58618164062,-7.07579165464267e-05
5529600.0,714,-2701.89111328125,-7.11949323886074e-05
5529600.0,715,-2706.26806640625,-7.16399226803333e-05
5529600.0,716,-2710.71826171875,-7.20903190085664e-05
5529600.0,717,-2715.24267578125,-7.25499121472239e-05
5529600.0,718,-2719.84301757812,-7.30168540030718e-05
5529600.0,719,-2724.52026367188,-7.34909481252544e-05
5529600.0,720,-2729.27563476562,-7.39737806725316e-05
5529600.0,721,-2734.11059570312,-7.44645076338202e-05
5529600.0,722,-2739.02661132812,-7.49628961784765e-05
5529600.0,723,-2744.02465820312,-7.54696302465163e-05
5529600.0,724,-2749.1064453125,-7.59860995458439e-05
5529600.0,725,-2754.27294921875,-7.65094446251169e-05
5529600.0,726,-2759.52612304688,-7.70425831433386e-05
5529600.0,727,-2764.8671875,-7.75844891904853e-05
5529600.0,728,-2770.29736328125,-7.81357302912511e-05
5529600.0,729,-2775.81860351562,-7.86954042268917e-05
5529600.0,730,-2781.43212890625,-7.92645369074307e-05
5529600.0,731,-2787.13940429688,-7.98445325926878e-05
5529600.0,732,-2792.9423828125,-8.04322990006767e-05
5529600.0,733,-2798.84228515625,-8.10314522823319e-05
5529600.0,734,-2804.8408203125,-8.16396131995134e-05
5529600.0,735,-2810.93969726562,-8.22581714601256e-05
5529600.0,736,-2817.14086914062,-8.288770186482e-05
5529600.0,737,-2823.4453125,-8.35267419461161e-05
5529600.0,738,-2829.85546875,-8.41776563902386e-05
5529600.0,739,-2836.37280273438,-8.48378476803191e-05
5529600.0,740,-2842.99926757812,-8.55106554809026e-05
5529600.0,741,-2849.73657226562,-8.61941007315181e-05
5529600.0,742,-2856.58642578125,-8.68890128913336e-05
5529600.0,743,-2863.55078125,-8.75951955094934e-05
5529600.0,744,-2870.6318359375,-8.83137254277244e-05
5529600.0,745,-2877.8310546875,-8.90438604983501e-05
5529600.0,746,-2885.15087890625,-8.97860008990392e-05
5529600.0,747,-2892.59326171875,-9.05415727174841e-05
5529600.0,748,-2900.15991210938,-9.13084659259766e-05
5529600.0,749,-2907.85327148438,-9.20899256016128e-05
5529600.0,750,-2915.67529296875,-9.28822555579245e-05
5529600.0,751,-2923.6279296875,-9.36888609430753e-05
5529600.0,752,-2931.7138671875,-9.45090432651341e-05
5529600.0,753,-2939.93505859375,-9.53427297645248e-05
5529600.0,754,-2948.29345703125,-9.61908226599917e-05
5529600.0,755,-2956.7919921875,-9.70529727055691e-05
5529600.0,756,-2965.4326171875,-9.79292744887061e-05
5529600.0,757,-2974.21752929688,-9.88199099083431e-05
5529600.0,758,-2983.14965820312,-9.97261668089777e-05
5529600.0,759,-2992.23095703125,-0.000100646844657604
5529600.0,760,-3001.46435546875,-0.000101583609648515
5529600.0,761,-3010.85229492188,-0.00010253582149744
5529600.0,762,-3020.39697265625,-0.000103503494756296
5529600.0,763,-3030.10131835938,-0.000104487466160208
5529600.0,764,-3039.96826171875,-0.000105489656561986
5529600.0,765,-3050.0,-0.000106505067378748
5529600.0,766,-3060.03173828125,-0.000107521409518085
5529600.0,767,-3069.89868164062,-0.000108522333903238
5529600.0,768,-3079.60302734375,-0.000109506385342684
5529600.0,769,-3089.14770507812,-0.000110474866232835
5529600.0,770,-3098.53564453125,-0.000111426481453236
5529600.0,771,-3107.76904296875,-0.000112363362859469
5529600.0,772,-3116.85034179688,-0.000113283807877451
5529600.0,773,-3125.78247070312,-0.0001141898392234
5529600.0,774,-3134.5673828125,-0.00011508049647091
5529600.0,775,-3143.2080078125,-0.000115956179797649
5529600.0,776,-3151.70654296875,-0.000116818853712175
5529600.0,777,-3160.06494140625,-0.000117665418656543
5529600.0,778,-3168.2861328125,-0.000118499381642323
5529600.0,779,-3176.3720703125,-0.000119319360237569
5529600.0,780,-3184.32470703125,-0.000120125063403975
5529600.0,781,-3192.14672851562,-0.000120918492029887
5529600.0,782,-3199.84008789062,-0.000121698823932093
5529600.0,783,-3207.40673828125,-0.000122465906315483
5529600.0,784,-3214.84912109375,-0.000123220859677531
5529600.0,785,-3222.1689453125,-0.00012396287638694
5529600.0,786,-3229.3681640625,-0.000124692538520321
5529600.0,787,-3236.44921875,-0.000125410806504078
5529600.0,788,-3243.41357421875,-0.000126116588944569
5529600.0,789,-3250.26342773438,-0.00012681118096225
5529600.0,790,-3257.00073242188,-0.000127494233311154
5529600.0,791,-3263.62719726562,-0.000128166691865772
5529600.0,792,-3270.14453125,-0.000128826504806057
5529600.0,793,-3276.5546875,-0.000129477048176341
5529600.0,794,-3282.85913085938,-0.000130115688079968
5529600.0,795,-3289.06030273438,-0.000130744840134867
5529600.0,796,-3295.1591796875,-0.000131363005493768
5529600.0,797,-3301.15771484375,-0.000131970780785196
5529600.0,798,-3307.0576171875,-0.000132569533889182
5529600.0,799,-3312.86059570312,-0.000133156892843544
5529600.0,800,-3318.56787109375,-0.00013373649562709
5529600.0,801,-3324.18139648438,-0.000134305228129961
5529600.0,802,-3329.70263671875,-0.000134864487336017
5529600.0,803,-3335.1328125,-0.000135415335535072
5529600.0,804,-3340.47387695312,-0.000135956826852635
5529600.0,805,-3345.72705078125,-0.00013648955791723
5529600.0,806,-3350.8935546875,-0.000137012510094792
5529600.0,807,-3355.97534179688,-0.000137528535560705
5529600.0,808,-3360.97338867188,-0.000138034913106821
5529600.0,809,-3365.88940429688,-0.000138532821438275
5529600.0,810,-3370.72436523438,-0.000139023279189132
5529600.0,811,-3375.47973632812,-0.000139505456900224
5529600.0,812,-3380.15698242188,-0.000139979587402195
5529600.0,813,-3384.75732421875,-0.000140445321449079
5529600.0,814,-3389.28173828125,-0.000140904216095805
5529600.0,815,-3393.73193359375,-0.00014135570381768
5529600.0,816,-3398.10888671875,-0.000141798824188299
5529600.0,817,-3402.41381835938,-0.000142235643579625
5529600.0,818,-3406.64794921875,-0.000142664925078861
5529600.0,819,-3410.8125,-0.000143086770549417
5529600.0,820,-3414.90844726562,-0.000143503013532609
5529600.0,821,-3418.93701171875,-0.000143910176120698
5529600.0,822,-3422.89916992188,-0.000144311969052069
5529600.0,823,-3426.79638671875,-0.000144707519211806
5529600.0,824,-3430.62939453125,-0.000145096099004149
5529600.0,825,-3434.39916992188,-0.000145477606565692
5529600.0,826,-3438.10717773438,-0.00014585378812626
5529600.0,827,-3441.75415039062,-0.000146223290357739
5529600.0,828,-3445.34106445312,-0.000146586637129076
5529600.0,829,-3448.86889648438,-0.000146944614243694
5529600.0,830,-3452.33862304688,-0.000147295650094748
5529600.0,831,-3455.75146484375,-0.000147641738294624
5529600.0,832,-3459.10815429688,-0.000147982311318628
5529600.0,833,-3462.40966796875,-0.000148317427374423
5529600.0,834,-3465.65673828125,-0.000148646460729651
5529600.0,835,-3468.85034179688,-0.000148969731526449
5529600.0,836,-3471.99145507812,-0.000149287880049087
5529600.0,837,-3475.0810546875,-0.00014960156113375
5529600.0,838,-3478.11962890625,-0.000149909275933169
5529600.0,839,-3481.10815429688,-0.000150212741573341
5529600.0,840,-3484.04760742188,-0.000150510022649541
5529600.0,841,-3486.93872070312,-0.000150803054566495
5529600.0,842,-3489.78247070312,-0.000151091560837813
5529600.0,843,-3492.5791015625,-0.000151374857523479
5529600.0,844,-3495.32983398438,-0.000151653599459678
5529600.0,845,-3498.03540039062,-0.000151927626575343
5529600.0,846,-3500.69653320312,-0.000152197331772186
5529600.0,847,-3503.31372070312,-0.000152462482219562
5529600.0,848,-3505.88793945312,-0.000152723761857487
5529600.0,849,-3508.41967773438,-0.000152980341226794
5529600.0,850,-3510.90991210938,-0.000153232351294719
5529600.0,851,-3513.35913085938,-0.00015348092711065
5529600.0,852,-3515.76806640625,-0.000153725486597978
5529600.0,853,-3518.13720703125,-0.000153965011122636
5529600.0,854,-3520.46752929688,-0.000154201290570199
5529600.0,855,-3522.75952148438,-0.000154433379066177
5529600.0,856,-3525.01391601562,-0.000154662353452295
5529600.0,857,-3527.23095703125,-0.00015488697681576
5529600.0,858,-3529.41162109375,-0.000155107860337012
5529600.0,859,-3531.55639648438,-0.000155325236846693
5529600.0,860,-3533.666015625,-0.00015553850971628
5529600.0,861,-3535.74096679688,-0.000155749381519854
5529600.0,862,-3537.78149414062,-0.000155956484377384
5529600.0,863,-3539.78857421875,-0.000156160065671429
5529600.0,864,-3541.7626953125,-0.000156359616084956
5529600.0,865,-3543.70434570312,-0.000156556678120978
5529600.0,866,-3545.61401367188,-0.000156750087626278
5529600.0,867,-3547.49243164062,-0.000156939873704687
5529600.0,868,-3549.33984375,-0.000157127564307302
5529600.0,869,-3551.15673828125,-0.000157311529619619
5529600.0,870,-3552.94384765625,-0.000157492831931449
5529600.0,871,-3554.70141601562,-0.000157670903718099
5529600.0,872,-3556.43017578125,-0.000157846516231075
5529600.0,873,-3558.13061523438,-0.000158018738147803
5529600.0,874,-3559.80297851562,-0.000158187744091265
5529600.0,875,-3561.44775390625,-0.000158354319864884
5529600.0,876,-3563.06567382812,-0.000158518552780151
5529600.0,877,-3564.65673828125,-0.000158679817104712
5529600.0,878,-3566.2216796875,-0.000158838054630905
5529600.0,879,-3567.76098632812,-0.00015899445861578
5529600.0,880,-3569.27490234375,-0.000159148286911659
5529600.0,881,-3570.76391601562,-0.000159298710059375
5529600.0,882,-3572.228515625,-0.000159447066835128
5529600.0,883,-3573.6689453125,-0.000159592935233377
5529600.0,884,-3575.08569335938,-0.000159736388013698
5529600.0,885,-3576.47900390625,-0.000159877861733548
5529600.0,886,-3577.849609375,-0.000160016497829929
5529600.0,887,-3579.19750976562,-0.000160152572789229
5529600.0,888,-3580.52319335938,-0.0001602864213055
5529600.0,889,-3581.8271484375,-0.0001604189601494
5529600.0,890,-3583.10986328125,-0.000160547875566408
5529600.0,891,-3584.37109375,-0.000160676601808518
5529600.0,892,-3585.61181640625,-0.000160798648721538
5529600.0,893,-3586.83203125,-0.000160928088007495
5529600.0,894,-3588.0322265625,-0.000161034768098034
5529600.0,895,-3589.21264648438,-0.000161185133038089
5529600.0,896,-3590.37377929688,-0.00016123364912346
5529600.0,897,-3591.515625,-0.000161503950948827
5529600.0,898,-3592.638671875,-0.000161276140715927
5529600.0,899,-3593.74340820312,-0.000162168536917306
5529600.0,900,-3594.82983398438,-0.000160527415573597
5529600.0,901,-3595.8984375,-0.000164701865287498
5529600.0,902,-3596.94946289062,-0.000155502639245242
5529600.0,903,-3597.98315429688,-0.000177547495695762
5529600.0,904,-3599.0,-0.000126803759485483
11059200.0,2,-3600.0,-0.000261184526607394
11059200.0,3,-4100.0,-0.00216745655052364
11059200.0,6,-2500.0,-5.07188160554506e-05
11059200.0,35,-3601.0,-0.000972172536421567
11059200.0,36,-3602.03662109375,-0.000775020336732268
11059200.0,37,-3603.11108398438,-0.000858575396705419
11059200.0,38,-3604.22485351562,-0.000824004469905049
11059200.0,39,-3605.37939453125,-0.000845057074911892
11059200.0,40,-3606.57592773438,-0.000837014813441783
11059200.0,41,-3607.81640625,-0.000844919646624476
11059200.0,42,-3609.10229492188,-0.00084367988165468
11059200.0,43,-3610.43505859375,-0.000847967050503939
11059200.0,44,-3611.81665039062,-0.000848980154842138
11059200.0,45,-3613.24877929688,-0.000852174067404121
11059200.0,46,-3614.7333984375,-0.000854116748087108
11059200.0,47,-3616.27221679688,-0.000857019156683236
11059200.0,48,-3617.8671875,-0.000859465566463768
11059200.0,49,-3619.5205078125,-0.000862387067172676
11059200.0,50,-3621.234375,-0.000865183072164655
11059200.0,51,-3623.0107421875,-0.000868244213052094
11059200.0,52,-3624.85229492188,-0.000871329044457525
11059200.0,53,-3626.76098632812,-0.000874604331329465
11059200.0,54,-3628.73974609375,-0.000877965474501252
11059200.0,55,-3630.79052734375,-0.000881498970557004
11059200.0,56,-3632.91650390625,-0.000885147252120078
11059200.0,57,-3635.1201171875,-0.000888972252141684
11059200.0,58,-3637.40454101562,-0.00089293165365234
11059200.0,59,-3639.77221679688,-0.000897066260222346
11059200.0,60,-3642.2265625,-0.000901377876289189
11059200.0,61,-3644.77075195312,-0.000905852881260216
11059200.0,62,-3647.40795898438,-0.000910513335838914
11059200.0,63,-3650.1416015625,-0.00091537949629128
11059200.0,64,-3652.97509765625,-0.0009204440866597
11059200.0,65,-3655.91235351562,-0.000925710308365524
11059200.0,66,-3658.95678710938,-0.000931215414311737
11059200.0,67,-3662.11279296875,-0.000936959462706
11059200.0,68,-3665.38403320312,-0.000942940940149128
11059200.0,69,-3668.77514648438,-0.000949179055169225
11059200.0,70,-3672.2900390625,-0.00095569045515731
11059200.0,71,-3675.93359375,-0.000962481019087136
11059200.0,72,-3679.71020507812,-0.000969570479355752
11059200.0,73,-3683.625,-0.000976983341388404
11059200.0,74,-3687.68310546875,-0.000984714133664966
11059200.0,75,-3691.88940429688,-0.000992794637568295
11059200.0,76,-3696.24951171875,-0.00100123160518706
11059200.0,77,-3700.76928710938,-0.00101005367469043
11059200.0,78,-3705.4541015625,-0.00101928669027984
11059200.0,79,-3710.31030273438,-0.00102893612347543
11059200.0,80,-3715.34423828125,-0.00103903014678508
11059200.0,81,-3720.56201171875,-0.00104958715382963
11059200.0,82,-3725.970703125,-0.00106063380371779
11059200.0,83,-3731.5771484375,-0.00107222015503794
11059200.0,84,-3737.388671875,-0.00108436623122543
11059200.0,85,-3743.41259765625,-0.00109707412775606
11059200.0,86,-3749.65698242188,-0.00111040670890361
11059200.0,87,-3756.12939453125,-0.00112439610529691
11059200.0,88,-3762.8388671875,-0.00113905873149633
11059200.0,89,-3769.79345703125,-0.00115447270218283
11059200.0,90,-3777.00244140625,-0.00117066060192883
11059200.0,91,-3784.47509765625,-0.0011876606149599
11059200.0,92,-3792.220703125,-0.00120554177556187
11059200.0,93,-3800.25,-0.00122435099910945
11059200.0,94,-3808.57250976562,-0.00124415406025946
11059200.0,95,-3817.19970703125,-0.00126497156452388
11059200.0,96,-3826.14208984375,-0.00128696823958308
11059200.0,97,-3835.41162109375,-0.00131008680909872
11059200.0,98,-3845.02001953125,-0.00133465218823403
11059200.0,99,-3854.97998046875,-0.00136000337079167
11059200.0,100,-3864.58837890625,-0.00138548377435654
11059200.0,101,-3873.85791015625,-0.00141029059886932
11059200.0,102,-3882.80029296875,-0.00143470976036042
11059200.0,103,-3891.42749023438,-0.00145863578654826
11059200.0,104,-3899.75,-0.00148209440521896
11059200.0,105,-3907.779296875,-0.00150505802594125
11059200.0,106,-3915.52490234375,-0.00152753503061831
11059200.0,107,-3922.99755859375,-0.00154952378943563
11059200.0,108,-3930.20654296875,-0.00157101801596582
11059200.0,109,-3937.1611328125,-0.00159204460214823
11059200.0,110,-3943.87060546875,-0.00161257956642658
11059200.0,111,-3950.34301757812,-0.00163263198919594
11059200.0,112,-3956.58740234375,-0.00165220489725471
11059200.0,113,-3962.611328125,-0.00167129468172789
11059200.0,114,-3968.4228515625,-0.00168992311228067
11059200.0,115,-3974.029296875,-0.00170809146948159
11059200.0,116,-3979.43798828125,-0.00172579020727426
11059200.0,117,-3984.65576171875,-0.00174301397055387
11059200.0,118,-3989.68969726562,-0.0017598052509129
11059200.0,119,-3994.5458984375,-0.00177616172004491
11059200.0,120,-3999.23071289062,-0.00179206719622016
11059200.0,121,-4003.75048828125,-0.00180754135362804
11059200.0,122,-4008.11059570312,-0.00182260992005467
11059200.0,123,-4012.31689453125,-0.00183724355883896
11059200.0,124,-4016.375,-0.00185147649608552
11059200.0,125,-4020.28979492188,-0.001865298836492
11059200.0,126,-4024.06640625,-0.0018787276931107
11059200.0,127,-4027.7099609375,-0.00189178960863501
11059200.0,128,-4031.22485351562,-0.00190445664338768
11059200.0,129,-4034.61596679688,-0.00191675312817097
11059200.0,130,-4037.88720703125,-0.00192869605962187
11059200.0,131,-4041.04321289062,-0.00194027705583721
11059200.0,132,-4044.08764648438,-0.00195152091328055
11059200.0,133,-4047.02490234375,-0.00196242099627852
11059200.0,134,-4049.8583984375,-0.00197299104183912
11059200.0,135,-4052.59204101562,-0.00198325770907104
11059200.0,136,-4055.22924804688,-0.00199318490922451
11059200.0,137,-4057.7734375,-0.00200281711295247
11059200.0,138,-4060.22778320312,-0.00201216386631131
11059200.0,139,-4062.59545898438,-0.00202121445909142
11059200.0,140,-4064.8798828125,-0.00202999962493777
11059200.0,141,-4067.08349609375,-0.00203848350793123
11059200.0,142,-4069.20947265625,-0.00204670405946672
11059200.0,143,-4071.26025390625,-0.00205467618070543
11059200.0,144,-4073.23901367188,-0.00206238031387329
11059200.0,145,-4075.14770507812,-0.00206986628472805
11059200.0,146,-4076.9892578125,-0.00207709381356835
11059200.0,147,-4078.765625,-0.00208408525213599
11059200.0,148,-4080.4794921875,-0.00209085387177765
11059200.0,149,-4082.1328125,-0.00209738221019506
11059200.0,150,-4083.72778320312,-0.00210372032597661
11059200.0,151,-4085.2666015625,-0.00210987962782383
11059200.0,152,-4086.75122070312,-0.002115816809237
11059200.0,153,-4088.18334960938,-0.00212154211476445
11059200.0,154,-4089.56494140625,-0.00212710164487362
11059200.0,155,-4090.89770507812,-0.00213248142972589
11059200.0,156,-4092.18359375,-0.00213767611421645
11059200.0,157,-4093.42407226562,-0.00214269594289362
11059200.0,158,-4094.62060546875,-0.00214753416366875
11059200.0,159,-4095.77514648438,-0.00215218728408217
11059200.0,160,-4096.88916015625,-0.00215673167258501
11059200.0,161,-4097.96337890625,-0.00216096290387213
11059200.0,162,-4099.0,-0.00216517318040133
11059200.0,626,-2501.0,-5.079158290755e-05
11059200.0,627,-2502.01684570312,-5.09077362949029e-05
11059200.0,628,-2503.05053710938,-5.10068566654809e-05
11059200.0,629,-2504.1015625,-5.11157741129864e-05
11059200.0,630,-2505.17016601562,-5.1224011258455e-05
11059200.0,631,-2506.25659179688,-5.13338018208742e-05
11059200.0,632,-2507.361328125,-5.14458151883446e-05
11059200.0,633,-2508.484375,-5.15601714141667e-05
11059200.0,634,-2509.62622070312,-5.16760555910878e-05
11059200.0,635,-2510.78735351562,-5.17939479323104e-05
11059200.0,636,-2511.9677734375,-5.19136920047458e-05
11059200.0,637,-2513.16796875,-5.20354515174404e-05
11059200.0,638,-2514.38818359375,-5.21592010045424e-05
11059200.0,639,-2515.62890625,-5.22851478308439e-05
11059200.0,640,-2516.89013671875,-5.24130373378284e-05
11059200.0,641,-2518.1728515625,-5.25436444149818e-05
11059200.0,642,-2519.47680664062,-5.26755429746117e-05
11059200.0,643,-2520.80249023438,-5.28100244991947e-05
11059200.0,644,-2522.150390625,-5.29472927155439e-05
11059200.0,645,-2523.52099609375,-5.30858997080941e-05
11059200.0,646,-2524.91430664062,-5.32278718310408e-05
11059200.0,647,-2526.3310546875,-5.33715210622177e-05
11059200.0,648,-2527.771484375,-5.35176732228138e-05
11059200.0,649,-2529.23608398438,-5.36662628292106e-05
11059200.0,650,-2530.72509765625,-5.38169260835275e-05
11059200.0,651,-2532.23901367188,-5.39709690201562e-05
11059200.0,652,-2533.7783203125,-5.41276058356743e-05
11059200.0,653,-2535.34326171875,-5.42860580026172e-05
11059200.0,654,-2536.93432617188,-5.44475551578216e-05
11059200.0,655,-2538.55224609375,-5.4611995437881e-05
11059200.0,656,-2540.19702148438,-5.47788040421437e-05
11059200.0,657,-2541.86938476562,-5.4948017350398e-05
11059200.0,658,-2543.56982421875,-5.51205012015998e-05
11059200.0,659,-2545.29858398438,-5.52962956135161e-05
11059200.0,660,-2547.05615234375,-5.54747202841099e-05
11059200.0,661,-2548.84326171875,-5.5656026233919e-05
11059200.0,662,-2550.66015625,-5.58407045900822e-05
11059200.0,663,-2552.50756835938,-5.60276930627879e-05
11059200.0,664,-2554.38598632812,-5.62177592655644e-05
11059200.0,665,-2556.29565429688,-5.64122892683372e-05
11059200.0,666,-2558.2373046875,-5.66092203371227e-05
11059200.0,667,-2560.21142578125,-5.68091236345936e-05
11059200.0,668,-2562.21850585938,-5.7013090554392e-05
11059200.0,669,-2564.25903320312,-5.72200588067062e-05
11059200.0,670,-2566.333984375,-5.74302393943071e-05
11059200.0,671,-2568.44360351562,-5.76447237108368e-05
11059200.0,672,-2570.58837890625,-5.7862820540322e-05
11059200.0,673,-2572.76904296875,-5.80837404413614e-05
11059200.0,674,-2574.98608398438,-5.83087894483469e-05
11059200.0,675,-2577.24047851562,-5.85379129915964e-05
11059200.0,676,-2579.53247070312,-5.87704671488609e-05
11059200.0,677,-2581.86279296875,-5.90067429584451e-05
11059200.0,678,-2584.23193359375,-5.92471114941873e-05
11059200.0,679,-2586.64086914062,-5.94909324718174e-05
11059200.0,680,-2589.09008789062,-5.97399630350992e-05
11059200.0,681,-2591.58032226562,-5.99929262534715e-05
11059200.0,682,-2594.11206054688,-6.02498403168283e-05
11059200.0,683,-2596.68627929688,-6.05107306910213e-05
11059200.0,684,-2599.30346679688,-6.07760703132953e-05
11059200.0,685,-2601.96459960938,-6.10470888204873e-05
11059200.0,686,-2604.67016601562,-6.13209049333818e-05
11059200.0,687,-2607.4208984375,-6.16002507740632e-05
11059200.0,688,-2610.21752929688,-6.18837293586694e-05
11059200.0,689,-2613.06127929688,-6.21726430836134e-05
11059200.0,690,-2615.95239257812,-6.24659660388716e-05
11059200.0,691,-2618.89184570312,-6.27635963610373e-05
11059200.0,692,-2621.88037109375,-6.30674185231328e-05
11059200.0,693,-2624.9189453125,-6.33754607406445e-05
11059200.0,694,-2628.00854492188,-6.36895201751031e-05
11059200.0,695,-2631.14965820312,-6.40079451841302e-05
11059200.0,696,-2634.34326171875,-6.43316889181733e-05
11059200.0,697,-2637.59033203125,-6.46608459646814e-05
11059200.0,698,-2640.89184570312,-6.49967550998554e-05
11059200.0,699,-2644.24853515625,-6.53368915664032e-05
11059200.0,700,-2647.66137695312,-6.5683045249898e-05
11059200.0,701,-2651.13110351562,-6.60359582980163e-05
11059200.0,702,-2654.65893554688,-6.63927785353735e-05
11059200.0,703,-2658.24584960938,-6.6756852902472e-05
11059200.0,704,-2661.89282226562,-6.712742469972e-05
11059200.0,705,-2665.60083007812,-6.75037226756103e-05
11059200.0,706,-2669.37060546875,-6.78855649312027e-05
11059200.0,707,-2673.20361328125,-6.82749086990952e-05
11059200.0,708,-2677.10083007812,-6.86699859215878e-05
11059200.0,709,-2681.06298828125,-6.90720626153052e-05
11059200.0,710,-2685.09155273438,-6.9480731326621e-05
11059200.0,711,-2689.1875,-6.98965741321445e-05
11059200.0,712,-2693.35205078125,-7.03195764799602e-05
11059200.0,713,-2697.58618164062,-7.07482686266303e-05
11059200.0,714,-2701.89111328125,-7.1185284468811e-05
11059200.0,715,-2706.26806640625,-7.16302747605368e-05
11059200.0,716,-2710.71826171875,-7.208067108877e-05
11059200.0,717,-2715.24267578125,-7.25402642274275e-05
11059200.0,718,-2719.84301757812,-7.30072060832754e-05
11059200.0,719,-2724.52026367188,-7.3481300205458e-05
11059200.0,720,-2729.27563476562,-7.39641327527352e-05
11059200.0,721,-2734.11059570312,-7.44548597140238e-05
11059200.0,722,-2739.02661132812,-7.49532482586801e-05
11059200.0,723,-2744.02465820312,-7.54599823267199e-05
11059200.0,724,-2749.1064453125,-7.59764589020051e-05
11059200.0,725,-2754.27294921875,-7.64997967053205e-05
11059200.0,726,-2759.52612304688,-7.70329352235422e-05
11059200.0,727,-2764.8671875,-7.75748412706889e-05
11059200.0,728,-2770.29736328125,-7.81260823714547e-05
11059200.0,729,-2775.81860351562,-7.86857563070953e-05
11059200.0,730,-2781.43212890625,-7.92548889876343e-05
11059200.0,731,-2787.13940429688,-7.9834891948849e-05
11059200.0,732,-2792.9423828125,-8.04226510808803e-05
11059200.0,733,-2798.84228515625,-8.10218043625355e-05
11059200.0,734,-2804.8408203125,-8.1629965279717e-05
11059200.0,735,-2810.93969726562,-8.22485235403292e-05
11059200.0,736,-2817.14086914062,-8.28780612209812e-05
11059200.0,737,-2823.4453125,-8.35171013022773e-05
11059200.0,738,-2829.85546875,-8.41680157463998e-05
11059200.0,739,-2836.37280273438,-8.48282070364803e-05
11059200.0,740,-2842.99926757812,-8.55010148370638e-05
11059200.0,741,-2849.73657226562,-8.61844600876793e-05
11059200.0,742,-2856.58642578125,-8.68793722474948e-05
11059200.0,743,-2863.55078125,-8.75855475896969e-05
11059200.0,744,-2870.6318359375,-8.8304077507928e-05
11059200.0,745,-2877.8310546875,-8.90342125785537e-05
11059200.0,746,-2885.15087890625,-8.97763529792428e-05
11059200.0,747,-2892.59326171875,-9.05319320736453e-05
11059200.0,748,-2900.15991210938,-9.12988252821378e-05
11059200.0,749,-2907.85327148438,-9.20802776818164e-05
11059200.0,750,-2915.67529296875,-9.28726076381281e-05
11059200.0,751,-2923.6279296875,-9.36792130232789e-05
11059200.0,752,-2931.7138671875,-9.44993953453377e-05
11059200.0,753,-2939.93505859375,-9.53330818447284e-05
11059200.0,754,-2948.29345703125,-9.61811747401953e-05
11059200.0,755,-2956.7919921875,-9.70433247857727e-05
11059200.0,756,-2965.4326171875,-9.79196265689097e-05
11059200.0,757,-2974.21752929688,-9.88102692645043e-05
11059200.0,758,-2983.14965820312,-9.97165188891813e-05
11059200.0,759,-2992.23095703125,-0.000100637204013765
11059200.0,760,-3001.46435546875,-0.000101573969004676
11059200.0,761,-3010.85229492188,-0.000102526180853602
11059200.0,762,-3020.39697265625,-0.000103493854112457
11059200.0,763,-3030.10131835938,-0.000104477818240412
11059200.0,764,-3039.96826171875,-0.000105480015918147
11059200.0,765,-3050.0,-0.000106495419458952
11059200.0,766,-3060.03173828125,-0.000107511761598289
11059200.0,767,-3069.89868164062,-0.000108512693259399
11059200.0,768,-3079.60302734375,-0.000109496744698845
11059200.0,769,-3089.14770507812,-0.000110465218313038
11059200.0,770,-3098.53564453125,-0.000111416840809397
11059200.0,771,-3107.76904296875,-0.000112353714939672
11059200.0,772,-3116.85034179688,-0.000113274167233612
11059200.0,773,-3125.78247070312,-0.000114180198579561
11059200.0,774,-3134.5673828125,-0.000115070855827071
11059200.0,775,-3143.2080078125,-0.000115946539153811
11059200.0,776,-3151.70654296875,-0.000116809205792379
11059200.0,777,-3160.06494140625,-0.000117655778012704
11059200.0,778,-3168.2861328125,-0.000118489740998484
11059200.0,779,-3176.3720703125,-0.00011930971959373
11059200.0,780,-3184.32470703125,-0.000120115422760136
11059200.0,781,-3192.14672851562,-0.00012090884411009
11059200.0,782,-3199.84008789062,-0.000121689183288254
11059200.0,783,-3207.40673828125,-0.000122456272947602
11059200.0,784,-3214.84912109375,-0.000123211211757734
11059200.0,785,-3222.1689453125,-0.000123953228467144
11059200.0,786,-3229.3681640625,-0.000124682890600525
11059200.0,787,-3236.44921875,-0.000125401173136197
11059200.0,788,-3243.41357421875,-0.000126106941024773
11059200.0,789,-3250.26342773438,-0.000126801533042453
11059200.0,790,-3257.00073242188,-0.000127484599943273
11059200.0,791,-3263.62719726562,-0.000128157043945976
11059200.0,792,-3270.14453125,-0.00012881685688626
11059200.0,793,-3276.5546875,-0.000129467400256544
11059200.0,794,-3282.85913085938,-0.000130106054712087
11059200.0,795,-3289.06030273438,-0.000130735206766985
11059200.0,796,-3295.1591796875,-0.000131353372125886
11059200.0,797,-3301.15771484375,-0.000131961132865399
11059200.0,798,-3307.0576171875,-0.000132559885969386
11059200.0,799,-3312.86059570312,-0.000133147259475663
11059200.0,800,-3318.56787109375,-0.000133726847707294
11059200.0,801,-3324.18139648438,-0.000134295580210164
11059200.0,802,-3329.70263671875,-0.000134854853968136
11059200.0,803,-3335.1328125,-0.000135405687615275
11059200.0,804,-3340.47387695312,-0.000135947193484753
11059200.0,805,-3345.72705078125,-0.000136479909997433
11059200.0,806,-3350.8935546875,-0.000137002862174995
11059200.0,807,-3355.97534179688,-0.000137518902192824
11059200.0,808,-3360.97338867188,-0.00013802527973894
11059200.0,809,-3365.88940429688,-0.000138523173518479
11059200.0,810,-3370.72436523438,-0.000139013631269336
11059200.0,811,-3375.47973632812,-0.000139495808980428
11059200.0,812,-3380.15698242188,-0.000139969939482398
11059200.0,813,-3384.75732421875,-0.000140435688081197
11059200.0,814,-3389.28173828125,-0.000140894568176009
11059200.0,815,-3393.73193359375,-0.000141346055897884
11059200.0,816,-3398.10888671875,-0.000141789190820418
11059200.0,817,-3402.41381835938,-0.000142226010211743
11059200.0,818,-3406.64794921875,-0.000142655277159065
11059200.0,819,-3410.8125,-0.000143077137181535
11059200.0,820,-3414.90844726562,-0.000143493380164728
11059200.0,821,-3418.93701171875,-0.000143900528200902
11059200.0,822,-3422.89916992188,-0.000144302335684188
11059200.0,823,-3426.79638671875,-0.000144697885843925
11059200.0,824,-3430.62939453125,-0.000145086451084353
11059200.0,825,-3434.39916992188,-0.00014546797319781
11059200.0,826,-3438.10717773438,-0.000145844154758379
11059200.0,827,-3441.75415039062,-0.000146213656989858
11059200.0,828,-3445.34106445312,-0.000146577003761195
11059200.0,829,-3448.86889648438,-0.000146934980875812
11059200.0,830,-3452.33862304688,-0.000147286016726866
11059200.0,831,-3455.75146484375,-0.000147632104926743
11059200.0,832,-3459.10815429688,-0.000147972677950747
11059200.0,833,-3462.40966796875,-0.000148307794006541
11059200.0,834,-3465.65673828125,-0.00014863682736177
11059200.0,835,-3468.85034179688,-0.000148960098158568
11059200.0,836,-3471.99145507812,-0.000149278246681206
11059200.0,837,-3475.0810546875,-0.000149591913213953
11059200.0,838,-3478.11962890625,-0.000149899628013372
11059200.0,839,-3481.10815429688,-0.00015020310820546
11059200.0,840,-3484.04760742188,-0.00015050038928166
11059200.0,841,-3486.93872070312,-0.000150793421198614
11059200.0,842,-3489.78247070312,-0.000151081927469932
11059200.0,843,-3492.5791015625,-0.000151365224155597
11059200.0,844,-3495.32983398438,-0.000151643966091797
11059200.0,845,-3498.03540039062,-0.000151917993207462
11059200.0,846,-3500.69653320312,-0.000152187698404305
11059200.0,847,-3503.31372070312,-0.000152452834299766
11059200.0,848,-3505.88793945312,-0.000152714128489606
11059200.0,849,-3508.41967773438,-0.000152970707858913
11059200.0,850,-3510.90991210938,-0.000153222717926838
11059200.0,851,-3513.35913085938,-0.000153471279190853
11059200.0,852,-3515.76806640625,-0.000153715838678181
11059200.0,853,-3518.13720703125,-0.00015395536320284
11059200.0,854,-3520.46752929688,-0.000154191657202318
11059200.0,855,-3522.75952148438,-0.000154423745698296
11059200.0,856,-3525.01391601562,-0.000154652720084414
11059200.0,857,-3527.23095703125,-0.000154877328895964
11059200.0,858,-3529.41162109375,-0.00015509822696913
11059200.0,859,-3531.55639648438,-0.000155315603478812
11059200.0,860,-3533.666015625,-0.000155528876348399
11059200.0,861,-3535.74096679688,-0.000155739748151973
11059200.0,862,-3537.78149414062,-0.000155946851009503
11059200.0,863,-3539.78857421875,-0.000156150432303548
11059200.0,864,-3541.7626953125,-0.000156349968165159
11059200.0,865,-3543.70434570312,-0.000156547044753097
11059200.0,866,-3545.61401367188,-0.000156740454258397
11059200.0,867,-3547.49243164062,-0.000156930240336806
11059200.0,868,-3549.33984375,-0.000157117916387506
11059200.0,869,-3551.15673828125,-0.000157301881699823
11059200.0,870,-3552.94384765625,-0.000157483184011653
11059200.0,871,-3554.70141601562,-0.000157661255798303
11059200.0,872,-3556.43017578125,-0.000157836882863194
11059200.0,873,-3558.13061523438,-0.000158009104779921
11059200.0,874,-3559.80297851562,-0.000158178110723384
11059200.0,875,-3561.44775390625,-0.000158344686497003
11059200.0,876,-3563.06567382812,-0.000158508904860355
11059200.0,877,-3564.65673828125,-0.000158670183736831
11059200.0,878,-3566.2216796875,-0.000158828406711109
11059200.0,879,-3567.76098632812,-0.000158984825247899
11059200.0,880,-3569.27490234375,-0.000159138638991863
11059200.0,881,-3570.76391601562,-0.000159289047587663
11059200.0,882,-3572.228515625,-0.000159437404363416
11059200.0,883,-3573.6689453125,-0.000159583243657835
11059200.0,884,-3575.08569335938,-0.000159726681886241
11059200.0,885,-3576.47900390625,-0.000159868141054176
11059200.0,886,-3577.849609375,-0.000160006733494811
11059200.0,887,-3579.19750976562,-0.00016014275024645
11059200.0,888,-3580.52319335938,-0.00016027654055506
11059200.0,889,-3581.8271484375,-0.000160409006639384
11059200.0,890,-3583.10986328125,-0.000160537761985324
11059200.0,891,-3584.37109375,-0.000160666517331265
11059200.0,892,-3585.61181640625,-0.000160788156790659
11059200.0,893,-3586.83203125,-0.000160918105393648
11059200.0,894,-3588.0322265625,-0.000161023359396495
11059200.0,895,-3589.21264648438,-0.000161176707479171
11059200.0,896,-3590.37377929688,-0.000161218893481418
11059200.0,897,-3591.515625,-0.000161504285642877
11059200.0,898,-3592.638671875,-0.000161244839546271
11059200.0,899,-3593.74340820312,-0.000162214317242615
11059200.0,900,-3594.82983398438,-0.000160404757480137
11059200.0,901,-3595.8984375,-0.000164992234203964
11059200.0,902,-3596.94946289062,-0.000154852139530703
11059200.0,903,-3597.98315429688,-0.000179243535967544
11059200.0,904,-3599.0,-0.000123024758067913
22118400.0,2,-3600.0,-0.00027287780540064
22118400.0,3,-4100.0,-0.00297709950245917
22118400.0,6,-2500.0,-5.070396582596e-05
22118400.0,35,-3601.0,-0.00126383302267641
22118400.0,36,-3602.03662109375,-0.000990226515568793
22118400.0,37,-3603.11108398438,-0.00111278158146888
22118400.0,38,-3604.22485351562,-0.00106151681393385
22118400.0,39,-3605.37939453125,-0.00109304441139102
22118400.0,40,-3606.57592773438,-0.00108049134723842
22118400.0,41,-3607.81640625,-0.00109252659603953
22118400.0,42,-3609.10229492188,-0.00109003495890647
22118400.0,43,-3610.43505859375,-0.00109656539279968
22118400.0,44,-3611.81665039062,-0.00109751196578145
22118400.0,45,-3613.24877929688,-0.00110226951073855
22118400.0,46,-3614.7333984375,-0.00110468803904951
22118400.0,47,-3616.27221679688,-0.00110889435745776
22118400.0,48,-3617.8671875,-0.00111212104093283
22118400.0,49,-3619.5205078125,-0.00111627159640193
22118400.0,50,-3621.234375,-0.00112004752736539
22118400.0,51,-3623.0107421875,-0.00112434173934162
22118400.0,52,-3624.85229492188,-0.00112855725456029
22118400.0,53,-3626.76098632812,-0.00113312166649848
22118400.0,54,-3628.73974609375,-0.00113774347119033
22118400.0,55,-3630.79052734375,-0.0011426507262513
22118400.0,56,-3632.91650390625,-0.00114768394269049
22118400.0,57,-3635.1201171875,-0.0011529877083376
22118400.0,58,-3637.40454101562,-0.00115846178960055
22118400.0,59,-3639.77221679688,-0.00116419256664813
22118400.0,60,-3642.2265625,-0.00117016071453691
22118400.0,61,-3644.77075195312,-0.00117636448703706
22118400.0,62,-3647.40795898438,-0.00118282076437026
22118400.0,63,-3650.1416015625,-0.001189568429254
22118400.0,64,-3652.97509765625,-0.00119659199845046
22118400.0,65,-3655.91235351562,-0.00120389915537089
22118400.0,66,-3658.95678710938,-0.00121153797954321
22118400.0,67,-3662.11279296875,-0.00121951277833432
22118400.0,68,-3665.38403320312,-0.00122782052494586
22118400.0,69,-3668.77514648438,-0.00123648811131716
22118400.0,70,-3672.2900390625,-0.00124553928617388
22118400.0,71,-3675.93359375,-0.00125498312991112
22118400.0,72,-3679.71020507812,-0.00126484606880695
22118400.0,73,-3683.625,-0.00127516384236515
22118400.0,74,-3687.68310546875,-0.00128592923283577
22118400.0,75,-3691.88940429688,-0.00129718752577901
22118400.0,76,-3696.24951171875,-0.00130894873291254
22118400.0,77,-3700.76928710938,-0.00132125173695385
22118400.0,78,-3705.4541015625,-0.00133413600269705
22118400.0,79,-3710.31030273438,-0.00134761002846062
22118400.0,80,-3715.34423828125,-0.0013617112999782
22118400.0,81,-3720.56201171875,-0.00137646787334234
22118400.0,82,-3725.970703125,-0.00139191979542375
22118400.0,83,-3731.5771484375,-0.00140813796315342
22118400.0,84,-3737.388671875,-0.00142515008337796
22118400.0,85,-3743.41259765625,-0.0014429606962949
22118400.0,86,-3749.65698242188,-0.00146166048943996
22118400.0,87,-3756.12939453125,-0.00148129649460316
22118400.0,88,-3762.8388671875,-0.00150189409032464
22118400.0,89,-3769.79345703125,-0.00152356293983757
22118400.0,90,-3777.00244140625,-0.00154633983038366
22118400.0,91,-3784.47509765625,-0.00157027901150286
22118400.0,92,-3792.220703125,-0.00159548013471067
22118400.0,93,-3800.25,-0.00162201514467597
22118400.0,94,-3808.57250976562,-0.00164997833780944
22118400.0,95,-3817.19970703125,-0.00167940137907863
22118400.0,96,-3826.14208984375,-0.00171052233781666
22118400.0,97,-3835.41162109375,-0.0017432663589716
22118400.0,98,-3845.02001953125,-0.00177809409797192
22118400.0,99,-3854.97998046875,-0.0018140705069527
22118400.0,100,-3864.58837890625,-0.00185027497354895
22118400.0,101,-3873.85791015625,-0.00188556290231645
22118400.0,102,-3882.80029296875,-0.00192033126950264
22118400.0,103,-3891.42749023438,-0.0019544328097254
22118400.0,104,-3899.75,-0.00198790221475065
22118400.0,105,-3907.779296875,-0.00202069291844964
22118400.0,106,-3915.52490234375,-0.00205281563103199
22118400.0,107,-3922.99755859375,-0.00208426732569933
22118400.0,108,-3930.20654296875,-0.00211503868922591
22118400.0,109,-3937.1611328125,-0.00214516138657928
22118400.0,110,-3943.87060546875,-0.00217460258863866
22118400.0,111,-3950.34301757812,-0.00220337300561368
22118400.0,112,-3956.58740234375,-0.00223147380165756
22118400.0,113,-3962.611328125,-0.00225889845751226
22118400.0,114,-3968.4228515625,-0.0022856795694679
22118400.0,115,-3974.029296875,-0.00231181643903255
22118400.0,116,-3979.43798828125,-0.00233728997409344
22118400.0,117,-3984.65576171875,-0.00236209388822317
22118400.0,118,-3989.68969726562,-0.00238628848455846
22118400.0,119,-3994.5458984375,-0.00240987120196223
22118400.0,120,-3999.23071289062,-0.0024328154977411
22118400.0,121,-4003.75048828125,-0.00245514535345137
22118400.0,122,-4008.11059570312,-0.00247690128162503
22118400.0,123,-4012.31689453125,-0.00249804044142365
22118400.0,124,-4016.375,-0.00251860730350018
22118400.0,125,-4020.28979492188,-0.00253859139047563
22118400.0,126,-4024.06640625,-0.00255801319144666
22118400.0,127,-4027.7099609375,-0.00257691158913076
22118400.0,128,-4031.22485351562,-0.00259524676948786
22118400.0,129,-4034.61596679688,-0.00261305063031614
22118400.0,130,-4037.88720703125,-0.0026303487829864
22118400.0,131,-4041.04321289062,-0.00264712888747454
22118400.0,132,-4044.08764648438,-0.00266342307440937
22118400.0,133,-4047.02490234375,-0.00267922505736351
22118400.0,134,-4049.8583984375,-0.00269455602392554
22118400.0,135,-4052.59204101562,-0.00270944833755493
22118400.0,136,-4055.22924804688,-0.002723851474002
22118400.0,137,-4057.7734375,-0.00273783248849213
22118400.0,138,-4060.22778320312,-0.00275140372104943
22118400.0,139,-4062.59545898438,-0.0027645465452224
22118400.0,140,-4064.8798828125,-0.00277730659581721
22118400.0,141,-4067.08349609375,-0.00278963311575353
22118400.0,142,-4069.20947265625,-0.00280157825909555
22118400.0,143,-4071.26025390625,-0.00281316577456892
22118400.0,144,-4073.23901367188,-0.00282436702400446
22118400.0,145,-4075.14770507812,-0.00283525115810335
22118400.0,146,-4076.9892578125,-0.00284576253034174
22118400.0,147,-4078.765625,-0.00285593164153397
22118400.0,148,-4080.4794921875,-0.00286577665247023
22118400.0,149,-4082.1328125,-0.00287527567707002
22118400.0,150,-4083.72778320312,-0.00288449972867966
22118400.0,151,-4085.2666015625,-0.00289346557110548
22118400.0,152,-4086.75122070312,-0.00290210940875113
22118400.0,153,-4088.18334960938,-0.00291044637560844
22118400.0,154,-4089.56494140625,-0.00291854212991893
22118400.0,155,-4090.89770507812,-0.0029263764154166
22118400.0,156,-4092.18359375,-0.00293394224718213
22118400.0,157,-4093.42407226562,-0.00294125243090093
22118400.0,158,-4094.62060546875,-0.00294829695485532
22118400.0,159,-4095.77514648438,-0.00295506790280342
22118400.0,160,-4096.88916015625,-0.00296166725456715
22118400.0,161,-4097.96337890625,-0.0029677904676646
22118400.0,162,-4099.0,-0.00297383638098836
22118400.0,626,-2501.0,-5.07767326780595e-05
22118400.0,627,-2502.01684570312,-5.08928860654123e-05
22118400.0,628,-2503.05053710938,-5.09920064359903e-05
22118400.0,629,-2504.1015625,-5.11009238834959e-05
22118400.0,630,-2505.17016601562,-5.12091610289644e-05
22118400.0,631,-2506.25659179688,-5.13189515913837e-05
22118400.0,632,-2507.361328125,-5.1430964958854e-05
22118400.0,633,-2508.484375,-5.15453211846761e-05
22118400.0,634,-2509.62622070312,-5.16612053615972e-05
22118400.0,635,-2510.78735351562,-5.17790977028199e-05
22118400.0,636,-2511.9677734375,-5.18988417752553e-05
22118400.0,637,-2513.16796875,-5.20206012879498e-05
22118400.0,638,-2514.38818359375,-5.21443507750519e-05
22118400.0,639,-2515.62890625,-5.22702976013534e-05
22118400.0,640,-2516.89013671875,-5.23981871083379e-05
22118400.0,641,-2518.1728515625,-5.25287941854913e-05
22118400.0,642,-2519.47680664062,-5.26606927451212e-05
22118400.0,643,-2520.80249023438,-5.27951742697041e-05
22118400.0,644,-2522.150390625,-5.29324424860533e-05
22118400.0,645,-2523.52099609375,-5.30710531165823e-05
22118400.0,646,-2524.91430664062,-5.32130216015503e-05
22118400.0,647,-2526.3310546875,-5.33566708327271e-05
22118400.0,648,-2527.771484375,-5.3502826631302e-05
22118400.0,649,-2529.23608398438,-5.36514125997201e-05
22118400.0,650,-2530.72509765625,-5.3802075854037e-05
22118400.0,651,-2532.23901367188,-5.39561187906656e-05
22118400.0,652,-2533.7783203125,-5.41127592441626e-05
22118400.0,653,-2535.34326171875,-5.42712077731267e-05
22118400.0,654,-2536.93432617188,-5.44327085663099e-05
22118400.0,655,-2538.55224609375,-5.45971452083904e-05
22118400.0,656,-2540.19702148438,-5.47639538126532e-05
22118400.0,657,-2541.86938476562,-5.49331707588863e-05
22118400.0,658,-2543.56982421875,-5.51056509721093e-05
22118400.0,659,-2545.29858398438,-5.52814453840256e-05
22118400.0,660,-2547.05615234375,-5.54598700546194e-05
22118400.0,661,-2548.84326171875,-5.56411760044284e-05
22118400.0,662,-2550.66015625,-5.58258543605916e-05
22118400.0,663,-2552.50756835938,-5.60128428332973e-05
22118400.0,664,-2554.38598632812,-5.62029090360738e-05
22118400.0,665,-2556.29565429688,-5.63974426768254e-05
22118400.0,666,-2558.2373046875,-5.65943701076321e-05
22118400.0,667,-2560.21142578125,-5.67942770430818e-05
22118400.0,668,-2562.21850585938,-5.69982403249014e-05
22118400.0,669,-2564.25903320312,-5.72052085772157e-05
22118400.0,670,-2566.333984375,-5.74153891648166e-05
22118400.0,671,-2568.44360351562,-5.76298771193251e-05
22118400.0,672,-2570.58837890625,-5.78479703108314e-05
22118400.0,673,-2572.76904296875,-5.80688902118709e-05
22118400.0,674,-2574.98608398438,-5.82939392188564e-05
22118400.0,675,-2577.24047851562,-5.85230627621058e-05
22118400.0,676,-2579.53247070312,-5.87556205573492e-05
22118400.0,677,-2581.86279296875,-5.89918927289546e-05
22118400.0,678,-2584.23193359375,-5.92322612646967e-05
22118400.0,679,-2586.64086914062,-5.94760822423268e-05
22118400.0,680,-2589.09008789062,-5.97251128056087e-05
22118400.0,681,-2591.58032226562,-5.9978076023981e-05
22118400.0,682,-2594.11206054688,-6.02349900873378e-05
22118400.0,683,-2596.68627929688,-6.04958804615308e-05
22118400.0,684,-2599.30346679688,-6.07612200838048e-05
22118400.0,685,-2601.96459960938,-6.10322458669543e-05
22118400.0,686,-2604.67016601562,-6.13060547038913e-05
22118400.0,687,-2607.4208984375,-6.15854005445726e-05
22118400.0,688,-2610.21752929688,-6.18688864051364e-05
22118400.0,689,-2613.06127929688,-6.21577928541228e-05
22118400.0,690,-2615.95239257812,-6.2451115809381e-05
22118400.0,691,-2618.89184570312,-6.27487534075044e-05
22118400.0,692,-2621.88037109375,-6.30525682936423e-05
22118400.0,693,-2624.9189453125,-6.33606105111539e-05
22118400.0,694,-2628.00854492188,-6.36746699456125e-05
22118400.0,695,-2631.14965820312,-6.39930949546397e-05
22118400.0,696,-2634.34326171875,-6.43168459646404e-05
22118400.0,697,-2637.59033203125,-6.46460030111484e-05
22118400.0,698,-2640.89184570312,-6.49819121463224e-05
22118400.0,699,-2644.24853515625,-6.53220486128703e-05
22118400.0,700,-2647.66137695312,-6.56682022963651e-05
22118400.0,701,-2651.13110351562,-6.60211080685258e-05
22118400.0,702,-2654.65893554688,-6.6377928305883e-05
22118400.0,703,-2658.24584960938,-6.67420099489391e-05
22118400.0,704,-2661.89282226562,-6.71125817461871e-05
22118400.0,705,-2665.60083007812,-6.74888797220774e-05
22118400.0,706,-2669.37060546875,-6.78707219776697e-05
22118400.0,707,-2673.20361328125,-6.82600584696047e-05
22118400.0,708,-2677.10083007812,-6.86551356920972e-05
22118400.0,709,-2681.06298828125,-6.90572196617723e-05
22118400.0,710,-2685.09155273438,-6.94658883730881e-05
22118400.0,711,-2689.1875,-6.98817311786115e-05
22118400.0,712,-2693.35205078125,-7.03047335264273e-05
22118400.0,713,-2697.58618164062,-7.07334183971398e-05
22118400.0,714,-2701.89111328125,-7.11704415152781e-05
22118400.0,715,-2706.26806640625,-7.16154318070039e-05
22118400.0,716,-2710.71826171875,-7.20658281352371e-05
22118400.0,717,-2715.24267578125,-7.25254212738946e-05
22118400.0,718,-2719.84301757812,-7.29923631297424e-05
22118400.0,719,-2724.52026367188,-7.3466457251925e-05
22118400.0,720,-2729.27563476562,-7.39492897992022e-05
22118400.0,721,-2734.11059570312,-7.44400094845332e-05
22118400.0,722,-2739.02661132812,-7.49383980291896e-05
22118400.0,723,-2744.02465820312,-7.5445139373187e-05
22118400.0,724,-2749.1064453125,-7.59616086725146e-05
22118400.0,725,-2754.27294921875,-7.64849464758299e-05
22118400.0,726,-2759.52612304688,-7.70180922700092e-05
22118400.0,727,-2764.8671875,-7.7559998317156e-05
22118400.0,728,-2770.29736328125,-7.81112394179218e-05
22118400.0,729,-2775.81860351562,-7.86709133535624e-05
22118400.0,730,-2781.43212890625,-7.92400460341014e-05
22118400.0,731,-2787.13940429688,-7.98200417193584e-05
22118400.0,732,-2792.9423828125,-8.04078081273474e-05
22118400.0,733,-2798.84228515625,-8.10069614090025e-05
22118400.0,734,-2804.8408203125,-8.16151223261841e-05
22118400.0,735,-2810.93969726562,-8.22336805867963e-05
22118400.0,736,-2817.14086914062,-8.28632109914906e-05
22118400.0,737,-2823.4453125,-8.35022510727867e-05
22118400.0,738,-2829.85546875,-8.41531655169092e-05
22118400.0,739,-2836.37280273438,-8.48133640829474e-05
22118400.0,740,-2842.99926757812,-8.54861718835309e-05
22118400.0,741,-2849.73657226562,-8.61696171341464e-05
22118400.0,742,-2856.58642578125,-8.68645292939618e-05
22118400.0,743,-2863.55078125,-8.7570704636164e-05
22118400.0,744,-2870.6318359375,-8.82892345543951e-05
22118400.0,745,-2877.8310546875,-8.90193696250208e-05
22118400.0,746,-2885.15087890625,-8.97615100257099e-05
22118400.0,747,-2892.59326171875,-9.05170891201124e-05
22118400.0,748,-2900.15991210938,-9.12839823286049e-05
22118400.0,749,-2907.85327148438,-9.20654347282834e-05
22118400.0,750,-2915.67529296875,-9.28577646845952e-05
22118400.0,751,-2923.6279296875,-9.36643700697459e-05
22118400.0,752,-2931.7138671875,-9.44845523918048e-05
22118400.0,753,-2939.93505859375,-9.53182388911955e-05
22118400.0,754,-2948.29345703125,-9.61663317866623e-05
22118400.0,755,-2956.7919921875,-9.70284891081974e-05
22118400.0,756,-2965.4326171875,-9.79047908913344e-05
22118400.0,757,-2974.21752929688,-9.87954263109714e-05
22118400.0,758,-2983.14965820312,-9.9701683211606e-05
22118400.0,759,-2992.23095703125,-0.000100622361060232
22118400.0,760,-3001.46435546875,-0.000101559126051143
22118400.0,761,-3010.85229492188,-0.000102511337900069
22118400.0,762,-3020.39697265625,-0.000103479011158925
22118400.0,763,-3030.10131835938,-0.000104462982562836
22118400.0,764,-3039.96826171875,-0.000105465172964614
22118400.0,765,-3050.0,-0.000106480583781376
22118400.0,766,-3060.03173828125,-0.000107496925920714
22118400.0,767,-3069.89868164062,-0.000108497850305866
22118400.0,768,-3079.60302734375,-0.00010948190902127
22118400.0,769,-3089.14770507812,-0.000110450382635463
22118400.0,770,-3098.53564453125,-0.000111401997855864
22118400.0,771,-3107.76904296875,-0.000112338879262097
22118400.0,772,-3116.85034179688,-0.000113259331556037
22118400.0,773,-3125.78247070312,-0.000114165355626028
22118400.0,774,-3134.5673828125,-0.000115056020149495
22118400.0,775,-3143.2080078125,-0.000115931703476235
22118400.0,776,-3151.70654296875,-0.000116794370114803
22118400.0,777,-3160.06494140625,-0.000117640942335129
22118400.0,778,-3168.2861328125,-0.000118474905320909
22118400.0,779,-3176.3720703125,-0.000119294876640197
22118400.0,780,-3184.32470703125,-0.000120100579806603
22118400.0,781,-3192.14672851562,-0.000120894008432515
22118400.0,782,-3199.84008789062,-0.000121674347610679
22118400.0,783,-3207.40673828125,-0.000122441429994069
22118400.0,784,-3214.84912109375,-0.000123196383356117
22118400.0,785,-3222.1689453125,-0.000123938385513611
22118400.0,786,-3229.3681640625,-0.000124668062198907
22118400.0,787,-3236.44921875,-0.000125386330182664
22118400.0,788,-3243.41357421875,-0.000126092112623155
22118400.0,789,-3250.26342773438,-0.000126786704640836
22118400.0,790,-3257.00073242188,-0.00012746975698974
22118400.0,791,-3263.62719726562,-0.000128142215544358
22118400.0,792,-3270.14453125,-0.000128802028484643
22118400.0,793,-3276.5546875,-0.000129452571854927
22118400.0,794,-3282.85913085938,-0.000130091211758554
22118400.0,795,-3289.06030273438,-0.000130720363813452
22118400.0,796,-3295.1591796875,-0.000131338529172353
22118400.0,797,-3301.15771484375,-0.000131946304463781
22118400.0,798,-3307.0576171875,-0.000132545057567768
22118400.0,799,-3312.86059570312,-0.00013313241652213
22118400.0,800,-3318.56787109375,-0.000133712019305676
22118400.0,801,-3324.18139648438,-0.000134280751808546
22118400.0,802,-3329.70263671875,-0.000134840025566518
22118400.0,803,-3335.1328125,-0.000135390859213658
22118400.0,804,-3340.47387695312,-0.00013593235053122
22118400.0,805,-3345.72705078125,-0.000136465081595816
22118400.0,806,-3350.8935546875,-0.000136988033773378
22118400.0,807,-3355.97534179688,-0.000137504059239291
22118400.0,808,-3360.97338867188,-0.000138010451337323
22118400.0,809,-3365.88940429688,-0.000138508345116861
22118400.0,810,-3370.72436523438,-0.000138998802867718
22118400.0,811,-3375.47973632812,-0.00013948098057881
22118400.0,812,-3380.15698242188,-0.000139955111080781
22118400.0,813,-3384.75732421875,-0.000140420845127665
22118400.0,814,-3389.28173828125,-0.000140879739774391
22118400.0,815,-3393.73193359375,-0.000141331227496266
22118400.0,816,-3398.10888671875,-0.000141774362418801
22118400.0,817,-3402.41381835938,-0.000142211181810126
22118400.0,818,-3406.64794921875,-0.000142640448757447
22118400.0,819,-3410.8125,-0.000143062308779918
22118400.0,820,-3414.90844726562,-0.00014347855176311
22118400.0,821,-3418.93701171875,-0.000143885699799284
22118400.0,822,-3422.89916992188,-0.000144287492730655
22118400.0,823,-3426.79638671875,-0.000144683057442307
22118400.0,824,-3430.62939453125,-0.000145071622682735
22118400.0,825,-3434.39916992188,-0.000145453144796193
22118400.0,826,-3438.10717773438,-0.000145829326356761
22118400.0,827,-3441.75415039062,-0.00014619882858824
22118400.0,828,-3445.34106445312,-0.000146562175359577
22118400.0,829,-3448.86889648438,-0.000146920152474195
22118400.0,830,-3452.33862304688,-0.000147271188325249
22118400.0,831,-3455.75146484375,-0.00014761726197321
22118400.0,832,-3459.10815429688,-0.00014795784954913
22118400.0,833,-3462.40966796875,-0.000148292951053008
22118400.0,834,-3465.65673828125,-0.000148621998960152
22118400.0,835,-3468.85034179688,-0.000148945255205035
22118400.0,836,-3471.99145507812,-0.000149263403727673
22118400.0,837,-3475.0810546875,-0.000149577084812336
22118400.0,838,-3478.11962890625,-0.000149884799611755
22118400.0,839,-3481.10815429688,-0.000150188279803842
22118400.0,840,-3484.04760742188,-0.000150485560880043
22118400.0,841,-3486.93872070312,-0.000150778592796996
22118400.0,842,-3489.78247070312,-0.000151067084516399
22118400.0,843,-3492.5791015625,-0.00015135039575398
22118400.0,844,-3495.32983398438,-0.000151629137690179
22118400.0,845,-3498.03540039062,-0.000151903164805844
22118400.0,846,-3500.69653320312,-0.000152172870002687
22118400.0,847,-3503.31372070312,-0.000152438005898148
22118400.0,848,-3505.88793945312,-0.000152699300087988
22118400.0,849,-3508.41967773438,-0.000152955879457295
22118400.0,850,-3510.90991210938,-0.00015320788952522
22118400.0,851,-3513.35913085938,-0.000153456450789236
22118400.0,852,-3515.76806640625,-0.000153701010276563
22118400.0,853,-3518.13720703125,-0.000153940534801222
22118400.0,854,-3520.46752929688,-0.000154176828800701
22118400.0,855,-3522.75952148438,-0.000154408917296678
22118400.0,856,-3525.01391601562,-0.000154637891682796
22118400.0,857,-3527.23095703125,-0.000154862500494346
22118400.0,858,-3529.41162109375,-0.000155083398567513
22118400.0,859,-3531.55639648438,-0.000155300760525279
22118400.0,860,-3533.666015625,-0.000155514047946781
22118400.0,861,-3535.74096679688,-0.00015572490519844
22118400.0,862,-3537.78149414062,-0.000155932022607885
22118400.0,863,-3539.78857421875,-0.00015613560390193
22118400.0,864,-3541.7626953125,-0.000156335139763542
22118400.0,865,-3543.70434570312,-0.000156532216351479
22118400.0,866,-3545.61401367188,-0.00015672562585678
22118400.0,867,-3547.49243164062,-0.000156915411935188
22118400.0,868,-3549.33984375,-0.000157103087985888
22118400.0,869,-3551.15673828125,-0.000157287053298205
22118400.0,870,-3552.94384765625,-0.000157468355610035
22118400.0,871,-3554.70141601562,-0.000157646427396685
22118400.0,872,-3556.43017578125,-0.000157822054461576
22118400.0,873,-3558.13061523438,-0.000157994276378304
22118400.0,874,-3559.80297851562,-0.000158163282321766
22118400.0,875,-3561.44775390625,-0.000158329858095385
22118400.0,876,-3563.06567382812,-0.000158494076458737
22118400.0,877,-3564.65673828125,-0.000158655340783298
22118400.0,878,-3566.2216796875,-0.000158813578309491
22118400.0,879,-3567.76098632812,-0.000158969982294366
22118400.0,880,-3569.27490234375,-0.000159123781486414
22118400.0,881,-3570.76391601562,-0.000159274190082215
22118400.0,882,-3572.228515625,-0.000159422532306053
22118400.0,883,-3573.6689453125,-0.000159568357048556
22118400.0,884,-3575.08569335938,-0.000159711766173132
22118400.0,885,-3576.47900390625,-0.000159853181685321
22118400.0,886,-3577.849609375,-0.000159991715918295
22118400.0,887,-3579.19750976562,-0.000160127674462274
22118400.0,888,-3580.52319335938,-0.000160261348355561
22118400.0,889,-3581.8271484375,-0.000160393741680309
22118400.0,890,-3583.10986328125,-0.000160522293299437
22118400.0,891,-3584.37109375,-0.000160650990437716
22118400.0,892,-3585.61181640625,-0.000160772207891569
22118400.0,893,-3586.83203125,-0.000160902549396269
22118400.0,894,-3588.0322265625,-0.000161006551934406
22118400.0,895,-3589.21264648438,-0.000161162461154163
22118400.0,896,-3590.37377929688,-0.000161199437570758
22118400.0,897,-3591.515625,-0.000161498130182736
22118400.0,898,-3592.638671875,-0.000161212199600413
22118400.0,899,-3593.74340820312,-0.000162250493303873
22118400.0,900,-3594.82983398438,-0.000160294468514621
22118400.0,901,-3595.8984375,-0.000165259902132675
22118400.0,902,-3596.94946289062,-0.000154265289893374
22118400.0,903,-3597.98315429688,-0.000180888397153467
22118400.0,904,-3599.0,-0.000119462420116179
31536000.0,2,-3600.0,-0.000278990395599976
31536000.0,3,-4100.0,-0.00357362721115351
31536000.0,6,-2500.0,-5.06931319250725e-05
31536000.0,35,-3601.0,-0.00147240329533815
31536000.0,36,-3602.03662109375,-0.00114336796104908
31536000.0,37,-3603.11108398438,-0.00129503023345023
31536000.0,38,-3604.22485351562,-0.00123174698092043
31536000.0,39,-3605.37939453125,-0.00127092422917485
31536000.0,40,-3606.57592773438,-0.00125510233920068
31536000.0,41,-3607.81640625,-0.00127020129002631
31536000.0,42,-3609.10229492188,-0.00126675795763731
31536000.0,43,-3610.43505859375,-0.00127498514484614
31536000.0,44,-3611.81665039062,-0.00127583579160273
31536000.0,45,-3613.24877929688,-0.00128178903833032
31536000.0,46,-3614.7333984375,-0.001284513855353
31536000.0,47,-3616.27221679688,-0.00128971645608544
31536000.0,48,-3617.8671875,-0.00129348202608526
31536000.0,49,-3619.5205078125,-0.0012985646026209
31536000.0,50,-3621.234375,-0.00130303564947098
31536000.0,51,-3623.0107421875,-0.00130825629457831
31536000.0,52,-3624.85229492188,-0.00131328566931188
31536000.0,53,-3626.76098632812,-0.00131881120614707
31536000.0,54,-3628.73974609375,-0.00132434861734509
31536000.0,55,-3630.79052734375,-0.00133027462288737
31536000.0,56,-3632.91650390625,-0.00133631913922727
31536000.0,57,-3635.1201171875,-0.0013427158119157
31536000.0,58,-3637.40454101562,-0.00134929944761097
31536000.0,59,-3639.77221679688,-0.00135620764922351
31536000.0,60,-3642.2265625,-0.00136339175514877
31536000.0,61,-3644.77075195312,-0.001370869576931
31536000.0,62,-3647.40795898438,-0.00137864565476775
31536000.0,63,-3650.1416015625,-0.00138677924405783
31536000.0,64,-3652.97509765625,-0.00139524403493851
31536000.0,65,-3655.91235351562,-0.0014040544629097
31536000.0,66,-3658.95678710938,-0.00141326396260411
31536000.0,67,-3662.11279296875,-0.0014228819636628
31536000.0,68,-3665.38403320312,-0.00143290311098099
31536000.0,69,-3668.77514648438,-0.00144336081575602
31536000.0,70,-3672.2900390625,-0.00145428348332644
31536000.0,71,-3675.93359375,-0.00146568322088569
31536000.0,72,-3679.71020507812,-0.00147759087849408
31536000.0,73,-3683.625,-0.0014900506939739
31536000.0,74,-3687.68310546875,-0.00150305428542197
31536000.0,75,-3691.88940429688,-0.00151665695011616
31536000.0,76,-3696.24951171875,-0.00153087126091123
31536000.0,77,-3700.76928710938,-0.00154574343468994
31536000.0,78,-3705.4541015625,-0.00156132353004068
31536000.0,79,-3710.31030273438,-0.00157762214075774
31536000.0,80,-3715.34423828125,-0.00159468350466341
31536000.0,81,-3720.56201171875,-0.0016125428956002
31536000.0,82,-3725.970703125,-0.00163125095423311
31536000.0,83,-3731.5771484375,-0.00165089382790029
31536000.0,84,-3737.388671875,-0.00167150446213782
31536000.0,85,-3743.41259765625,-0.00169309007469565
31536000.0,86,-3749.65698242188,-0.00171576184220612
31536000.0,87,-3756.12939453125,-0.00173957808874547
31536000.0,88,-3762.8388671875,-0.00176457106135786
31536000.0,89,-3769.79345703125,-0.00179087358992547
31536000.0,90,-3777.00244140625,-0.00181853375397623
31536000.0,91,-3784.47509765625,-0.00184761767741293
31536000.0,92,-3792.220703125,-0.00187824794556946
31536000.0,93,-3800.25,-0.00191051536239684
31536000.0,94,-3808.57250976562,-0.00194453599397093
31536000.0,95,-3817.19970703125,-0.0019803496543318
31536000.0,96,-3826.14208984375,-0.00201824982650578
31536000.0,97,-3835.41162109375,-0.00205814861692488
31536000.0,98,-3845.02001953125,-0.00210060784593225
31536000.0,99,-3854.97998046875,-0.00214448990300298
31536000.0,100,-3864.58837890625,-0.0021886769682169
31536000.0,101,-3873.85791015625,-0.00223177042789757
31536000.0,102,-3882.80029296875,-0.00227424944750965
31536000.0,103,-3891.42749023438,-0.00231593567878008
31536000.0,104,-3899.75,-0.00235686986707151
31536000.0,105,-3907.779296875,-0.00239699077792466
31536000.0,106,-3915.52490234375,-0.00243631121702492
31536000.0,107,-3922.99755859375,-0.00247482652775943
31536000.0,108,-3930.20654296875,-0.00251252530142665
31536000.0,109,-3937.1611328125,-0.00254944199696183
31536000.0,110,-3943.87060546875,-0.0025855372659862
31536000.0,111,-3950.34301757812,-0.00262082344852388
31536000.0,112,-3956.58740234375,-0.00265529914759099
31536000.0,113,-3962.611328125,-0.00268895598128438
31536000.0,114,-3968.4228515625,-0.00272183516062796
31536000.0,115,-3974.029296875,-0.00275393342599273
31536000.0,116,-3979.43798828125,-0.00278522493317723
31536000.0,117,-3984.65576171875,-0.00281570199877024
31536000.0,118,-3989.68969726562,-0.00284543843008578
31536000.0,119,-3994.5458984375,-0.00287443213164806
31536000.0,120,-3999.23071289062,-0.00290264771319926
31536000.0,121,-4003.75048828125,-0.00293011241592467
31536000.0,122,-4008.11059570312,-0.00295687816105783
31536000.0,123,-4012.31689453125,-0.00298289163038135
31536000.0,124,-4016.375,-0.00300820544362068
31536000.0,125,-4020.28979492188,-0.00303280795924366
31536000.0,126,-4024.06640625,-0.00305672222748399
31536000.0,127,-4027.7099609375,-0.00307999621145427
31536000.0,128,-4031.22485351562,-0.00310258171521127
31536000.0,129,-4034.61596679688,-0.00312451529316604
31536000.0,130,-4037.88720703125,-0.00314583000726998
31536000.0,131,-4041.04321289062,-0.00316651002503932
31536000.0,132,-4044.08764648438,-0.00318659306503832
31536000.0,133,-4047.02490234375,-0.00320607260800898
31536000.0,134,-4049.8583984375,-0.00322497589513659
31536000.0,135,-4052.59204101562,-0.00324333948083222
31536000.0,136,-4055.22924804688,-0.00326110143214464
31536000.0,137,-4057.7734375,-0.0032783467322588
31536000.0,138,-4060.22778320312,-0.00329508911818266
31536000.0,139,-4062.59545898438,-0.003311303909868
31536000.0,140,-4064.8798828125,-0.00332704791799188
31536000.0,141,-4067.08349609375,-0.003342259908095
31536000.0,142,-4069.20947265625,-0.00335700181312859
31536000.0,143,-4071.26025390625,-0.00337130413390696
31536000.0,144,-4073.23901367188,-0.00338513171300292
31536000.0,145,-4075.14770507812,-0.00339856813661754
31536000.0,146,-4076.9892578125,-0.00341154588386416
31536000.0,147,-4078.765625,-0.00342410174198449
31536000.0,148,-4080.4794921875,-0.00343625713139772
31536000.0,149,-4082.1328125,-0.00344798760488629
31536000.0,150,-4083.72778320312,-0.00345938024111092
31536000.0,151,-4085.2666015625,-0.00347045413218439
31536000.0,152,-4086.75122070312,-0.00348113221116364
31536000.0,153,-4088.18334960938,-0.00349143147468567
31536000.0,154,-4089.56494140625,-0.00350143271498382
31536000.0,155,-4090.89770507812,-0.00351111125200987
31536000.0,156,-4092.18359375,-0.00352045823819935
31536000.0,157,-4093.42407226562,-0.00352948880754411
31536000.0,158,-4094.62060546875,-0.00353818968869746
31536000.0,159,-4095.77514648438,-0.00354654830880463
31536000.0,160,-4096.88916015625,-0.0035546850413084
31536000.0,161,-4097.96337890625,-0.00356222013942897
31536000.0,162,-4099.0,-0.0035696339327842
31536000.0,626,-2501.0,-5.07659024151508e-05
31536000.0,627,-2502.01684570312,-5.08820521645248e-05
31536000.0,628,-2503.05053710938,-5.09811725351028e-05
31536000.0,629,-2504.1015625,-5.10900899826083e-05
31536000.0,630,-2505.17016601562,-5.11983271280769e-05
31536000.0,631,-2506.25659179688,-5.1308121328475e-05
31536000.0,632,-2507.361328125,-5.14201310579665e-05
31536000.0,633,-2508.484375,-5.15344872837886e-05
31536000.0,634,-2509.62622070312,-5.16503714607097e-05
31536000.0,635,-2510.78735351562,-5.17682638019323e-05
31536000.0,636,-2511.9677734375,-5.18880115123466e-05
31536000.0,637,-2513.16796875,-5.20097673870623e-05
31536000.0,638,-2514.38818359375,-5.21335205121431e-05
31536000.0,639,-2515.62890625,-5.22594673384447e-05
31536000.0,640,-2516.89013671875,-5.23873532074504e-05
31536000.0,641,-2518.1728515625,-5.25179639225826e-05
31536000.0,642,-2519.47680664062,-5.26498588442337e-05
31536000.0,643,-2520.80249023438,-5.27843403688166e-05
31536000.0,644,-2522.150390625,-5.29216085851658e-05
31536000.0,645,-2523.52099609375,-5.30602192156948e-05
31536000.0,646,-2524.91430664062,-5.32021913386416e-05
31536000.0,647,-2526.3310546875,-5.33458405698184e-05
31536000.0,648,-2527.771484375,-5.34919927304145e-05
31536000.0,649,-2529.23608398438,-5.36405786988325e-05
31536000.0,650,-2530.72509765625,-5.37912419531494e-05
31536000.0,651,-2532.23901367188,-5.39452848897781e-05
31536000.0,652,-2533.7783203125,-5.41019253432751e-05
31536000.0,653,-2535.34326171875,-5.42603738722391e-05
31536000.0,654,-2536.93432617188,-5.44218746654224e-05
31536000.0,655,-2538.55224609375,-5.45863149454817e-05
31536000.0,656,-2540.19702148438,-5.47531235497445e-05
31536000.0,657,-2541.86938476562,-5.49223368579987e-05
31536000.0,658,-2543.56982421875,-5.50948207092006e-05
31536000.0,659,-2545.29858398438,-5.52706151211169e-05
31536000.0,660,-2547.05615234375,-5.54490397917107e-05
31536000.0,661,-2548.84326171875,-5.56303421035409e-05
31536000.0,662,-2550.66015625,-5.58150240976829e-05
31536000.0,663,-2552.50756835938,-5.60020125703886e-05
31536000.0,664,-2554.38598632812,-5.61920751351863e-05
31536000.0,665,-2556.29565429688,-5.63866087759379e-05
31536000.0,666,-2558.2373046875,-5.65835398447234e-05
31536000.0,667,-2560.21142578125,-5.67834431421943e-05
31536000.0,668,-2562.21850585938,-5.69874100619927e-05
31536000.0,669,-2564.25903320312,-5.7194378314307e-05
31536000.0,670,-2566.333984375,-5.74045589019079e-05
31536000.0,671,-2568.44360351562,-5.76190432184376e-05
31536000.0,672,-2570.58837890625,-5.78371400479227e-05
31536000.0,673,-2572.76904296875,-5.80580599489622e-05
31536000.0,674,-2574.98608398438,-5.82831089559477e-05
31536000.0,675,-2577.24047851562,-5.85122324991971e-05
31536000.0,676,-2579.53247070312,-5.87447866564617e-05
31536000.0,677,-2581.86279296875,-5.89810624660458e-05
31536000.0,678,-2584.23193359375,-5.9221431001788e-05
31536000.0,679,-2586.64086914062,-5.94652519794181e-05
31536000.0,680,-2589.09008789062,-5.97142825426999e-05
31536000.0,681,-2591.58032226562,-5.99672457610723e-05
31536000.0,682,-2594.11206054688,-6.02241598244291e-05
31536000.0,683,-2596.68627929688,-6.0485050198622e-05
31536000.0,684,-2599.30346679688,-6.07503898208961e-05
31536000.0,685,-2601.96459960938,-6.10214119660668e-05
31536000.0,686,-2604.67016601562,-6.12952280789614e-05
31536000.0,687,-2607.4208984375,-6.15745739196427e-05
31536000.0,688,-2610.21752929688,-6.18580525042489e-05
31536000.0,689,-2613.06127929688,-6.21469662291929e-05
31536000.0,690,-2615.95239257812,-6.24402891844511e-05
31536000.0,691,-2618.89184570312,-6.27379195066169e-05
31536000.0,692,-2621.88037109375,-6.30417416687123e-05
31536000.0,693,-2624.9189453125,-6.33497766102664e-05
31536000.0,694,-2628.00854492188,-6.3663836044725e-05
31536000.0,695,-2631.14965820312,-6.39822683297098e-05
31536000.0,696,-2634.34326171875,-6.43060120637529e-05
31536000.0,697,-2637.59033203125,-6.46351691102609e-05
31536000.0,698,-2640.89184570312,-6.49710782454349e-05
31536000.0,699,-2644.24853515625,-6.53112147119828e-05
31536000.0,700,-2647.66137695312,-6.56573683954775e-05
31536000.0,701,-2651.13110351562,-6.60102741676383e-05
31536000.0,702,-2654.65893554688,-6.63671016809531e-05
31536000.0,703,-2658.24584960938,-6.67311760480516e-05
31536000.0,704,-2661.89282226562,-6.71017478452995e-05
31536000.0,705,-2665.60083007812,-6.74780458211899e-05
31536000.0,706,-2669.37060546875,-6.78598880767822e-05
31536000.0,707,-2673.20361328125,-6.82492318446748e-05
31536000.0,708,-2677.10083007812,-6.86443090671673e-05
31536000.0,709,-2681.06298828125,-6.90463857608847e-05
31536000.0,710,-2685.09155273438,-6.94550544722006e-05
31536000.0,711,-2689.1875,-6.9870897277724e-05
31536000.0,712,-2693.35205078125,-7.02938996255398e-05
31536000.0,713,-2697.58618164062,-7.07225917722099e-05
31536000.0,714,-2701.89111328125,-7.11596076143906e-05
31536000.0,715,-2706.26806640625,-7.16045979061164e-05
31536000.0,716,-2710.71826171875,-7.20550015103072e-05
31536000.0,717,-2715.24267578125,-7.25145873730071e-05
31536000.0,718,-2719.84301757812,-7.29815292288549e-05
31536000.0,719,-2724.52026367188,-7.34556306269951e-05
31536000.0,720,-2729.27563476562,-7.39384558983147e-05
31536000.0,721,-2734.11059570312,-7.44291828596033e-05
31536000.0,722,-2739.02661132812,-7.49275714042597e-05
31536000.0,723,-2744.02465820312,-7.54343127482571e-05
31536000.0,724,-2749.1064453125,-7.59507820475847e-05
31536000.0,725,-2754.27294921875,-7.64741198509e-05
31536000.0,726,-2759.52612304688,-7.70072656450793e-05
31536000.0,727,-2764.8671875,-7.75491644162685e-05
31536000.0,728,-2770.29736328125,-7.81004127929918e-05
31536000.0,729,-2775.81860351562,-7.86600867286325e-05
31536000.0,730,-2781.43212890625,-7.92292194091715e-05
31536000.0,731,-2787.13940429688,-7.98092150944285e-05
31536000.0,732,-2792.9423828125,-8.03969815024175e-05
31536000.0,733,-2798.84228515625,-8.09961347840726e-05
31536000.0,734,-2804.8408203125,-8.16042957012542e-05
31536000.0,735,-2810.93969726562,-8.22228539618663e-05
31536000.0,736,-2817.14086914062,-8.28523843665607e-05
31536000.0,737,-2823.4453125,-8.34914244478568e-05
31536000.0,738,-2829.85546875,-8.41423388919793e-05
31536000.0,739,-2836.37280273438,-8.48025301820599e-05
31536000.0,740,-2842.99926757812,-8.54753379826434e-05
31536000.0,741,-2849.73657226562,-8.61587832332589e-05
31536000.0,742,-2856.58642578125,-8.68536953930743e-05
31536000.0,743,-2863.55078125,-8.75598780112341e-05
31536000.0,744,-2870.6318359375,-8.82784079294652e-05
31536000.0,745,-2877.8310546875,-8.90085430000909e-05
31536000.0,746,-2885.15087890625,-8.975068340078e-05
31536000.0,747,-2892.59326171875,-9.05062624951825e-05
31536000.0,748,-2900.15991210938,-9.1273155703675e-05
31536000.0,749,-2907.85327148438,-9.20546081033535e-05
31536000.0,750,-2915.67529296875,-9.28469380596653e-05
31536000.0,751,-2923.6279296875,-9.3653543444816e-05
31536000.0,752,-2931.7138671875,-9.44737257668748e-05
31536000.0,753,-2939.93505859375,-9.53074122662656e-05
31536000.0,754,-2948.29345703125,-9.61555051617324e-05
31536000.0,755,-2956.7919921875,-9.70176624832675e-05
31536000.0,756,-2965.4326171875,-9.78939642664045e-05
31536000.0,757,-2974.21752929688,-9.87845996860415e-05
31536000.0,758,-2983.14965820312,-9.96908565866761e-05
31536000.0,759,-2992.23095703125,-0.000100611534435302
31536000.0,760,-3001.46435546875,-0.000101548299426213
31536000.0,761,-3010.85229492188,-0.000102500511275139
31536000.0,762,-3020.39697265625,-0.000103468184533995
31536000.0,763,-3030.10131835938,-0.000104452155937906
31536000.0,764,-3039.96826171875,-0.000105454353615642
31536000.0,765,-3050.0,-0.000106469757156447
31536000.0,766,-3060.03173828125,-0.000107486099295784
31536000.0,767,-3069.89868164062,-0.000108487023680937
31536000.0,768,-3079.60302734375,-0.00010947108239634
31536000.0,769,-3089.14770507812,-0.000110439556010533
31536000.0,770,-3098.53564453125,-0.000111391178506892
31536000.0,771,-3107.76904296875,-0.000112328052637167
31536000.0,772,-3116.85034179688,-0.000113248504931107
31536000.0,773,-3125.78247070312,-0.000114154536277056
31536000.0,774,-3134.5673828125,-0.000115045193524566
31536000.0,775,-3143.2080078125,-0.000115920876851305
31536000.0,776,-3151.70654296875,-0.000116783550765831
31536000.0,777,-3160.06494140625,-0.000117630115710199
31536000.0,778,-3168.2861328125,-0.000118464078695979
31536000.0,779,-3176.3720703125,-0.000119284057291225
31536000.0,780,-3184.32470703125,-0.000120089760457631
31536000.0,781,-3192.14672851562,-0.000120883189083543
31536000.0,782,-3199.84008789062,-0.000121663520985749
31536000.0,783,-3207.40673828125,-0.000122430603369139
31536000.0,784,-3214.84912109375,-0.000123185556731187
31536000.0,785,-3222.1689453125,-0.000123927573440596
31536000.0,786,-3229.3681640625,-0.000124657235573977
31536000.0,787,-3236.44921875,-0.000125375518109649
31536000.0,788,-3243.41357421875,-0.000126081285998225
31536000.0,789,-3250.26342773438,-0.000126775878015906
31536000.0,790,-3257.00073242188,-0.000127458944916725
31536000.0,791,-3263.62719726562,-0.000128131388919428
31536000.0,792,-3270.14453125,-0.000128791201859713
31536000.0,793,-3276.5546875,-0.000129441745229997
31536000.0,794,-3282.85913085938,-0.000130080399685539
31536000.0,795,-3289.06030273438,-0.000130709551740438
31536000.0,796,-3295.1591796875,-0.000131327717099339
31536000.0,797,-3301.15771484375,-0.000131935477838852
31536000.0,798,-3307.0576171875,-0.000132534230942838
31536000.0,799,-3312.86059570312,-0.000133121604449116
31536000.0,800,-3318.56787109375,-0.000133701192680746
31536000.0,801,-3324.18139648438,-0.000134269925183617
31536000.0,802,-3329.70263671875,-0.000134829198941588
31536000.0,803,-3335.1328125,-0.000135380032588728
31536000.0,804,-3340.47387695312,-0.000135921538458206
31536000.0,805,-3345.72705078125,-0.000136454254970886
31536000.0,806,-3350.8935546875,-0.000136977207148448
31536000.0,807,-3355.97534179688,-0.000137493247166276
31536000.0,808,-3360.97338867188,-0.000137999624712393
31536000.0,809,-3365.88940429688,-0.000138497518491931
31536000.0,810,-3370.72436523438,-0.000138987990794703
31536000.0,811,-3375.47973632812,-0.00013947015395388
31536000.0,812,-3380.15698242188,-0.000139944299007766
31536000.0,813,-3384.75732421875,-0.00014041003305465
31536000.0,814,-3389.28173828125,-0.000140868913149461
31536000.0,815,-3393.73193359375,-0.000141320400871336
31536000.0,816,-3398.10888671875,-0.000141763535793871
31536000.0,817,-3402.41381835938,-0.000142200355185196
31536000.0,818,-3406.64794921875,-0.000142629636684433
31536000.0,819,-3410.8125,-0.000143051482154988
31536000.0,820,-3414.90844726562,-0.00014346772513818
31536000.0,821,-3418.93701171875,-0.00014387488772627
31536000.0,822,-3422.89916992188,-0.00014427668065764
31536000.0,823,-3426.79638671875,-0.000144672230817378
31536000.0,824,-3430.62939453125,-0.000145060796057805
31536000.0,825,-3434.39916992188,-0.000145442318171263
31536000.0,826,-3438.10717773438,-0.000145818499731831
31536000.0,827,-3441.75415039062,-0.00014618800196331
31536000.0,828,-3445.34106445312,-0.000146551348734647
31536000.0,829,-3448.86889648438,-0.000146909325849265
31536000.0,830,-3452.33862304688,-0.000147260361700319
31536000.0,831,-3455.75146484375,-0.000147606449900195
31536000.0,832,-3459.10815429688,-0.0001479470229242
31536000.0,833,-3462.40966796875,-0.000148282138979994
31536000.0,834,-3465.65673828125,-0.000148611172335222
31536000.0,835,-3468.85034179688,-0.000148934443132021
31536000.0,836,-3471.99145507812,-0.000149252591654658
31536000.0,837,-3475.0810546875,-0.000149566272739321
31536000.0,838,-3478.11962890625,-0.00014987398753874
31536000.0,839,-3481.10815429688,-0.000150177453178912
31536000.0,840,-3484.04760742188,-0.000150474734255113
31536000.0,841,-3486.93872070312,-0.000150767766172066
31536000.0,842,-3489.78247070312,-0.000151056272443384
31536000.0,843,-3492.5791015625,-0.000151339583680965
31536000.0,844,-3495.32983398438,-0.000151618325617164
31536000.0,845,-3498.03540039062,-0.000151892338180915
31536000.0,846,-3500.69653320312,-0.000152162043377757
31536000.0,847,-3503.31372070312,-0.000152427193825133
31536000.0,848,-3505.88793945312,-0.000152688473463058
31536000.0,849,-3508.41967773438,-0.000152945052832365
31536000.0,850,-3510.90991210938,-0.00015319706290029
31536000.0,851,-3513.35913085938,-0.000153445638716221
31536000.0,852,-3515.76806640625,-0.000153690198203549
31536000.0,853,-3518.13720703125,-0.000153929722728208
31536000.0,854,-3520.46752929688,-0.000154166002175771
31536000.0,855,-3522.75952148438,-0.000154398090671748
31536000.0,856,-3525.01391601562,-0.000154627079609782
31536000.0,857,-3527.23095703125,-0.000154851688421331
31536000.0,858,-3529.41162109375,-0.000155072571942583
31536000.0,859,-3531.55639648438,-0.000155289948452264
31536000.0,860,-3533.666015625,-0.000155503235873766
31536000.0,861,-3535.74096679688,-0.000155714093125425
31536000.0,862,-3537.78149414062,-0.000155921195982955
31536000.0,863,-3539.78857421875,-0.000156124777277
31536000.0,864,-3541.7626953125,-0.000156324327690527
31536000.0,865,-3543.70434570312,-0.000156521389726549
31536000.0,866,-3545.61401367188,-0.00015671479923185
31536000.0,867,-3547.49243164062,-0.000156904585310258
31536000.0,868,-3549.33984375,-0.000157092275912873
31536000.0,869,-3551.15673828125,-0.00015727624122519
31536000.0,870,-3552.94384765625,-0.000157457543537021
31536000.0,871,-3554.70141601562,-0.00015763561532367
31536000.0,872,-3556.43017578125,-0.000157811227836646
31536000.0,873,-3558.13061523438,-0.000157983464305289
31536000.0,874,-3559.80297851562,-0.000158152455696836
31536000.0,875,-3561.44775390625,-0.000158319031470455
31536000.0,876,-3563.06567382812,-0.000158483249833807
31536000.0,877,-3564.65673828125,-0.000158644528710283
31536000.0,878,-3566.2216796875,-0.000158802751684561
31536000.0,879,-3567.76098632812,-0.000158959155669436
31536000.0,880,-3569.27490234375,-0.000159112954861484
31536000.0,881,-3570.76391601562,-0.000159263363457285
31536000.0,882,-3572.228515625,-0.000159411691129208
31536000.0,883,-3573.6689453125,-0.000159557501319796
31536000.0,884,-3575.08569335938,-0.000159700881340541
31536000.0,885,-3576.47900390625,-0.000159842282300815
31536000.0,886,-3577.849609375,-0.000159980772878043
31536000.0,887,-3579.19750976562,-0.000160116687766276
31536000.0,888,-3580.52319335938,-0.000160250288899988
31536000.0,889,-3581.8271484375,-0.000160382609465159
31536000.0,890,-3583.10986328125,-0.000160511044668965
31536000.0,891,-3584.37109375,-0.000160639683599584
31536000.0,892,-3585.61181640625,-0.000160760697326623
31536000.0,893,-3586.83203125,-0.00016089114069473
31536000.0,894,-3588.0322265625,-0.000160994663019665
31536000.0,895,-3589.21264648438,-0.000161151590873487
31536000.0,896,-3590.37377929688,-0.000161186690093018
31536000.0,897,-3591.515625,-0.000161490897880867
31536000.0,898,-3592.638671875,-0.000161195042892359
31536000.0,899,-3593.74340820312,-0.000162262440426275
31536000.0,900,-3594.82983398438,-0.000160247742314823
31536000.0,901,-3595.8984375,-0.000165378063684329
31536000.0,902,-3596.94946289062,-0.00015401812561322
31536000.0,903,-3597.98315429688,-0.000181663112016395
31536000.0,904,-3599.0,-0.000117873016279191
63072000.0,2,-3600.0,-0.000289592746412382
63072000.0,3,-4100.0,-0.00530564831569791
63072000.0,6,-2500.0,-5.06619944644626e-05
63072000.0,35,-3601.0,-0.00205569970421493
63072000.0,36,-3602.03662109375,-0.00157104176469147
63072000.0,37,-3603.11108398438,-0.00180633622221649
63072000.0,38,-3604.22485351562,-0.00171078741550446
63072000.0,39,-3605.37939453125,-0.00177126843482256
63072000.0,40,-3606.57592773438,-0.00174665066879243
63072000.0,41,-3607.81640625,-0.00177039892878383
63072000.0,42,-3609.10229492188,-0.00176434894092381
63072000.0,43,-3610.43505859375,-0.00177747895941138
63072000.0,44,-3611.81665039062,-0.00177802855614573
63072000.0,45,-3613.24877929688,-0.00178751035127789
63072000.0,46,-3614.7333984375,-0.0017910428578034
63072000.0,47,-3616.27221679688,-0.00179921777453274
63072000.0,48,-3617.8671875,-0.00180445716250688
63072000.0,49,-3619.5205078125,-0.00181232276372612
63072000.0,50,-3621.234375,-0.00181873049587011
63072000.0,51,-3623.0107421875,-0.0018267051782459
63072000.0,52,-3624.85229492188,-0.00183403200935572
63072000.0,53,-3626.76098632812,-0.00184239749796689
63072000.0,54,-3628.73974609375,-0.00185054377652705
63072000.0,55,-3630.79052734375,-0.00185946316923946
63072000.0,56,-3632.91650390625,-0.00186840770766139
63072000.0,57,-3635.1201171875,-0.00187800207640976
63072000.0,58,-3637.40454101562,-0.00188778259325773
63072000.0,59,-3639.77221679688,-0.0018981258617714
63072000.0,60,-3642.2265625,-0.00190882419701666
63072000.0,61,-3644.77075195312,-0.0019200126407668
63072000.0,62,-3647.40795898438,-0.00193161051720381
63072000.0,63,-3650.1416015625,-0.00194377626758069
63072000.0,64,-3652.97509765625,-0.00195642071776092
63072000.0,65,-3655.91235351562,-0.00196960312314332
63072000.0,66,-3658.95678710938,-0.00198337179608643
63072000.0,67,-3662.11279296875,-0.00199776818044484
63072000.0,68,-3665.38403320312,-0.00201276736333966
63072000.0,69,-3668.77514648438,-0.00202843151055276
63072000.0,70,-3672.2900390625,-0.00204479531385005
63072000.0,71,-3675.93359375,-0.00206188554875553
63072000.0,72,-3679.71020507812,-0.00207974086515605
63072000.0,73,-3683.625,-0.00209843530319631
63072000.0,74,-3687.68310546875,-0.00211795303039253
63072000.0,75,-3691.88940429688,-0.00213838252238929
63072000.0,76,-3696.24951171875,-0.00215974124148488
63072000.0,77,-3700.76928710938,-0.00218209810554981
63072000.0,78,-3705.4541015625,-0.00220553344115615
63072000.0,79,-3710.31030273438,-0.00223006657324731
63072000.0,80,-3715.34423828125,-0.00225575873628259
63072000.0,81,-3720.56201171875,-0.00228266813792288
63072000.0,82,-3725.970703125,-0.00231087650172412
63072000.0,83,-3731.5771484375,-0.00234051537699997
63072000.0,84,-3737.388671875,-0.00237163295969367
63072000.0,85,-3743.41259765625,-0.00240424391813576
63072000.0,86,-3749.65698242188,-0.00243852031417191
63072000.0,87,-3756.12939453125,-0.002474554348737
63072000.0,88,-3762.8388671875,-0.00251239910721779
63072000.0,89,-3769.79345703125,-0.00255225505679846
63072000.0,90,-3777.00244140625,-0.00259420461952686
63072000.0,91,-3784.47509765625,-0.00263834884390235
63072000.0,92,-3792.220703125,-0.00268487818539143
63072000.0,93,-3800.25,-0.00273394049145281
63072000.0,94,-3808.57250976562,-0.0027857159730047
63072000.0,95,-3817.19970703125,-0.00284026842564344
63072000.0,96,-3826.14208984375,-0.00289805606007576
63072000.0,97,-3835.41162109375,-0.002958953846246
63072000.0,98,-3845.02001953125,-0.00302381999790668
63072000.0,99,-3854.97998046875,-0.00309092551469803
63072000.0,100,-3864.58837890625,-0.00315857212990522
63072000.0,101,-3873.85791015625,-0.00322461500763893
63072000.0,102,-3882.80029296875,-0.00328977359458804
63072000.0,103,-3891.42749023438,-0.00335377617739141
63072000.0,104,-3899.75,-0.00341668468900025
63072000.0,105,-3907.779296875,-0.0034783894661814
63072000.0,106,-3915.52490234375,-0.00353890960104764
63072000.0,107,-3922.99755859375,-0.00359823647886515
63072000.0,108,-3930.20654296875,-0.00365635217167437
63072000.0,109,-3937.1611328125,-0.0037132971920073
63072000.0,110,-3943.87060546875,-0.00376901356503367
63072000.0,111,-3950.34301757812,-0.00382351712323725
63072000.0,112,-3956.58740234375,-0.00387679925188422
63072000.0,113,-3962.611328125,-0.00392884528264403
63072000.0,114,-3968.4228515625,-0.00397972157225013
63072000.0,115,-3974.029296875,-0.00402941787615418
63072000.0,116,-3979.43798828125,-0.00407788576558232
63072000.0,117,-3984.65576171875,-0.00412511453032494
63072000.0,118,-3989.68969726562,-0.0041712187230587
63072000.0,119,-3994.5458984375,-0.00421619554981589
63072000.0,120,-3999.23071289062,-0.00425998540595174
63072000.0,121,-4003.75048828125,-0.00430262181907892
63072000.0,122,-4008.11059570312,-0.00434419233351946
63072000.0,123,-4012.31689453125,-0.00438461219891906
63072000.0,124,-4016.375,-0.00442395638674498
63072000.0,125,-4020.28979492188,-0.00446221139281988
63072000.0,126,-4024.06640625,-0.00449940795078874
63072000.0,127,-4027.7099609375,-0.00453561963513494
63072000.0,128,-4031.22485351562,-0.00457077380269766
63072000.0,129,-4034.61596679688,-0.00460492074489594
63072000.0,130,-4037.88720703125,-0.00463811494410038
63072000.0,131,-4041.04321289062,-0.00467032985761762
63072000.0,132,-4044.08764648438,-0.00470161950215697
63072000.0,133,-4047.02490234375,-0.004731978289783
63072000.0,134,-4049.8583984375,-0.00476145092397928
63072000.0,135,-4052.59204101562,-0.00479008443653584
63072000.0,136,-4055.22924804688,-0.00481778476387262
63072000.0,137,-4057.7734375,-0.0048446892760694
63072000.0,138,-4060.22778320312,-0.00487081613391638
63072000.0,139,-4062.59545898438,-0.00489612203091383
63072000.0,140,-4064.8798828125,-0.0049206973053515
63072000.0,141,-4067.08349609375,-0.00494444975629449
63072000.0,142,-4069.20947265625,-0.00496746972203255
63072000.0,143,-4071.26025390625,-0.0049898074939847
63072000.0,144,-4073.23901367188,-0.00501140998676419
63072000.0,145,-4075.14770507812,-0.00503240153193474
63072000.0,146,-4076.9892578125,-0.00505268014967442
63072000.0,147,-4078.765625,-0.0050723017193377
63072000.0,148,-4080.4794921875,-0.00509129790589213
63072000.0,149,-4082.1328125,-0.00510963471606374
63072000.0,150,-4083.72778320312,-0.00512744765728712
63072000.0,151,-4085.2666015625,-0.00514476373791695
63072000.0,152,-4086.75122070312,-0.00516146421432495
63072000.0,153,-4088.18334960938,-0.00517757423222065
63072000.0,154,-4089.56494140625,-0.00519321765750647
63072000.0,155,-4090.89770507812,-0.00520835584029555
63072000.0,156,-4092.18359375,-0.00522297481074929
63072000.0,157,-4093.42407226562,-0.00523709459230304
63072000.0,158,-4094.62060546875,-0.00525069143623114
63072000.0,159,-4095.77514648438,-0.00526373507454991
63072000.0,160,-4096.88916015625,-0.0052763968706131
63072000.0,161,-4097.96337890625,-0.00528807891532779
63072000.0,162,-4099.0,-0.00529950950294733
63072000.0,626,-2501.0,-5.07347649545409e-05
63072000.0,627,-2502.01684570312,-5.08509147039149e-05
63072000.0,628,-2503.05053710938,-5.09500350744929e-05
63072000.0,629,-2504.1015625,-5.10589561599772e-05
63072000.0,630,-2505.17016601562,-5.1167189667467e-05
63072000.0,631,-2506.25659179688,-5.12769838678651e-05
63072000.0,632,-2507.361328125,-5.13889935973566e-05
63072000.0,633,-2508.484375,-5.15033498231787e-05
63072000.0,634,-2509.62622070312,-5.16192340000998e-05
63072000.0,635,-2510.78735351562,-5.17371299793012e-05
63072000.0,636,-2511.9677734375,-5.18568740517367e-05
63072000.0,637,-2513.16796875,-5.19786299264524e-05
63072000.0,638,-2514.38818359375,-5.21023830515333e-05
63072000.0,639,-2515.62890625,-5.22283298778348e-05
63072000.0,640,-2516.89013671875,-5.23562157468405e-05
63072000.0,641,-2518.1728515625,-5.24868264619727e-05
63072000.0,642,-2519.47680664062,-5.26187250216026e-05
63072000.0,643,-2520.80249023438,-5.27532065461855e-05
63072000.0,644,-2522.150390625,-5.28904747625347e-05
63072000.0,645,-2523.52099609375,-5.30290817550849e-05
63072000.0,646,-2524.91430664062,-5.31710538780317e-05
63072000.0,647,-2526.3310546875,-5.33147031092085e-05
63072000.0,648,-2527.771484375,-5.34608552698046e-05
63072000.0,649,-2529.23608398438,-5.36094448762015e-05
63072000.0,650,-2530.72509765625,-5.37601081305183e-05
63072000.0,651,-2532.23901367188,-5.3914151067147e-05
63072000.0,652,-2533.7783203125,-5.4070791520644e-05
63072000.0,653,-2535.34326171875,-5.42292400496081e-05
63072000.0,654,-2536.93432617188,-5.43907408427913e-05
63072000.0,655,-2538.55224609375,-5.45551774848718e-05
63072000.0,656,-2540.19702148438,-5.47219860891346e-05
63072000.0,657,-2541.86938476562,-5.48912030353677e-05
63072000.0,658,-2543.56982421875,-5.50636868865695e-05
63072000.0,659,-2545.29858398438,-5.5239477660507e-05
63072000.0,660,-2547.05615234375,-5.54179023311008e-05
63072000.0,661,-2548.84326171875,-5.55992082809098e-05
63072000.0,662,-2550.66015625,-5.5783886637073e-05
63072000.0,663,-2552.50756835938,-5.59708751097787e-05
63072000.0,664,-2554.38598632812,-5.61609413125552e-05
63072000.0,665,-2556.29565429688,-5.63554749533068e-05
63072000.0,666,-2558.2373046875,-5.65524060220923e-05
63072000.0,667,-2560.21142578125,-5.67523093195632e-05
63072000.0,668,-2562.21850585938,-5.69562762393616e-05
63072000.0,669,-2564.25903320312,-5.71632444916759e-05
63072000.0,670,-2566.333984375,-5.73734250792768e-05
63072000.0,671,-2568.44360351562,-5.75879093958065e-05
63072000.0,672,-2570.58837890625,-5.78060062252916e-05
63072000.0,673,-2572.76904296875,-5.80269261263311e-05
63072000.0,674,-2574.98608398438,-5.82519751333166e-05
63072000.0,675,-2577.24047851562,-5.8481098676566e-05
63072000.0,676,-2579.53247070312,-5.87136528338306e-05
63072000.0,677,-2581.86279296875,-5.89499286434148e-05
63072000.0,678,-2584.23193359375,-5.91902971791569e-05
63072000.0,679,-2586.64086914062,-5.9434118156787e-05
63072000.0,680,-2589.09008789062,-5.96831487200689e-05
63072000.0,681,-2591.58032226562,-5.99361119384412e-05
63072000.0,682,-2594.11206054688,-6.0193026001798e-05
63072000.0,683,-2596.68627929688,-6.0453916375991e-05
63072000.0,684,-2599.30346679688,-6.0719255998265e-05
63072000.0,685,-2601.96459960938,-6.09902781434357e-05
63072000.0,686,-2604.67016601562,-6.12640942563303e-05
63072000.0,687,-2607.4208984375,-6.15434400970116e-05
63072000.0,688,-2610.21752929688,-6.18269186816178e-05
63072000.0,689,-2613.06127929688,-6.21158324065618e-05
63072000.0,690,-2615.95239257812,-6.240915536182e-05
63072000.0,691,-2618.89184570312,-6.27067856839858e-05
63072000.0,692,-2621.88037109375,-6.30106078460813e-05
63072000.0,693,-2624.9189453125,-6.33186500635929e-05
63072000.0,694,-2628.00854492188,-6.36327094980516e-05
63072000.0,695,-2631.14965820312,-6.39511345070787e-05
63072000.0,696,-2634.34326171875,-6.42748782411218e-05
63072000.0,697,-2637.59033203125,-6.46040352876298e-05
63072000.0,698,-2640.89184570312,-6.49399444228038e-05
63072000.0,699,-2644.24853515625,-6.52800808893517e-05
63072000.0,700,-2647.66137695312,-6.56262418488041e-05
63072000.0,701,-2651.13110351562,-6.59791476209648e-05
63072000.0,702,-2654.65893554688,-6.6335967858322e-05
63072000.0,703,-2658.24584960938,-6.67000495013781e-05
63072000.0,704,-2661.89282226562,-6.70706212986261e-05
63072000.0,705,-2665.60083007812,-6.74469192745164e-05
63072000.0,706,-2669.37060546875,-6.78287615301087e-05
63072000.0,707,-2673.20361328125,-6.82180980220437e-05
63072000.0,708,-2677.10083007812,-6.86131825204939e-05
63072000.0,709,-2681.06298828125,-6.90152592142113e-05
63072000.0,710,-2685.09155273438,-6.94239279255271e-05
63072000.0,711,-2689.1875,-6.98397707310505e-05
63072000.0,712,-2693.35205078125,-7.02627730788663e-05
63072000.0,713,-2697.58618164062,-7.06914652255364e-05
63072000.0,714,-2701.89111328125,-7.11284810677171e-05
63072000.0,715,-2706.26806640625,-7.15734713594429e-05
63072000.0,716,-2710.71826171875,-7.20238676876761e-05
63072000.0,717,-2715.24267578125,-7.24834608263336e-05
63072000.0,718,-2719.84301757812,-7.29504026821814e-05
63072000.0,719,-2724.52026367188,-7.3424496804364e-05
63072000.0,720,-2729.27563476562,-7.39073293516412e-05
63072000.0,721,-2734.11059570312,-7.43980563129298e-05
63072000.0,722,-2739.02661132812,-7.48964448575862e-05
63072000.0,723,-2744.02465820312,-7.54031862015836e-05
63072000.0,724,-2749.1064453125,-7.59196555009112e-05
63072000.0,725,-2754.27294921875,-7.64429933042265e-05
63072000.0,726,-2759.52612304688,-7.69761390984058e-05
63072000.0,727,-2764.8671875,-7.7518037869595e-05
63072000.0,728,-2770.29736328125,-7.80692862463184e-05
63072000.0,729,-2775.81860351562,-7.8628960181959e-05
63072000.0,730,-2781.43212890625,-7.9198092862498e-05
63072000.0,731,-2787.13940429688,-7.9778088547755e-05
63072000.0,732,-2792.9423828125,-8.0365854955744e-05
63072000.0,733,-2798.84228515625,-8.09650082373992e-05
63072000.0,734,-2804.8408203125,-8.15731691545807e-05
63072000.0,735,-2810.93969726562,-8.21917274151929e-05
63072000.0,736,-2817.14086914062,-8.28212650958449e-05
63072000.0,737,-2823.4453125,-8.3460305177141e-05
63072000.0,738,-2829.85546875,-8.41112196212634e-05
63072000.0,739,-2836.37280273438,-8.4771410911344e-05
63072000.0,740,-2842.99926757812,-8.54442187119275e-05
63072000.0,741,-2849.73657226562,-8.6127663962543e-05
63072000.0,742,-2856.58642578125,-8.68225761223584e-05
63072000.0,743,-2863.55078125,-8.75287514645606e-05
63072000.0,744,-2870.6318359375,-8.82472886587493e-05
63072000.0,745,-2877.8310546875,-8.8977423729375e-05
63072000.0,746,-2885.15087890625,-8.97195641300641e-05
63072000.0,747,-2892.59326171875,-9.0475135948509e-05
63072000.0,748,-2900.15991210938,-9.12420364329591e-05
63072000.0,749,-2907.85327148438,-9.20234888326377e-05
63072000.0,750,-2915.67529296875,-9.28158187889494e-05
63072000.0,751,-2923.6279296875,-9.36224241741002e-05
63072000.0,752,-2931.7138671875,-9.4442606496159e-05
63072000.0,753,-2939.93505859375,-9.52762929955497e-05
63072000.0,754,-2948.29345703125,-9.61243858910166e-05
63072000.0,755,-2956.7919921875,-9.69865432125516e-05
63072000.0,756,-2965.4326171875,-9.78628449956886e-05
63072000.0,757,-2974.21752929688,-9.87534804153256e-05
63072000.0,758,-2983.14965820312,-9.96597373159602e-05
63072000.0,759,-2992.23095703125,-0.000100580415164586
63072000.0,760,-3001.46435546875,-0.000101517187431455
63072000.0,761,-3010.85229492188,-0.000102469392004423
63072000.0,762,-3020.39697265625,-0.000103437072539236
63072000.0,763,-3030.10131835938,-0.00010442103666719
63072000.0,764,-3039.96826171875,-0.000105423234344926
63072000.0,765,-3050.0,-0.000106438645161688
63072000.0,766,-3060.03173828125,-0.000107454987301026
63072000.0,767,-3069.89868164062,-0.000108455911686178
63072000.0,768,-3079.60302734375,-0.000109439970401581
63072000.0,769,-3089.14770507812,-0.000110408444015775
63072000.0,770,-3098.53564453125,-0.000111360066512134
63072000.0,771,-3107.76904296875,-0.000112296940642409
63072000.0,772,-3116.85034179688,-0.000113217392936349
63072000.0,773,-3125.78247070312,-0.000114123424282297
63072000.0,774,-3134.5673828125,-0.000115014081529807
63072000.0,775,-3143.2080078125,-0.000115889772132505
63072000.0,776,-3151.70654296875,-0.000116752438771073
63072000.0,777,-3160.06494140625,-0.000117599010991398
63072000.0,778,-3168.2861328125,-0.000118432973977178
63072000.0,779,-3176.3720703125,-0.000119252945296466
63072000.0,780,-3184.32470703125,-0.000120058648462873
63072000.0,781,-3192.14672851562,-0.000120852077088784
63072000.0,782,-3199.84008789062,-0.000121632416266948
63072000.0,783,-3207.40673828125,-0.000122399505926296
63072000.0,784,-3214.84912109375,-0.000123154444736429
63072000.0,785,-3222.1689453125,-0.000123896461445838
63072000.0,786,-3229.3681640625,-0.000124626138131134
63072000.0,787,-3236.44921875,-0.000125344406114891
63072000.0,788,-3243.41357421875,-0.000126050174003467
63072000.0,789,-3250.26342773438,-0.000126744766021147
63072000.0,790,-3257.00073242188,-0.000127427832921967
63072000.0,791,-3263.62719726562,-0.000128100291476585
63072000.0,792,-3270.14453125,-0.000128760089864954
63072000.0,793,-3276.5546875,-0.000129410633235238
63072000.0,794,-3282.85913085938,-0.000130049287690781
63072000.0,795,-3289.06030273438,-0.000130678439745679
63072000.0,796,-3295.1591796875,-0.000131296605104581
63072000.0,797,-3301.15771484375,-0.000131904380396008
63072000.0,798,-3307.0576171875,-0.000132503133499995
63072000.0,799,-3312.86059570312,-0.000133090492454357
63072000.0,800,-3318.56787109375,-0.000133670095237903
63072000.0,801,-3324.18139648438,-0.000134238827740774
63072000.0,802,-3329.70263671875,-0.000134798101498745
63072000.0,803,-3335.1328125,-0.000135348935145885
63072000.0,804,-3340.47387695312,-0.000135890426463448
63072000.0,805,-3345.72705078125,-0.000136423157528043
63072000.0,806,-3350.8935546875,-0.000136946109705605
63072000.0,807,-3355.97534179688,-0.000137462135171518
63072000.0,808,-3360.97338867188,-0.00013796852726955
63072000.0,809,-3365.88940429688,-0.000138466421049088
63072000.0,810,-3370.72436523438,-0.000138956878799945
63072000.0,811,-3375.47973632812,-0.000139439056511037
63072000.0,812,-3380.15698242188,-0.000139913187013008
63072000.0,813,-3384.75732421875,-0.000140378935611807
63072000.0,814,-3389.28173828125,-0.000140837815706618
63072000.0,815,-3393.73193359375,-0.000141289303428493
63072000.0,816,-3398.10888671875,-0.000141732438351028
63072000.0,817,-3402.41381835938,-0.000142169257742353
63072000.0,818,-3406.64794921875,-0.000142598524689674
63072000.0,819,-3410.8125,-0.000143020384712145
63072000.0,820,-3414.90844726562,-0.000143436627695337
63072000.0,821,-3418.93701171875,-0.000143843775731511
63072000.0,822,-3422.89916992188,-0.000144245583214797
63072000.0,823,-3426.79638671875,-0.000144641133374535
63072000.0,824,-3430.62939453125,-0.000145029698614962
63072000.0,825,-3434.39916992188,-0.00014541122072842
63072000.0,826,-3438.10717773438,-0.000145787402288988
63072000.0,827,-3441.75415039062,-0.000146156904520467
63072000.0,828,-3445.34106445312,-0.000146520251291804
63072000.0,829,-3448.86889648438,-0.000146878228406422
63072000.0,830,-3452.33862304688,-0.000147229264257476
63072000.0,831,-3455.75146484375,-0.000147575352457352
63072000.0,832,-3459.10815429688,-0.000147915925481357
63072000.0,833,-3462.40966796875,-0.000148251041537151
63072000.0,834,-3465.65673828125,-0.000148580074892379
63072000.0,835,-3468.85034179688,-0.000148903345689178
63072000.0,836,-3471.99145507812,-0.000149221494211815
63072000.0,837,-3475.0810546875,-0.000149535175296478
63072000.0,838,-3478.11962890625,-0.000149842890095897
63072000.0,839,-3481.10815429688,-0.000150146355736069
63072000.0,840,-3484.04760742188,-0.00015044363681227
63072000.0,841,-3486.93872070312,-0.000150736668729223
63072000.0,842,-3489.78247070312,-0.000151025175000541
63072000.0,843,-3492.5791015625,-0.000151308486238122
63072000.0,844,-3495.32983398438,-0.000151587228174321
63072000.0,845,-3498.03540039062,-0.000151861240738072
63072000.0,846,-3500.69653320312,-0.000152130945934914
63072000.0,847,-3503.31372070312,-0.00015239609638229
63072000.0,848,-3505.88793945312,-0.000152657376020215
63072000.0,849,-3508.41967773438,-0.000152913955389522
63072000.0,850,-3510.90991210938,-0.000153165965457447
63072000.0,851,-3513.35913085938,-0.000153414541273378
63072000.0,852,-3515.76806640625,-0.000153659100760706
63072000.0,853,-3518.13720703125,-0.000153898625285365
63072000.0,854,-3520.46752929688,-0.000154134904732928
63072000.0,855,-3522.75952148438,-0.000154366993228905
63072000.0,856,-3525.01391601562,-0.000154595982166938
63072000.0,857,-3527.23095703125,-0.000154820590978488
63072000.0,858,-3529.41162109375,-0.000155041489051655
63072000.0,859,-3531.55639648438,-0.000155258851009421
63072000.0,860,-3533.666015625,-0.000155472138430923
63072000.0,861,-3535.74096679688,-0.000155682995682582
63072000.0,862,-3537.78149414062,-0.000155890098540112
63072000.0,863,-3539.78857421875,-0.000156093679834157
63072000.0,864,-3541.7626953125,-0.000156293230247684
63072000.0,865,-3543.70434570312,-0.000156490292283706
63072000.0,866,-3545.61401367188,-0.000156683701789007
63072000.0,867,-3547.49243164062,-0.00015687350241933
63072000.0,868,-3549.33984375,-0.00015706117847003
63072000.0,869,-3551.15673828125,-0.000157245143782347
63072000.0,870,-3552.94384765625,-0.000157426446094178
63072000.0,871,-3554.70141601562,-0.000157604517880827
63072000.0,872,-3556.43017578125,-0.000157780144945718
63072000.0,873,-3558.13061523438,-0.000157952366862446
63072000.0,874,-3559.80297851562,-0.000158121358253993
63072000.0,875,-3561.44775390625,-0.000158287934027612
63072000.0,876,-3563.06567382812,-0.000158452152390964
63072000.0,877,-3564.65673828125,-0.000158613416715525
63072000.0,878,-3566.2216796875,-0.000158771639689803
63072000.0,879,-3567.76098632812,-0.000158928043674678
63072000.0,880,-3569.27490234375,-0.000159081828314811
63072000.0,881,-3570.76391601562,-0.000159232207806781
63072000.0,882,-3572.228515625,-0.000159380520926788
63072000.0,883,-3573.6689453125,-0.000159526287461631
63072000.0,884,-3575.08569335938,-0.00015966962382663
63072000.0,885,-3576.47900390625,-0.000159810952027328
63072000.0,886,-3577.849609375,-0.00015994934074115
63072000.0,887,-3579.19750976562,-0.000160085124662146
63072000.0,888,-3580.52319335938,-0.00016021856572479
63072000.0,889,-3581.8271484375,-0.000160350697115064
63072000.0,890,-3583.10986328125,-0.000160478870384395
63072000.0,891,-3584.37109375,-0.00016060727648437
63072000.0,892,-3585.61181640625,-0.000160727955517359
63072000.0,893,-3586.83203125,-0.000160858311573975
63072000.0,894,-3588.0322265625,-0.000160961499204859
63072000.0,895,-3589.21264648438,-0.000161119314725511
63072000.0,896,-3590.37377929688,-0.000161153831868432
63072000.0,897,-3591.515625,-0.000161463583935983
63072000.0,898,-3592.638671875,-0.000161162810400128
63072000.0,899,-3593.74340820312,-0.000162260635988787
63072000.0,900,-3594.82983398438,-0.000160200375830755
63072000.0,901,-3595.8984375,-0.000165518067660742
63072000.0,902,-3596.94946289062,-0.000153785324073397
63072000.0,903,-3597.98315429688,-0.00018275021284353
63072000.0,904,-3599.0,-0.000116070696094539
126144000.0,2,-3600.0,-0.000297510210657492
126144000.0,3,-4100.0,-0.00824223645031452
126144000.0,6,-2500.0,-5.06092874275055e-05
126144000.0,35,-3601.0,-0.00301210349425673
126144000.0,36,-3602.03662109375,-0.0022744310554117
126144000.0,37,-3603.11108398438,-0.00264828279614449
126144000.0,38,-3604.22485351562,-0.00250479346141219
126144000.0,39,-3605.37939453125,-0.00259967055171728
126144000.0,40,-3606.57592773438,-0.00256209913641214
126144000.0,41,-3607.81640625,-0.00259967148303986
126144000.0,42,-3609.10229492188,-0.00258999061770737
126144000.0,43,-3610.43505859375,-0.00261103943921626
126144000.0,44,-3611.81665039062,-0.00261138519272208
126144000.0,45,-3613.24877929688,-0.00262670614756644
126144000.0,46,-3614.7333984375,-0.00263168779201806
126144000.0,47,-3616.27221679688,-0.00264489534310997
126144000.0,48,-3617.8671875,-0.00265260692685843
126144000.0,49,-3619.5205078125,-0.00266525452025235
126144000.0,50,-3621.234375,-0.00267487624660134
126144000.0,51,-3623.0107421875,-0.00268761184997857
126144000.0,52,-3624.85229492188,-0.00269875396043062
126144000.0,53,-3626.76098632812,-0.00271203205920756
126144000.0,54,-3628.73974609375,-0.00272452831268311
126144000.0,55,-3630.79052734375,-0.00273861386813223
126144000.0,56,-3632.91650390625,-0.00275241606868804
126144000.0,57,-3635.1201171875,-0.00276751117780805
126144000.0,58,-3637.40454101562,-0.00278266961686313
126144000.0,59,-3639.77221679688,-0.00279890466481447
126144000.0,60,-3642.2265625,-0.00281553459353745
126144000.0,61,-3644.77075195312,-0.00283307232894003
126144000.0,62,-3647.40795898438,-0.00285113765858114
126144000.0,63,-3650.1416015625,-0.00287019019015133
126144000.0,64,-3652.97509765625,-0.00288992212153971
126144000.0,65,-3655.91235351562,-0.0029105634894222
126144000.0,66,-3658.95678710938,-0.00293207354843616
126144000.0,67,-3662.11279296875,-0.00295461597852409
126144000.0,68,-3665.38403320312,-0.00297807715833187
126144000.0,69,-3668.77514648438,-0.00300261378288269
126144000.0,70,-3672.2900390625,-0.00302823446691036
126144000.0,71,-3675.93359375,-0.00305502093397081
126144000.0,72,-3679.71020507812,-0.00308300112374127
126144000.0,73,-3683.625,-0.00311231869272888
126144000.0,74,-3687.68310546875,-0.00314293126575649
126144000.0,75,-3691.88940429688,-0.00317499483935535
126144000.0,76,-3696.24951171875,-0.00320852710865438
126144000.0,77,-3700.76928710938,-0.00324364216066897
126144000.0,78,-3705.4541015625,-0.0032804673537612
126144000.0,79,-3710.31030273438,-0.00331904110498726
126144000.0,80,-3715.34423828125,-0.00335945026017725
126144000.0,81,-3720.56201171875,-0.00340179493650794
126144000.0,82,-3725.970703125,-0.00344620947726071
126144000.0,83,-3731.5771484375,-0.00349290412850678
126144000.0,84,-3737.388671875,-0.00354195106774569
126144000.0,85,-3743.41259765625,-0.00359338009729981
126144000.0,86,-3749.65698242188,-0.00364746688865125
126144000.0,87,-3756.12939453125,-0.00370436301454902
126144000.0,88,-3762.8388671875,-0.00376415601931512
126144000.0,89,-3769.79345703125,-0.00382716301828623
126144000.0,90,-3777.00244140625,-0.00389352557249367
126144000.0,91,-3784.47509765625,-0.00396340480074286
126144000.0,92,-3792.220703125,-0.00403710780665278
126144000.0,93,-3800.25,-0.00411488115787506
126144000.0,94,-3808.57250976562,-0.00419701496139169
126144000.0,95,-3817.19970703125,-0.00428361259400845
126144000.0,96,-3826.14208984375,-0.00437541911378503
126144000.0,97,-3835.41162109375,-0.00447224173694849
126144000.0,98,-3845.02001953125,-0.00457544717937708
126144000.0,99,-3854.97998046875,-0.00468230061233044
126144000.0,100,-3864.58837890625,-0.00479010166600347
126144000.0,101,-3873.85791015625,-0.00489543378353119
126144000.0,102,-3882.80029296875,-0.00499942386522889
126144000.0,103,-3891.42749023438,-0.00510164070874453
126144000.0,104,-3899.75,-0.00520218443125486
126144000.0,105,-3907.779296875,-0.00530085666105151
126144000.0,106,-3915.52490234375,-0.00539768906310201
126144000.0,107,-3922.99755859375,-0.00549266533926129
126144000.0,108,-3930.20654296875,-0.00558575848117471
126144000.0,109,-3937.1611328125,-0.00567701505497098
126144000.0,110,-3943.87060546875,-0.00576634705066681
126144000.0,111,-3950.34301757812,-0.0058537763543427
126144000.0,112,-3956.58740234375,-0.005939279217273
126144000.0,113,-3962.611328125,-0.00602283142507076
126144000.0,114,-3968.4228515625,-0.00610454473644495
126144000.0,115,-3974.029296875,-0.00618439493700862
126144000.0,116,-3979.43798828125,-0.00626229308545589
126144000.0,117,-3984.65576171875,-0.00633822381496429
126144000.0,118,-3989.68969726562,-0.00641237152740359
126144000.0,119,-3994.5458984375,-0.00648473482578993
126144000.0,120,-3999.23071289062,-0.00655520940199494
126144000.0,121,-4003.75048828125,-0.00662383902817965
126144000.0,122,-4008.11059570312,-0.00669077411293983
126144000.0,123,-4012.31689453125,-0.00675587728619576
126144000.0,124,-4016.375,-0.00681925797834992
126144000.0,125,-4020.28979492188,-0.00688090361654758
126144000.0,126,-4024.06640625,-0.00694085378199816
126144000.0,127,-4027.7099609375,-0.00699922908097506
126144000.0,128,-4031.22485351562,-0.00705591402947903
126144000.0,129,-4034.61596679688,-0.00711098313331604
126144000.0,130,-4037.88720703125,-0.00716452579945326
126144000.0,131,-4041.04321289062,-0.00721649872139096
126144000.0,132,-4044.08764648438,-0.00726698338985443
126144000.0,133,-4047.02490234375,-0.00731597607955337
126144000.0,134,-4049.8583984375,-0.00736355083063245
126144000.0,135,-4052.59204101562,-0.0074097728356719
126144000.0,136,-4055.22924804688,-0.00745449354872108
126144000.0,137,-4057.7734375,-0.00749794021248817
126144000.0,138,-4060.22778320312,-0.007540138438344
126144000.0,139,-4062.59545898438,-0.00758101278916001
126144000.0,140,-4064.8798828125,-0.00762071134522557
126144000.0,141,-4067.08349609375,-0.00765908695757389
126144000.0,142,-4069.20947265625,-0.00769628118723631
126144000.0,143,-4071.26025390625,-0.00773237831890583
126144000.0,144,-4073.23901367188,-0.00776729267090559
126144000.0,145,-4075.14770507812,-0.00780121935531497
126144000.0,146,-4076.9892578125,-0.00783399865031242
126144000.0,147,-4078.765625,-0.00786571577191353
126144000.0,148,-4080.4794921875,-0.00789642240852118
126144000.0,149,-4082.1328125,-0.00792607013136148
126144000.0,150,-4083.72778320312,-0.00795487314462662
126144000.0,151,-4085.2666015625,-0.00798287615180016
126144000.0,152,-4086.75122070312,-0.00800988543778658
126144000.0,153,-4088.18334960938,-0.00803594011813402
126144000.0,154,-4089.56494140625,-0.0080612376332283
126144000.0,155,-4090.89770507812,-0.00808571558445692
126144000.0,156,-4092.18359375,-0.00810934789478779
126144000.0,157,-4093.42407226562,-0.00813216064125299
126144000.0,158,-4094.62060546875,-0.00815410632640123
126144000.0,159,-4095.77514648438,-0.00817512068897486
126144000.0,160,-4096.88916015625,-0.00819546822458506
126144000.0,161,-4097.96337890625,-0.00821418222039938
126144000.0,162,-4099.0,-0.00823243707418442
126144000.0,626,-2501.0,-5.06820542796049e-05
126144000.0,627,-2502.01684570312,-5.07982076669578e-05
126144000.0,628,-2503.05053710938,-5.08973280375358e-05
126144000.0,629,-2504.1015625,-5.10062454850413e-05
126144000.0,630,-2505.17016601562,-5.11144826305099e-05
126144000.0,631,-2506.25659179688,-5.12242768309079e-05
126144000.0,632,-2507.361328125,-5.13362865603995e-05
126144000.0,633,-2508.484375,-5.14506427862216e-05
126144000.0,634,-2509.62622070312,-5.15665269631427e-05
126144000.0,635,-2510.78735351562,-5.16844229423441e-05
126144000.0,636,-2511.9677734375,-5.18041670147795e-05
126144000.0,637,-2513.16796875,-5.19259228894953e-05
126144000.0,638,-2514.38818359375,-5.20496760145761e-05
126144000.0,639,-2515.62890625,-5.21756228408776e-05
126144000.0,640,-2516.89013671875,-5.23035087098833e-05
126144000.0,641,-2518.1728515625,-5.24341194250155e-05
126144000.0,642,-2519.47680664062,-5.25660179846454e-05
126144000.0,643,-2520.80249023438,-5.27004995092284e-05
126144000.0,644,-2522.150390625,-5.28377677255776e-05
126144000.0,645,-2523.52099609375,-5.29763747181278e-05
126144000.0,646,-2524.91430664062,-5.31183468410745e-05
126144000.0,647,-2526.3310546875,-5.32619960722513e-05
126144000.0,648,-2527.771484375,-5.34081518708263e-05
126144000.0,649,-2529.23608398438,-5.35567378392443e-05
126144000.0,650,-2530.72509765625,-5.37074010935612e-05
126144000.0,651,-2532.23901367188,-5.38614440301899e-05
126144000.0,652,-2533.7783203125,-5.40180844836868e-05
126144000.0,653,-2535.34326171875,-5.41765330126509e-05
126144000.0,654,-2536.93432617188,-5.43380338058341e-05
126144000.0,655,-2538.55224609375,-5.45024740858935e-05
126144000.0,656,-2540.19702148438,-5.46692826901563e-05
126144000.0,657,-2541.86938476562,-5.48384959984105e-05
126144000.0,658,-2543.56982421875,-5.50109798496123e-05
126144000.0,659,-2545.29858398438,-5.51867742615286e-05
126144000.0,660,-2547.05615234375,-5.53651989321224e-05
126144000.0,661,-2548.84326171875,-5.55465048819315e-05
126144000.0,662,-2550.66015625,-5.57311832380947e-05
126144000.0,663,-2552.50756835938,-5.59181717108004e-05
126144000.0,664,-2554.38598632812,-5.61082379135769e-05
126144000.0,665,-2556.29565429688,-5.63027715543285e-05
126144000.0,666,-2558.2373046875,-5.64996989851352e-05
126144000.0,667,-2560.21142578125,-5.66996059205849e-05
126144000.0,668,-2562.21850585938,-5.69035692024045e-05
126144000.0,669,-2564.25903320312,-5.71105410926975e-05
126144000.0,670,-2566.333984375,-5.73207216802984e-05
126144000.0,671,-2568.44360351562,-5.75352059968282e-05
126144000.0,672,-2570.58837890625,-5.77533028263133e-05
126144000.0,673,-2572.76904296875,-5.79742227273528e-05
126144000.0,674,-2574.98608398438,-5.81992717343383e-05
126144000.0,675,-2577.24047851562,-5.84283952775877e-05
126144000.0,676,-2579.53247070312,-5.86609494348522e-05
126144000.0,677,-2581.86279296875,-5.88972252444364e-05
126144000.0,678,-2584.23193359375,-5.91375937801786e-05
126144000.0,679,-2586.64086914062,-5.93814147578087e-05
126144000.0,680,-2589.09008789062,-5.96304453210905e-05
126144000.0,681,-2591.58032226562,-5.98834121774416e-05
126144000.0,682,-2594.11206054688,-6.01403226028197e-05
126144000.0,683,-2596.68627929688,-6.04012129770126e-05
126144000.0,684,-2599.30346679688,-6.06665562372655e-05
126144000.0,685,-2601.96459960938,-6.09375783824362e-05
126144000.0,686,-2604.67016601562,-6.12113944953308e-05
126144000.0,687,-2607.4208984375,-6.14907403360121e-05
126144000.0,688,-2610.21752929688,-6.17742189206183e-05
126144000.0,689,-2613.06127929688,-6.20631326455623e-05
126144000.0,690,-2615.95239257812,-6.23564556008205e-05
126144000.0,691,-2618.89184570312,-6.26540859229863e-05
126144000.0,692,-2621.88037109375,-6.29579080850817e-05
126144000.0,693,-2624.9189453125,-6.32659503025934e-05
126144000.0,694,-2628.00854492188,-6.3580009737052e-05
126144000.0,695,-2631.14965820312,-6.38984347460791e-05
126144000.0,696,-2634.34326171875,-6.42221784801222e-05
126144000.0,697,-2637.59033203125,-6.45513428025879e-05
126144000.0,698,-2640.89184570312,-6.48872519377619e-05
126144000.0,699,-2644.24853515625,-6.52273884043097e-05
126144000.0,700,-2647.66137695312,-6.55735420878045e-05
126144000.0,701,-2651.13110351562,-6.59264478599653e-05
126144000.0,702,-2654.65893554688,-6.62832680973224e-05
126144000.0,703,-2658.24584960938,-6.66473497403786e-05
126144000.0,704,-2661.89282226562,-6.70179215376265e-05
126144000.0,705,-2665.60083007812,-6.73942195135169e-05
126144000.0,706,-2669.37060546875,-6.77760617691092e-05
126144000.0,707,-2673.20361328125,-6.81654055370018e-05
126144000.0,708,-2677.10083007812,-6.85604827594943e-05
126144000.0,709,-2681.06298828125,-6.89625594532117e-05
126144000.0,710,-2685.09155273438,-6.93712281645276e-05
126144000.0,711,-2689.1875,-6.9787070970051e-05
126144000.0,712,-2693.35205078125,-7.02100733178668e-05
126144000.0,713,-2697.58618164062,-7.06387654645368e-05
126144000.0,714,-2701.89111328125,-7.10757885826752e-05
126144000.0,715,-2706.26806640625,-7.1520778874401e-05
126144000.0,716,-2710.71826171875,-7.19711752026342e-05
126144000.0,717,-2715.24267578125,-7.24307683412917e-05
126144000.0,718,-2719.84301757812,-7.28977101971395e-05
126144000.0,719,-2724.52026367188,-7.33718043193221e-05
126144000.0,720,-2729.27563476562,-7.38546368665993e-05
126144000.0,721,-2734.11059570312,-7.43453638278879e-05
126144000.0,722,-2739.02661132812,-7.48437523725443e-05
126144000.0,723,-2744.02465820312,-7.53504937165417e-05
126144000.0,724,-2749.1064453125,-7.58669630158693e-05
126144000.0,725,-2754.27294921875,-7.63903008191846e-05
126144000.0,726,-2759.52612304688,-7.69234466133639e-05
126144000.0,727,-2764.8671875,-7.74653526605107e-05
126144000.0,728,-2770.29736328125,-7.80165937612765e-05
126144000.0,729,-2775.81860351562,-7.85762676969171e-05
126144000.0,730,-2781.43212890625,-7.91454003774561e-05
126144000.0,731,-2787.13940429688,-7.97254033386707e-05
126144000.0,732,-2792.9423828125,-8.03131697466597e-05
126144000.0,733,-2798.84228515625,-8.09123157523572e-05
126144000.0,734,-2804.8408203125,-8.15204839454964e-05
126144000.0,735,-2810.93969726562,-8.21390422061086e-05
126144000.0,736,-2817.14086914062,-8.27685726108029e-05
126144000.0,737,-2823.4453125,-8.34076199680567e-05
126144000.0,738,-2829.85546875,-8.40585344121791e-05
126144000.0,739,-2836.37280273438,-8.47187257022597e-05
126144000.0,740,-2842.99926757812,-8.53915335028432e-05
126144000.0,741,-2849.73657226562,-8.60749787534587e-05
126144000.0,742,-2856.58642578125,-8.67698909132741e-05
126144000.0,743,-2863.55078125,-8.74760735314339e-05
126144000.0,744,-2870.6318359375,-8.8194603449665e-05
126144000.0,745,-2877.8310546875,-8.89247385202907e-05
126144000.0,746,-2885.15087890625,-8.96668789209798e-05
126144000.0,747,-2892.59326171875,-9.04224580153823e-05
126144000.0,748,-2900.15991210938,-9.11893512238748e-05
126144000.0,749,-2907.85327148438,-9.1970810899511e-05
126144000.0,750,-2915.67529296875,-9.27631408558227e-05
126144000.0,751,-2923.6279296875,-9.35697462409735e-05
126144000.0,752,-2931.7138671875,-9.43899285630323e-05
126144000.0,753,-2939.93505859375,-9.52236150624231e-05
126144000.0,754,-2948.29345703125,-9.60717079578899e-05
126144000.0,755,-2956.7919921875,-9.69338652794249e-05
126144000.0,756,-2965.4326171875,-9.7810167062562e-05
126144000.0,757,-2974.21752929688,-9.87008024821989e-05
126144000.0,758,-2983.14965820312,-9.96070593828335e-05
126144000.0,759,-2992.23095703125,-0.000100527744507417
126144000.0,760,-3001.46435546875,-0.000101464509498328
126144000.0,761,-3010.85229492188,-0.000102416721347254
126144000.0,762,-3020.39697265625,-0.000103384401882067
126144000.0,763,-3030.10131835938,-0.000104368366010021
126144000.0,764,-3039.96826171875,-0.000105370563687757
126144000.0,765,-3050.0,-0.000106385974504519
126144000.0,766,-3060.03173828125,-0.000107402316643856
126144000.0,767,-3069.89868164062,-0.000108403241029009
126144000.0,768,-3079.60302734375,-0.000109387299744412
126144000.0,769,-3089.14770507812,-0.000110355773358606
126144000.0,770,-3098.53564453125,-0.000111307395854965
126144000.0,771,-3107.76904296875,-0.000112244277261198
126144000.0,772,-3116.85034179688,-0.000113164729555137
126144000.0,773,-3125.78247070312,-0.000114070753625128
126144000.0,774,-3134.5673828125,-0.000114961418148596
126144000.0,775,-3143.2080078125,-0.000115837101475336
126144000.0,776,-3151.70654296875,-0.000116699775389861
126144000.0,777,-3160.06494140625,-0.000117546347610187
126144000.0,778,-3168.2861328125,-0.000118380310595967
126144000.0,779,-3176.3720703125,-0.000119200281915255
126144000.0,780,-3184.32470703125,-0.000120005992357619
126144000.0,781,-3192.14672851562,-0.000120799413707573
126144000.0,782,-3199.84008789062,-0.000121579752885737
126144000.0,783,-3207.40673828125,-0.000122346842545085
126144000.0,784,-3214.84912109375,-0.000123101781355217
126144000.0,785,-3222.1689453125,-0.000123843798064627
126144000.0,786,-3229.3681640625,-0.000124573474749923
126144000.0,787,-3236.44921875,-0.00012529174273368
126144000.0,788,-3243.41357421875,-0.000125997525174171
126144000.0,789,-3250.26342773438,-0.000126692117191851
126144000.0,790,-3257.00073242188,-0.000127375169540755
126144000.0,791,-3263.62719726562,-0.000128047628095374
126144000.0,792,-3270.14453125,-0.000128707441035658
126144000.0,793,-3276.5546875,-0.000129357984405942
126144000.0,794,-3282.85913085938,-0.000129996638861485
126144000.0,795,-3289.06030273438,-0.000130625790916383
126144000.0,796,-3295.1591796875,-0.000131243956275284
126144000.0,797,-3301.15771484375,-0.000131851717014797
126144000.0,798,-3307.0576171875,-0.000132450484670699
126144000.0,799,-3312.86059570312,-0.000133037843625061
126144000.0,800,-3318.56787109375,-0.000133617446408607
126144000.0,801,-3324.18139648438,-0.000134186178911477
126144000.0,802,-3329.70263671875,-0.000134745438117534
126144000.0,803,-3335.1328125,-0.000135296286316589
126144000.0,804,-3340.47387695312,-0.000135837777634151
126144000.0,805,-3345.72705078125,-0.000136370508698747
126144000.0,806,-3350.8935546875,-0.000136893460876308
126144000.0,807,-3355.97534179688,-0.000137409486342221
126144000.0,808,-3360.97338867188,-0.000137915878440253
126144000.0,809,-3365.88940429688,-0.000138413772219792
126144000.0,810,-3370.72436523438,-0.000138904229970649
126144000.0,811,-3375.47973632812,-0.000139386407681741
126144000.0,812,-3380.15698242188,-0.000139860538183711
126144000.0,813,-3384.75732421875,-0.000140326286782511
126144000.0,814,-3389.28173828125,-0.000140785166877322
126144000.0,815,-3393.73193359375,-0.000141236654599197
126144000.0,816,-3398.10888671875,-0.000141679789521731
126144000.0,817,-3402.41381835938,-0.000142116608913057
126144000.0,818,-3406.64794921875,-0.000142545890412293
126144000.0,819,-3410.8125,-0.000142967735882849
126144000.0,820,-3414.90844726562,-0.000143383978866041
126144000.0,821,-3418.93701171875,-0.00014379114145413
126144000.0,822,-3422.89916992188,-0.000144192934385501
126144000.0,823,-3426.79638671875,-0.000144588484545238
126144000.0,824,-3430.62939453125,-0.000144977064337581
126144000.0,825,-3434.39916992188,-0.000145358571899123
126144000.0,826,-3438.10717773438,-0.000145734753459692
126144000.0,827,-3441.75415039062,-0.000146104255691171
126144000.0,828,-3445.34106445312,-0.000146467602462508
126144000.0,829,-3448.86889648438,-0.000146825594129041
126144000.0,830,-3452.33862304688,-0.00014717661542818
126144000.0,831,-3455.75146484375,-0.000147522703628056
126144000.0,832,-3459.10815429688,-0.00014786327665206
126144000.0,833,-3462.40966796875,-0.000148198392707855
126144000.0,834,-3465.65673828125,-0.000148527440614998
126144000.0,835,-3468.85034179688,-0.000148850696859881
126144000.0,836,-3471.99145507812,-0.000149168859934434
126144000.0,837,-3475.0810546875,-0.000149482526467182
126144000.0,838,-3478.11962890625,-0.000149790241266601
126144000.0,839,-3481.10815429688,-0.000150093721458688
126144000.0,840,-3484.04760742188,-0.000150391002534889
126144000.0,841,-3486.93872070312,-0.000150684034451842
126144000.0,842,-3489.78247070312,-0.00015097254072316
126144000.0,843,-3492.5791015625,-0.000151255837408826
126144000.0,844,-3495.32983398438,-0.000151534579345025
126144000.0,845,-3498.03540039062,-0.00015180860646069
126144000.0,846,-3500.69653320312,-0.000152078311657533
126144000.0,847,-3503.31372070312,-0.000152343462104909
126144000.0,848,-3505.88793945312,-0.000152604741742834
126144000.0,849,-3508.41967773438,-0.000152861321112141
126144000.0,850,-3510.90991210938,-0.000153113331180066
126144000.0,851,-3513.35913085938,-0.000153361892444082
126144000.0,852,-3515.76806640625,-0.000153606466483325
126144000.0,853,-3518.13720703125,-0.000153845991007984
126144000.0,854,-3520.46752929688,-0.000154082270455547
126144000.0,855,-3522.75952148438,-0.000154314358951524
126144000.0,856,-3525.01391601562,-0.000154543333337642
126144000.0,857,-3527.23095703125,-0.000154767956701107
126144000.0,858,-3529.41162109375,-0.000154988840222359
126144000.0,859,-3531.55639648438,-0.00015520621673204
126144000.0,860,-3533.666015625,-0.000155419504153542
126144000.0,861,-3535.74096679688,-0.000155630361405201
126144000.0,862,-3537.78149414062,-0.000155837464262731
126144000.0,863,-3539.78857421875,-0.000156041045556776
126144000.0,864,-3541.7626953125,-0.000156240595970303
126144000.0,865,-3543.70434570312,-0.000156437658006325
126144000.0,866,-3545.61401367188,-0.000156631067511626
126144000.0,867,-3547.49243164062,-0.000156820868141949
126144000.0,868,-3549.33984375,-0.000157008544192649
126144000.0,869,-3551.15673828125,-0.000157192509504966
126144000.0,870,-3552.94384765625,-0.000157373811816797
126144000.0,871,-3554.70141601562,-0.000157551883603446
126144000.0,872,-3556.43017578125,-0.000157727496116422
126144000.0,873,-3558.13061523438,-0.000157899732585065
126144000.0,874,-3559.80297851562,-0.000158068723976612
126144000.0,875,-3561.44775390625,-0.000158235299750231
126144000.0,876,-3563.06567382812,-0.000158399518113583
126144000.0,877,-3564.65673828125,-0.000158560782438144
126144000.0,878,-3566.2216796875,-0.000158718990860507
126144000.0,879,-3567.76098632812,-0.000158875365741551
126144000.0,880,-3569.27490234375,-0.000159029150381684
126144000.0,881,-3570.76391601562,-0.000159179500769824
126144000.0,882,-3572.228515625,-0.000159327770234086
126144000.0,883,-3573.6689453125,-0.000159473493113182
126144000.0,884,-3575.08569335938,-0.000159616756718606
126144000.0,885,-3576.47900390625,-0.000159757968503982
126144000.0,886,-3577.849609375,-0.000159896240802482
126144000.0,887,-3579.19750976562,-0.000160031850100495
126144000.0,888,-3580.52319335938,-0.000160165058332495
126144000.0,889,-3581.8271484375,-0.000160296898684464
126144000.0,890,-3583.10986328125,-0.000160424780915491
126144000.0,891,-3584.37109375,-0.00016055280866567
126144000.0,892,-3585.61181640625,-0.000160673283971846
126144000.0,893,-3586.83203125,-0.000160803247126751
126144000.0,894,-3588.0322265625,-0.000160907002282329
126144000.0,895,-3589.21264648438,-0.000161064614076167
126144000.0,896,-3590.37377929688,-0.000161102900165133
126144000.0,897,-3591.515625,-0.000161412448505871
126144000.0,898,-3592.638671875,-0.000161126925377175
126144000.0,899,-3593.74340820312,-0.000162222728249617
126144000.0,900,-3594.82983398438,-0.000160215204232372
126144000.0,901,-3595.8984375,-0.000165538425790146
126144000.0,902,-3596.94946289062,-0.000153944041812792
126144000.0,903,-3597.98315429688,-0.000183222291525453
126144000.0,904,-3599.0,-0.000116518698632717
252288000.0,2,-3600.0,-0.000301012973068282
252288000.0,3,-4100.0,-0.0132500743493438
252288000.0,6,-2500.0,-5.05181451444514e-05
252288000.0,35,-3601.0,-0.0045918021351099
252288000.0,36,-3602.03662109375,-0.00345104723237455
252288000.0,37,-3603.11108398438,-0.00404966482892632
252288000.0,38,-3604.22485351562,-0.00383761804550886
252288000.0,39,-3605.37939453125,-0.0039893751963973
252288000.0,40,-3606.57592773438,-0.00393398432061076
252288000.0,41,-3607.81640625,-0.00399375054985285
252288000.0,42,-3609.10229492188,-0.00397973787039518
252288000.0,43,-3610.43505859375,-0.00401339074596763
252288000.0,44,-3611.81665039062,-0.00401434162631631
252288000.0,45,-3613.24877929688,-0.0040390701033175
252288000.0,46,-3614.7333984375,-0.00404704501852393
252288000.0,47,-3616.27221679688,-0.00406853575259447
252288000.0,48,-3617.8671875,-0.0040807519108057
252288000.0,49,-3619.5205078125,-0.00410143425688148
252288000.0,50,-3621.234375,-0.00411668745800853
252288000.0,51,-3623.0107421875,-0.00413754442706704
252288000.0,52,-3624.85229492188,-0.0041552628390491
252288000.0,53,-3626.76098632812,-0.00417699990794063
252288000.0,54,-3628.73974609375,-0.00419693952426314
252288000.0,55,-3630.79052734375,-0.00421996414661407
252288000.0,56,-3632.91650390625,-0.00424205418676138
252288000.0,57,-3635.1201171875,-0.00426668534055352
252288000.0,58,-3637.40454101562,-0.00429101614281535
252288000.0,59,-3639.77221679688,-0.00431746616959572
252288000.0,60,-3642.2265625,-0.00434422167018056
252288000.0,61,-3644.77075195312,-0.00437275879085064
252288000.0,62,-3647.40795898438,-0.00440187845379114
252288000.0,63,-3650.1416015625,-0.00443284772336483
252288000.0,64,-3652.97509765625,-0.00446471199393272
252288000.0,65,-3655.91235351562,-0.00449824566021562
252288000.0,66,-3658.95678710938,-0.00453302450478077
252288000.0,67,-3662.11279296875,-0.00456963153555989
252288000.0,68,-3665.38403320312,-0.00460761366412044
252288000.0,69,-3668.77514648438,-0.00464745750650764
252288000.0,70,-3672.2900390625,-0.00468897726386786
252288000.0,71,-3675.93359375,-0.00473248260095716
252288000.0,72,-3679.71020507812,-0.00477786501869559
252288000.0,73,-3683.625,-0.00482549052685499
252288000.0,74,-3687.68310546875,-0.00487518310546875
252288000.0,75,-3691.88940429688,-0.00492729200050235
252288000.0,76,-3696.24951171875,-0.00498176785185933
252288000.0,77,-3700.76928710938,-0.00503885932266712
252288000.0,78,-3705.4541015625,-0.00509872799739242
252288000.0,79,-3710.31030273438,-0.00516148610040545
252288000.0,80,-3715.34423828125,-0.00522722769528627
252288000.0,81,-3720.56201171875,-0.00529615534469485
252288000.0,82,-3725.970703125,-0.0053684706799686
252288000.0,83,-3731.5771484375,-0.00544453924521804
252288000.0,84,-3737.388671875,-0.00552445650100708
252288000.0,85,-3743.41259765625,-0.00560829183086753
252288000.0,86,-3749.65698242188,-0.00569648901000619
252288000.0,87,-3756.12939453125,-0.00578930974006653
252288000.0,88,-3762.8388671875,-0.00588689558207989
252288000.0,89,-3769.79345703125,-0.00598976667970419
252288000.0,90,-3777.00244140625,-0.00609816377982497
252288000.0,91,-3784.47509765625,-0.00621235324069858
252288000.0,92,-3792.220703125,-0.00633283751085401
252288000.0,93,-3800.25,-0.00646003661677241
252288000.0,94,-3808.57250976562,-0.00659442972391844
252288000.0,95,-3817.19970703125,-0.00673618027940392
252288000.0,96,-3826.14208984375,-0.00688653206452727
252288000.0,97,-3835.41162109375,-0.00704517075791955
252288000.0,98,-3845.02001953125,-0.00721433199942112
252288000.0,99,-3854.97998046875,-0.00738955847918987
252288000.0,100,-3864.58837890625,-0.00756640825420618
252288000.0,101,-3873.85791015625,-0.00773928873240948
252288000.0,102,-3882.80029296875,-0.00791002716869116
252288000.0,103,-3891.42749023438,-0.00807791203260422
252288000.0,104,-3899.75,-0.00824311561882496
252288000.0,105,-3907.779296875,-0.00840528216212988
252288000.0,106,-3915.52490234375,-0.00856446567922831
252288000.0,107,-3922.99755859375,-0.00872064009308815
252288000.0,108,-3930.20654296875,-0.0088737616315484
252288000.0,109,-3937.1611328125,-0.00902388710528612
252288000.0,110,-3943.87060546875,-0.00917087774723768
252288000.0,111,-3950.34301757812,-0.00931476708501577
252288000.0,112,-3956.58740234375,-0.00945550668984652
252288000.0,113,-3962.611328125,-0.00959305558353662
252288000.0,114,-3968.4228515625,-0.0097276046872139
252288000.0,115,-3974.029296875,-0.00985910650342703
252288000.0,116,-3979.43798828125,-0.00998740084469318
252288000.0,117,-3984.65576171875,-0.0101124681532383
252288000.0,118,-3989.68969726562,-0.0102346129715443
252288000.0,119,-3994.5458984375,-0.0103538390249014
252288000.0,120,-3999.23071289062,-0.0104699619114399
252288000.0,121,-4003.75048828125,-0.0105830458924174
252288000.0,122,-4008.11059570312,-0.0106933498755097
252288000.0,123,-4012.31689453125,-0.0108006447553635
252288000.0,124,-4016.375,-0.0109051046893001
252288000.0,125,-4020.28979492188,-0.0110067147761583
252288000.0,126,-4024.06640625,-0.0111055318266153
252288000.0,127,-4027.7099609375,-0.0112017588689923
252288000.0,128,-4031.22485351562,-0.0112952068448067
252288000.0,129,-4034.61596679688,-0.0113859912380576
252288000.0,130,-4037.88720703125,-0.0114742629230022
252288000.0,131,-4041.04321289062,-0.0115599483251572
252288000.0,132,-4044.08764648438,-0.0116431787610054
252288000.0,133,-4047.02490234375,-0.0117239532992244
252288000.0,134,-4049.8583984375,-0.0118023985996842
252288000.0,135,-4052.59204101562,-0.0118786096572876
252288000.0,136,-4055.22924804688,-0.0119523443281651
252288000.0,137,-4057.7734375,-0.0120239853858948
252288000.0,138,-4060.22778320312,-0.0120935719460249
252288000.0,139,-4062.59545898438,-0.0121609717607498
252288000.0,140,-4064.8798828125,-0.012226433493197
252288000.0,141,-4067.08349609375,-0.0122897168621421
252288000.0,142,-4069.20947265625,-0.012351050041616
252288000.0,143,-4071.26025390625,-0.0124105764552951
252288000.0,144,-4073.23901367188,-0.0124681536108255
252288000.0,145,-4075.14770507812,-0.0125241009518504
252288000.0,146,-4076.9892578125,-0.0125781549140811
252288000.0,147,-4078.765625,-0.0126304570585489
252288000.0,148,-4080.4794921875,-0.0126810893416405
252288000.0,149,-4082.1328125,-0.0127299781888723
252288000.0,150,-4083.72778320312,-0.0127774784341455
252288000.0,151,-4085.2666015625,-0.0128236580640078
252288000.0,152,-4086.75122070312,-0.0128681985661387
252288000.0,153,-4088.18334960938,-0.0129111595451832
252288000.0,154,-4089.56494140625,-0.0129528632387519
252288000.0,155,-4090.89770507812,-0.0129932016134262
252288000.0,156,-4092.18359375,-0.0130321262404323
252288000.0,157,-4093.42407226562,-0.0130696706473827
252288000.0,158,-4094.62060546875,-0.013105746358633
252288000.0,159,-4095.77514648438,-0.0131402341648936
252288000.0,160,-4096.88916015625,-0.0131735745817423
252288000.0,161,-4097.96337890625,-0.0132041731849313
252288000.0,162,-4099.0,-0.0132340183481574
252288000.0,626,-2501.0,-5.05909119965509e-05
252288000.0,627,-2502.01684570312,-5.07070653839037e-05
252288000.0,628,-2503.05053710938,-5.08061857544817e-05
252288000.0,629,-2504.1015625,-5.09151032019872e-05
252288000.0,630,-2505.17016601562,-5.10233403474558e-05
252288000.0,631,-2506.25659179688,-5.11331345478538e-05
252288000.0,632,-2507.361328125,-5.12451442773454e-05
252288000.0,633,-2508.484375,-5.13595005031675e-05
252288000.0,634,-2509.62622070312,-5.14753846800886e-05
252288000.0,635,-2510.78735351562,-5.159328065929e-05
252288000.0,636,-2511.9677734375,-5.17130247317255e-05
252288000.0,637,-2513.16796875,-5.183478424442e-05
252288000.0,638,-2514.38818359375,-5.1958533731522e-05
252288000.0,639,-2515.62890625,-5.20844805578236e-05
252288000.0,640,-2516.89013671875,-5.22123700648081e-05
252288000.0,641,-2518.1728515625,-5.23429807799403e-05
252288000.0,642,-2519.47680664062,-5.24748757015914e-05
252288000.0,643,-2520.80249023438,-5.26093572261743e-05
252288000.0,644,-2522.150390625,-5.27466254425235e-05
252288000.0,645,-2523.52099609375,-5.28852360730525e-05
252288000.0,646,-2524.91430664062,-5.30272081959993e-05
252288000.0,647,-2526.3310546875,-5.31708574271761e-05
252288000.0,648,-2527.771484375,-5.33170095877722e-05
252288000.0,649,-2529.23608398438,-5.3465599194169e-05
252288000.0,650,-2530.72509765625,-5.36162624484859e-05
252288000.0,651,-2532.23901367188,-5.37703053851146e-05
252288000.0,652,-2533.7783203125,-5.39269458386116e-05
252288000.0,653,-2535.34326171875,-5.40853943675756e-05
252288000.0,654,-2536.93432617188,-5.42468951607589e-05
252288000.0,655,-2538.55224609375,-5.44113354408182e-05
252288000.0,656,-2540.19702148438,-5.4578144045081e-05
252288000.0,657,-2541.86938476562,-5.47473573533352e-05
252288000.0,658,-2543.56982421875,-5.49198412045371e-05
252288000.0,659,-2545.29858398438,-5.50956356164534e-05
252288000.0,660,-2547.05615234375,-5.52740602870472e-05
252288000.0,661,-2548.84326171875,-5.54553662368562e-05
252288000.0,662,-2550.66015625,-5.56400445930194e-05
252288000.0,663,-2552.50756835938,-5.58270367037039e-05
252288000.0,664,-2554.38598632812,-5.60171029064804e-05
252288000.0,665,-2556.29565429688,-5.62116329092532e-05
252288000.0,666,-2558.2373046875,-5.64085639780387e-05
252288000.0,667,-2560.21142578125,-5.66084709134884e-05
252288000.0,668,-2562.21850585938,-5.6812434195308e-05
252288000.0,669,-2564.25903320312,-5.70194060856011e-05
252288000.0,670,-2566.333984375,-5.7229586673202e-05
252288000.0,671,-2568.44360351562,-5.74440709897317e-05
252288000.0,672,-2570.58837890625,-5.76621678192168e-05
252288000.0,673,-2572.76904296875,-5.78830877202563e-05
252288000.0,674,-2574.98608398438,-5.81081367272418e-05
252288000.0,675,-2577.24047851562,-5.83372602704912e-05
252288000.0,676,-2579.53247070312,-5.85698180657346e-05
252288000.0,677,-2581.86279296875,-5.88060938753188e-05
252288000.0,678,-2584.23193359375,-5.90464624110609e-05
252288000.0,679,-2586.64086914062,-5.9290283388691e-05
252288000.0,680,-2589.09008789062,-5.95393139519729e-05
252288000.0,681,-2591.58032226562,-5.97922771703452e-05
252288000.0,682,-2594.11206054688,-6.0049191233702e-05
252288000.0,683,-2596.68627929688,-6.03100852458738e-05
252288000.0,684,-2599.30346679688,-6.05754248681478e-05
252288000.0,685,-2601.96459960938,-6.08464470133185e-05
252288000.0,686,-2604.67016601562,-6.11202631262131e-05
252288000.0,687,-2607.4208984375,-6.13996089668944e-05
252288000.0,688,-2610.21752929688,-6.16830875515006e-05
252288000.0,689,-2613.06127929688,-6.19720012764446e-05
252288000.0,690,-2615.95239257812,-6.22653242317028e-05
252288000.0,691,-2618.89184570312,-6.25629618298262e-05
252288000.0,692,-2621.88037109375,-6.28667767159641e-05
252288000.0,693,-2624.9189453125,-6.31748189334758e-05
252288000.0,694,-2628.00854492188,-6.34888783679344e-05
252288000.0,695,-2631.14965820312,-6.38073106529191e-05
252288000.0,696,-2634.34326171875,-6.41310543869622e-05
252288000.0,697,-2637.59033203125,-6.44602114334702e-05
252288000.0,698,-2640.89184570312,-6.47961205686443e-05
252288000.0,699,-2644.24853515625,-6.51362570351921e-05
252288000.0,700,-2647.66137695312,-6.54824179946445e-05
252288000.0,701,-2651.13110351562,-6.58353237668052e-05
252288000.0,702,-2654.65893554688,-6.61921440041624e-05
252288000.0,703,-2658.24584960938,-6.65562256472185e-05
252288000.0,704,-2661.89282226562,-6.69267974444665e-05
252288000.0,705,-2665.60083007812,-6.73030954203568e-05
252288000.0,706,-2669.37060546875,-6.76849376759492e-05
252288000.0,707,-2673.20361328125,-6.80742814438418e-05
252288000.0,708,-2677.10083007812,-6.84693586663343e-05
252288000.0,709,-2681.06298828125,-6.88714426360093e-05
252288000.0,710,-2685.09155273438,-6.92801113473251e-05
252288000.0,711,-2689.1875,-6.96959541528486e-05
252288000.0,712,-2693.35205078125,-7.01189565006644e-05
252288000.0,713,-2697.58618164062,-7.05476486473344e-05
252288000.0,714,-2701.89111328125,-7.09846717654727e-05
252288000.0,715,-2706.26806640625,-7.1429654781241e-05
252288000.0,716,-2710.71826171875,-7.18800583854318e-05
252288000.0,717,-2715.24267578125,-7.23396515240893e-05
252288000.0,718,-2719.84301757812,-7.28065933799371e-05
252288000.0,719,-2724.52026367188,-7.32806947780773e-05
252288000.0,720,-2729.27563476562,-7.37635200493969e-05
252288000.0,721,-2734.11059570312,-7.42542470106855e-05
252288000.0,722,-2739.02661132812,-7.47526355553418e-05
252288000.0,723,-2744.02465820312,-7.52593768993393e-05
252288000.0,724,-2749.1064453125,-7.57758534746245e-05
252288000.0,725,-2754.27294921875,-7.62991912779398e-05
252288000.0,726,-2759.52612304688,-7.68323370721191e-05
252288000.0,727,-2764.8671875,-7.73742358433083e-05
252288000.0,728,-2770.29736328125,-7.79254842200316e-05
252288000.0,729,-2775.81860351562,-7.84851581556723e-05
252288000.0,730,-2781.43212890625,-7.90542981121689e-05
252288000.0,731,-2787.13940429688,-7.96342937974259e-05
252288000.0,732,-2792.9423828125,-8.02220602054149e-05
252288000.0,733,-2798.84228515625,-8.08212134870701e-05
252288000.0,734,-2804.8408203125,-8.14293744042516e-05
252288000.0,735,-2810.93969726562,-8.20479326648638e-05
252288000.0,736,-2817.14086914062,-8.26774703455158e-05
252288000.0,737,-2823.4453125,-8.33165104268119e-05
252288000.0,738,-2829.85546875,-8.39674248709343e-05
252288000.0,739,-2836.37280273438,-8.46276234369725e-05
252288000.0,740,-2842.99926757812,-8.5300431237556e-05
252288000.0,741,-2849.73657226562,-8.59838764881715e-05
252288000.0,742,-2856.58642578125,-8.66787886479869e-05
252288000.0,743,-2863.55078125,-8.73849712661467e-05
252288000.0,744,-2870.6318359375,-8.81035084603354e-05
252288000.0,745,-2877.8310546875,-8.88336435309611e-05
252288000.0,746,-2885.15087890625,-8.95757839316502e-05
252288000.0,747,-2892.59326171875,-9.03313630260527e-05
252288000.0,748,-2900.15991210938,-9.10982562345453e-05
252288000.0,749,-2907.85327148438,-9.18797159101814e-05
252288000.0,750,-2915.67529296875,-9.26720458664931e-05
252288000.0,751,-2923.6279296875,-9.34786512516439e-05
252288000.0,752,-2931.7138671875,-9.42988335737027e-05
252288000.0,753,-2939.93505859375,-9.51325273490511e-05
252288000.0,754,-2948.29345703125,-9.59806202445179e-05
252288000.0,755,-2956.7919921875,-9.6842777566053e-05
252288000.0,756,-2965.4326171875,-9.771907934919e-05
252288000.0,757,-2974.21752929688,-9.86097220447846e-05
252288000.0,758,-2983.14965820312,-9.95159789454192e-05
252288000.0,759,-2992.23095703125,-0.000100436656794045
252288000.0,760,-3001.46435546875,-0.000101373429060914
252288000.0,761,-3010.85229492188,-0.000102325640909839
252288000.0,762,-3020.39697265625,-0.000103293321444653
252288000.0,763,-3030.10131835938,-0.000104277285572607
252288000.0,764,-3039.96826171875,-0.000105279483250342
252288000.0,765,-3050.0,-0.000106294894067105
252288000.0,766,-3060.03173828125,-0.000107311236206442
252288000.0,767,-3069.89868164062,-0.000108312167867552
252288000.0,768,-3079.60302734375,-0.000109296226582956
252288000.0,769,-3089.14770507812,-0.000110264700197149
252288000.0,770,-3098.53564453125,-0.000111216322693508
252288000.0,771,-3107.76904296875,-0.000112153204099741
252288000.0,772,-3116.85034179688,-0.000113073656393681
252288000.0,773,-3125.78247070312,-0.000113979687739629
252288000.0,774,-3134.5673828125,-0.000114870352263097
252288000.0,775,-3143.2080078125,-0.000115746035589837
252288000.0,776,-3151.70654296875,-0.000116608709504362
252288000.0,777,-3160.06494140625,-0.000117455281724688
252288000.0,778,-3168.2861328125,-0.000118289244710468
252288000.0,779,-3176.3720703125,-0.000119109223305713
252288000.0,780,-3184.32470703125,-0.00011991492647212
252288000.0,781,-3192.14672851562,-0.000120708355098031
252288000.0,782,-3199.84008789062,-0.000121488694276195
252288000.0,783,-3207.40673828125,-0.000122255791211501
252288000.0,784,-3214.84912109375,-0.000123010730021633
252288000.0,785,-3222.1689453125,-0.000123752746731043
252288000.0,786,-3229.3681640625,-0.000124482423416339
252288000.0,787,-3236.44921875,-0.000125200691400096
252288000.0,788,-3243.41357421875,-0.000125906473840587
252288000.0,789,-3250.26342773438,-0.000126601065858267
252288000.0,790,-3257.00073242188,-0.000127284118207172
252288000.0,791,-3263.62719726562,-0.00012795657676179
252288000.0,792,-3270.14453125,-0.000128616389702074
252288000.0,793,-3276.5546875,-0.000129266933072358
252288000.0,794,-3282.85913085938,-0.000129905587527901
252288000.0,795,-3289.06030273438,-0.000130534739582799
252288000.0,796,-3295.1591796875,-0.0001311529049417
252288000.0,797,-3301.15771484375,-0.000131760680233128
252288000.0,798,-3307.0576171875,-0.000132359433337115
252288000.0,799,-3312.86059570312,-0.000132946792291477
252288000.0,800,-3318.56787109375,-0.000133526395075023
252288000.0,801,-3324.18139648438,-0.000134095127577893
252288000.0,802,-3329.70263671875,-0.000134654401335865
252288000.0,803,-3335.1328125,-0.000135205234983005
252288000.0,804,-3340.47387695312,-0.000135746740852483
252288000.0,805,-3345.72705078125,-0.000136279471917078
252288000.0,806,-3350.8935546875,-0.00013680242409464
252288000.0,807,-3355.97534179688,-0.000137318449560553
252288000.0,808,-3360.97338867188,-0.00013782482710667
252288000.0,809,-3365.88940429688,-0.000138322735438123
252288000.0,810,-3370.72436523438,-0.00013881319318898
252288000.0,811,-3375.47973632812,-0.000139295370900072
252288000.0,812,-3380.15698242188,-0.000139769501402043
252288000.0,813,-3384.75732421875,-0.000140235250000842
252288000.0,814,-3389.28173828125,-0.000140694130095653
252288000.0,815,-3393.73193359375,-0.000141145617817529
252288000.0,816,-3398.10888671875,-0.000141588752740063
252288000.0,817,-3402.41381835938,-0.000142025572131388
252288000.0,818,-3406.64794921875,-0.000142454853630625
252288000.0,819,-3410.8125,-0.00014287669910118
252288000.0,820,-3414.90844726562,-0.000143292942084372
252288000.0,821,-3418.93701171875,-0.000143700104672462
252288000.0,822,-3422.89916992188,-0.000144101897603832
252288000.0,823,-3426.79638671875,-0.000144497462315485
252288000.0,824,-3430.62939453125,-0.000144886027555913
252288000.0,825,-3434.39916992188,-0.00014526754966937
252288000.0,826,-3438.10717773438,-0.000145643731229939
252288000.0,827,-3441.75415039062,-0.000146013233461417
252288000.0,828,-3445.34106445312,-0.000146376580232754
252288000.0,829,-3448.86889648438,-0.000146734557347372
252288000.0,830,-3452.33862304688,-0.000147085593198426
252288000.0,831,-3455.75146484375,-0.000147431681398302
252288000.0,832,-3459.10815429688,-0.000147772254422307
252288000.0,833,-3462.40966796875,-0.000148107370478101
252288000.0,834,-3465.65673828125,-0.00014843640383333
252288000.0,835,-3468.85034179688,-0.000148759674630128
252288000.0,836,-3471.99145507812,-0.000149077823152766
252288000.0,837,-3475.0810546875,-0.000149391504237428
252288000.0,838,-3478.11962890625,-0.000149699219036847
252288000.0,839,-3481.10815429688,-0.000150002699228935
252288000.0,840,-3484.04760742188,-0.000150299980305135
252288000.0,841,-3486.93872070312,-0.000150593012222089
252288000.0,842,-3489.78247070312,-0.000150881503941491
252288000.0,843,-3492.5791015625,-0.000151164815179072
252288000.0,844,-3495.32983398438,-0.000151443557115272
252288000.0,845,-3498.03540039062,-0.000151717584230937
252288000.0,846,-3500.69653320312,-0.00015198728942778
252288000.0,847,-3503.31372070312,-0.000152252439875156
252288000.0,848,-3505.88793945312,-0.000152513719513081
252288000.0,849,-3508.41967773438,-0.000152770298882388
252288000.0,850,-3510.90991210938,-0.000153022308950312
252288000.0,851,-3513.35913085938,-0.000153270870214328
252288000.0,852,-3515.76806640625,-0.000153515444253571
252288000.0,853,-3518.13720703125,-0.00015375496877823
252288000.0,854,-3520.46752929688,-0.000153991248225793
252288000.0,855,-3522.75952148438,-0.00015422333672177
252288000.0,856,-3525.01391601562,-0.000154452325659804
252288000.0,857,-3527.23095703125,-0.000154676934471354
252288000.0,858,-3529.41162109375,-0.000154897817992605
252288000.0,859,-3531.55639648438,-0.000155115194502287
252288000.0,860,-3533.666015625,-0.000155328481923789
252288000.0,861,-3535.74096679688,-0.000155539339175448
252288000.0,862,-3537.78149414062,-0.000155746442032978
252288000.0,863,-3539.78857421875,-0.000155950037878938
252288000.0,864,-3541.7626953125,-0.000156149573740549
252288000.0,865,-3543.70434570312,-0.000156346635776572
252288000.0,866,-3545.61401367188,-0.000156540059833787
252288000.0,867,-3547.49243164062,-0.000156729845912196
252288000.0,868,-3549.33984375,-0.000156917521962896
252288000.0,869,-3551.15673828125,-0.000157101487275213
252288000.0,870,-3552.94384765625,-0.000157282789587043
252288000.0,871,-3554.70141601562,-0.000157460861373693
252288000.0,872,-3556.43017578125,-0.000157636488438584
252288000.0,873,-3558.13061523438,-0.000157808710355312
252288000.0,874,-3559.80297851562,-0.000157977701746859
252288000.0,875,-3561.44775390625,-0.000158144277520478
252288000.0,876,-3563.06567382812,-0.000158308481331915
252288000.0,877,-3564.65673828125,-0.000158469745656475
252288000.0,878,-3566.2216796875,-0.000158627939526923
252288000.0,879,-3567.76098632812,-0.000158784314407967
252288000.0,880,-3569.27490234375,-0.00015893806994427
252288000.0,881,-3570.76391601562,-0.000159088391228579
252288000.0,882,-3572.228515625,-0.00015923660248518
252288000.0,883,-3573.6689453125,-0.000159382267156616
252288000.0,884,-3575.08569335938,-0.000159525428898633
252288000.0,885,-3576.47900390625,-0.000159666524268687
252288000.0,886,-3577.849609375,-0.000159804621944204
252288000.0,887,-3579.19750976562,-0.000159939998411573
252288000.0,888,-3580.52319335938,-0.000160072959261015
252288000.0,889,-3581.8271484375,-0.000160204464918934
252288000.0,890,-3583.10986328125,-0.000160332056111656
252288000.0,891,-3584.37109375,-0.000160459690960124
252288000.0,892,-3585.61181640625,-0.0001605801662663
252288000.0,893,-3586.83203125,-0.00016070986748673
252288000.0,894,-3588.0322265625,-0.000160815237904899
252288000.0,895,-3589.21264648438,-0.000160972835146822
252288000.0,896,-3590.37377929688,-0.000161019241204485
252288000.0,897,-3591.515625,-0.000161326912348159
252288000.0,898,-3592.638671875,-0.00016107530973386
252288000.0,899,-3593.74340820312,-0.00016214998322539
252288000.0,900,-3594.82983398438,-0.000160286464961246
252288000.0,901,-3595.8984375,-0.000165471035870723
252288000.0,902,-3596.94946289062,-0.000154526060214266
252288000.0,903,-3597.98315429688,-0.000183139214641415
252288000.0,904,-3599.0,-0.000119628617540002
504576000.0,2,-3600.0,-0.000300932035315782
504576000.0,3,-4100.0,-0.0147977024316788
504576000.0,6,-2500.0,-5.03899318573531e-05
504576000.0,35,-3601.0,-0.00721259461715817
504576000.0,36,-3602.03662109375,-0.00543453637510538
504576000.0,37,-3603.11108398438,-0.00640159426257014
504576000.0,38,-3604.22485351562,-0.00608527101576328
504576000.0,39,-3605.37939453125,-0.00633570598438382
504576000.0,40,-3606.57592773438,-0.00625652447342873
504576000.0,41,-3607.81640625,-0.00635429983958602
504576000.0,42,-3609.10229492188,-0.00633571343496442
504576000.0,43,-3610.43505859375,-0.0063902516849339
504576000.0,44,-3611.81665039062,-0.00639360910281539
504576000.0,45,-3613.24877929688,-0.00643367087468505
504576000.0,46,-3614.7333984375,-0.00644753640517592
504576000.0,47,-3616.27221679688,-0.00648254482075572
504576000.0,48,-3617.8671875,-0.00650295661762357
504576000.0,49,-3619.5205078125,-0.00653687585145235
504576000.0,50,-3621.234375,-0.00656210025772452
504576000.0,51,-3623.0107421875,-0.00659647583961487
504576000.0,52,-3624.85229492188,-0.00662567419931293
504576000.0,53,-3626.76098632812,-0.00666161673143506
504576000.0,54,-3628.73974609375,-0.00669443374499679
504576000.0,55,-3630.79052734375,-0.0067325672134757
504576000.0,56,-3632.91650390625,-0.00676890602335334
504576000.0,57,-3635.1201171875,-0.00680972961708903
504576000.0,58,-3637.40454101562,-0.00684976065531373
504576000.0,59,-3639.77221679688,-0.00689360871911049
504576000.0,60,-3642.2265625,-0.00693764537572861
504576000.0,61,-3644.77075195312,-0.00698495376855135
504576000.0,62,-3647.40795898438,-0.00703290523961186
504576000.0,63,-3650.1416015625,-0.00708423228934407
504576000.0,64,-3652.97509765625,-0.00713674211874604
504576000.0,65,-3655.91235351562,-0.00719231180846691
504576000.0,66,-3658.95678710938,-0.00724965613335371
504576000.0,67,-3662.11279296875,-0.0073103029280901
504576000.0,68,-3665.38403320312,-0.00737297348678112
504576000.0,69,-3668.77514648438,-0.00743897492066026
504576000.0,70,-3672.2900390625,-0.00750752445310354
504576000.0,71,-3675.93359375,-0.00757958646863699
504576000.0,72,-3679.71020507812,-0.00765455421060324
504576000.0,73,-3683.625,-0.0077334325760603
504576000.0,74,-3687.68310546875,-0.00781556218862534
504576000.0,75,-3691.88940429688,-0.00790186785161495
504576000.0,76,-3696.24951171875,-0.00799195002764463
504576000.0,77,-3700.76928710938,-0.00808650813996792
504576000.0,78,-3705.4541015625,-0.00818554870784283
504576000.0,79,-3710.31030273438,-0.00828950945287943
504576000.0,80,-3715.34423828125,-0.00839830748736858
504576000.0,81,-3720.56201171875,-0.00851249042898417
504576000.0,82,-3725.970703125,-0.00863221473991871
504576000.0,83,-3731.5771484375,-0.00875825528055429
504576000.0,84,-3737.388671875,-0.00889060739427805
504576000.0,85,-3743.41259765625,-0.00902952998876572
504576000.0,86,-3749.65698242188,-0.00917563680559397
504576000.0,87,-3756.12939453125,-0.0093294745311141
504576000.0,88,-3762.8388671875,-0.00949118565768003
504576000.0,89,-3769.79345703125,-0.00966169964522123
504576000.0,90,-3777.00244140625,-0.00984137132763863
504576000.0,91,-3784.47509765625,-0.0100306682288647
504576000.0,92,-3792.220703125,-0.0102304145693779
504576000.0,93,-3800.25,-0.0104412874206901
504576000.0,94,-3808.57250976562,-0.0106641482561827
504576000.0,95,-3817.19970703125,-0.0108991274610162
504576000.0,96,-3826.14208984375,-0.0111485021188855
504576000.0,97,-3835.41162109375,-0.0114114414900541
504576000.0,98,-3845.02001953125,-0.0116920499131083
504576000.0,99,-3854.97998046875,-0.0119823822751641
504576000.0,100,-3864.58837890625,-0.0122758504003286
504576000.0,101,-3873.85791015625,-0.0125620318576694
504576000.0,102,-3882.80029296875,-0.0128456419333816
504576000.0,103,-3891.42749023438,-0.0131229972466826
504576000.0,104,-3899.75,-0.0133981164544821
504576000.0,105,-3907.779296875,-0.0136648379266262
504576000.0,106,-3915.52490234375,-0.0139313321560621
504576000.0,107,-3922.99755859375,-0.0141869066283107
504576000.0,108,-3930.20654296875,-0.0144413998350501
504576000.0,109,-3937.1611328125,-0.014705010689795
504576000.0,110,-3943.87060546875,-0.014737643301487
504576000.0,111,-3950.34301757812,-0.0147413546219468
504576000.0,112,-3956.58740234375,-0.0147551810368896
504576000.0,113,-3962.611328125,-0.0147557696327567
504576000.0,114,-3968.4228515625,-0.0147637249901891
504576000.0,115,-3974.029296875,-0.0147642763331532
504576000.0,116,-3979.43798828125,-0.0147693166509271
504576000.0,117,-3984.65576171875,-0.0147700496017933
504576000.0,118,-3989.68969726562,-0.0147735942155123
504576000.0,119,-3994.5458984375,-0.0147743076086044
504576000.0,120,-3999.23071289062,-0.0147769208997488
504576000.0,121,-4003.75048828125,-0.0147776464000344
504576000.0,122,-4008.11059570312,-0.0147796217352152
504576000.0,123,-4012.31689453125,-0.0147803258150816
504576000.0,124,-4016.375,-0.0147818503901362
504576000.0,125,-4020.28979492188,-0.0147826094180346
504576000.0,126,-4024.06640625,-0.0147837540134788
504576000.0,127,-4027.7099609375,-0.0147844972088933
504576000.0,128,-4031.22485351562,-0.0147854443639517
504576000.0,129,-4034.61596679688,-0.014786128886044
504576000.0,130,-4037.88720703125,-0.0147870713844895
504576000.0,131,-4041.04321289062,-0.0147875305265188
504576000.0,132,-4044.08764648438,-0.014788287691772
504576000.0,133,-4047.02490234375,-0.0147888595238328
504576000.0,134,-4049.8583984375,-0.0147894434630871
504576000.0,135,-4052.59204101562,-0.014789829030633
504576000.0,136,-4055.22924804688,-0.01479063462466
504576000.0,137,-4057.7734375,-0.0147907910868526
504576000.0,138,-4060.22778320312,-0.0147915482521057
504576000.0,139,-4062.59545898438,-0.0147916385903955
504576000.0,140,-4064.8798828125,-0.01479238178581
504576000.0,141,-4067.08349609375,-0.0147925969213247
504576000.0,142,-4069.20947265625,-0.0147930961102247
504576000.0,143,-4071.26025390625,-0.0147932199761271
504576000.0,144,-4073.23901367188,-0.0147937731817365
504576000.0,145,-4075.14770507812,-0.0147939659655094
504576000.0,146,-4076.9892578125,-0.0147944279015064
504576000.0,147,-4078.765625,-0.0147947827354074
504576000.0,148,-4080.4794921875,-0.0147947845980525
504576000.0,149,-4082.1328125,-0.0147953135892749
504576000.0,150,-4083.72778320312,-0.0147953359410167
504576000.0,151,-4085.2666015625,-0.0147957755252719
504576000.0,152,-4086.75122070312,-0.0147958640009165
504576000.0,153,-4088.18334960938,-0.0147959673777223
504576000.0,154,-4089.56494140625,-0.0147965392097831
504576000.0,155,-4090.89770507812,-0.014796587638557
504576000.0,156,-4092.18359375,-0.0147966230288148
504576000.0,157,-4093.42407226562,-0.0147970290854573
504576000.0,158,-4094.62060546875,-0.0147971780970693
504576000.0,159,-4095.77514648438,-0.0147973410785198
504576000.0,160,-4096.88916015625,-0.0147976465523243
504576000.0,161,-4097.96337890625,-0.0147972200065851
504576000.0,162,-4099.0,-0.0147974407300353
504576000.0,626,-2501.0,-5.04626987094525e-05
504576000.0,627,-2502.01684570312,-5.05788520968053e-05
504576000.0,628,-2503.05053710938,-5.06779724673834e-05
504576000.0,629,-2504.1015625,-5.07868935528677e-05
504576000.0,630,-2505.17016601562,-5.08951270603575e-05
504576000.0,631,-2506.25659179688,-5.10049212607555e-05
504576000.0,632,-2507.361328125,-5.11169346282259e-05
504576000.0,633,-2508.484375,-5.1231290854048e-05
504576000.0,634,-2509.62622070312,-5.13471750309691e-05
504576000.0,635,-2510.78735351562,-5.14650673721917e-05
504576000.0,636,-2511.9677734375,-5.15848150826059e-05
504576000.0,637,-2513.16796875,-5.17065709573217e-05
504576000.0,638,-2514.38818359375,-5.18303240824025e-05
504576000.0,639,-2515.62890625,-5.1956270908704e-05
504576000.0,640,-2516.89013671875,-5.20841604156885e-05
504576000.0,641,-2518.1728515625,-5.22147674928419e-05
504576000.0,642,-2519.47680664062,-5.23466660524718e-05
504576000.0,643,-2520.80249023438,-5.24811475770548e-05
504576000.0,644,-2522.150390625,-5.2618415793404e-05
504576000.0,645,-2523.52099609375,-5.2757026423933e-05
504576000.0,646,-2524.91430664062,-5.28989985468797e-05
504576000.0,647,-2526.3310546875,-5.30426477780566e-05
504576000.0,648,-2527.771484375,-5.31888035766315e-05
504576000.0,649,-2529.23608398438,-5.33373895450495e-05
504576000.0,650,-2530.72509765625,-5.34880564373452e-05
504576000.0,651,-2532.23901367188,-5.36420993739739e-05
504576000.0,652,-2533.7783203125,-5.3798736189492e-05
504576000.0,653,-2535.34326171875,-5.39571883564349e-05
504576000.0,654,-2536.93432617188,-5.41186891496181e-05
504576000.0,655,-2538.55224609375,-5.42831294296775e-05
504576000.0,656,-2540.19702148438,-5.44499380339403e-05
504576000.0,657,-2541.86938476562,-5.46191513421945e-05
504576000.0,658,-2543.56982421875,-5.47916351933964e-05
504576000.0,659,-2545.29858398438,-5.49674296053126e-05
504576000.0,660,-2547.05615234375,-5.51458579138853e-05
504576000.0,661,-2548.84326171875,-5.53271602257155e-05
504576000.0,662,-2550.66015625,-5.55118422198575e-05
504576000.0,663,-2552.50756835938,-5.56988306925632e-05
504576000.0,664,-2554.38598632812,-5.58888968953397e-05
504576000.0,665,-2556.29565429688,-5.60834305360913e-05
504576000.0,666,-2558.2373046875,-5.62803616048768e-05
504576000.0,667,-2560.21142578125,-5.64802685403265e-05
504576000.0,668,-2562.21850585938,-5.66842318221461e-05
504576000.0,669,-2564.25903320312,-5.68912037124392e-05
504576000.0,670,-2566.333984375,-5.71013843000401e-05
504576000.0,671,-2568.44360351562,-5.73158722545486e-05
504576000.0,672,-2570.58837890625,-5.75339654460549e-05
504576000.0,673,-2572.76904296875,-5.77548853470944e-05
504576000.0,674,-2574.98608398438,-5.79799379920587e-05
504576000.0,675,-2577.24047851562,-5.82090615353081e-05
504576000.0,676,-2579.53247070312,-5.84416193305515e-05
504576000.0,677,-2581.86279296875,-5.86778915021569e-05
504576000.0,678,-2584.23193359375,-5.89182636758778e-05
504576000.0,679,-2586.64086914062,-5.91620846535079e-05
504576000.0,680,-2589.09008789062,-5.94111152167898e-05
504576000.0,681,-2591.58032226562,-5.96640820731409e-05
504576000.0,682,-2594.11206054688,-5.99209961364977e-05
504576000.0,683,-2596.68627929688,-6.01818865106907e-05
504576000.0,684,-2599.30346679688,-6.04472261329647e-05
504576000.0,685,-2601.96459960938,-6.07182519161142e-05
504576000.0,686,-2604.67016601562,-6.099206439103e-05
504576000.0,687,-2607.4208984375,-6.12714138696902e-05
504576000.0,688,-2610.21752929688,-6.15548924542964e-05
504576000.0,689,-2613.06127929688,-6.18438061792403e-05
504576000.0,690,-2615.95239257812,-6.21371291344985e-05
504576000.0,691,-2618.89184570312,-6.24347667326219e-05
504576000.0,692,-2621.88037109375,-6.27385888947174e-05
504576000.0,693,-2624.9189453125,-6.30466238362715e-05
504576000.0,694,-2628.00854492188,-6.33606905466877e-05
504576000.0,695,-2631.14965820312,-6.36791155557148e-05
504576000.0,696,-2634.34326171875,-6.40028665657155e-05
504576000.0,697,-2637.59033203125,-6.43320236122236e-05
504576000.0,698,-2640.89184570312,-6.46679327473976e-05
504576000.0,699,-2644.24853515625,-6.50080692139454e-05
504576000.0,700,-2647.66137695312,-6.53542301733978e-05
504576000.0,701,-2651.13110351562,-6.57071359455585e-05
504576000.0,702,-2654.65893554688,-6.60639634588733e-05
504576000.0,703,-2658.24584960938,-6.64280378259718e-05
504576000.0,704,-2661.89282226562,-6.67986168991774e-05
504576000.0,705,-2665.60083007812,-6.71749148750678e-05
504576000.0,706,-2669.37060546875,-6.75567571306601e-05
504576000.0,707,-2673.20361328125,-6.79461008985527e-05
504576000.0,708,-2677.10083007812,-6.83411781210452e-05
504576000.0,709,-2681.06298828125,-6.87432548147626e-05
504576000.0,710,-2685.09155273438,-6.91519308020361e-05
504576000.0,711,-2689.1875,-6.95677736075595e-05
504576000.0,712,-2693.35205078125,-6.99907759553753e-05
504576000.0,713,-2697.58618164062,-7.04194681020454e-05
504576000.0,714,-2701.89111328125,-7.08564912201837e-05
504576000.0,715,-2706.26806640625,-7.13014815119095e-05
504576000.0,716,-2710.71826171875,-7.17518778401427e-05
504576000.0,717,-2715.24267578125,-7.22114709788002e-05
504576000.0,718,-2719.84301757812,-7.2678412834648e-05
504576000.0,719,-2724.52026367188,-7.31525142327882e-05
504576000.0,720,-2729.27563476562,-7.36353467800654e-05
504576000.0,721,-2734.11059570312,-7.4126073741354e-05
504576000.0,722,-2739.02661132812,-7.46244622860104e-05
504576000.0,723,-2744.02465820312,-7.51312036300078e-05
504576000.0,724,-2749.1064453125,-7.5647680205293e-05
504576000.0,725,-2754.27294921875,-7.61710180086084e-05
504576000.0,726,-2759.52612304688,-7.67041638027877e-05
504576000.0,727,-2764.8671875,-7.72460698499344e-05
504576000.0,728,-2770.29736328125,-7.77973182266578e-05
504576000.0,729,-2775.81860351562,-7.83569921622984e-05
504576000.0,730,-2781.43212890625,-7.89261321187951e-05
504576000.0,731,-2787.13940429688,-7.95061278040521e-05
504576000.0,732,-2792.9423828125,-8.00938942120411e-05
504576000.0,733,-2798.84228515625,-8.06930474936962e-05
504576000.0,734,-2804.8408203125,-8.13012084108777e-05
504576000.0,735,-2810.93969726562,-8.19197739474475e-05
504576000.0,736,-2817.14086914062,-8.25493116280995e-05
504576000.0,737,-2823.4453125,-8.31883517093956e-05
504576000.0,738,-2829.85546875,-8.38392734294757e-05
504576000.0,739,-2836.37280273438,-8.44994647195563e-05
504576000.0,740,-2842.99926757812,-8.51722725201398e-05
504576000.0,741,-2849.73657226562,-8.58557250467129e-05
504576000.0,742,-2856.58642578125,-8.65506372065283e-05
504576000.0,743,-2863.55078125,-8.72568198246881e-05
504576000.0,744,-2870.6318359375,-8.79753570188768e-05
504576000.0,745,-2877.8310546875,-8.87054920895025e-05
504576000.0,746,-2885.15087890625,-8.94476397661492e-05
504576000.0,747,-2892.59326171875,-9.02032115845941e-05
504576000.0,748,-2900.15991210938,-9.09701120690443e-05
504576000.0,749,-2907.85327148438,-9.17515717446804e-05
504576000.0,750,-2915.67529296875,-9.25439017009921e-05
504576000.0,751,-2923.6279296875,-9.33505070861429e-05
504576000.0,752,-2931.7138671875,-9.41706966841593e-05
504576000.0,753,-2939.93505859375,-9.50043904595077e-05
504576000.0,754,-2948.29345703125,-9.58524833549745e-05
504576000.0,755,-2956.7919921875,-9.67146406765096e-05
504576000.0,756,-2965.4326171875,-9.75909424596466e-05
504576000.0,757,-2974.21752929688,-9.84815851552412e-05
504576000.0,758,-2983.14965820312,-9.93878420558758e-05
504576000.0,759,-2992.23095703125,-0.000100308527180459
504576000.0,760,-3001.46435546875,-0.000101245299447328
504576000.0,761,-3010.85229492188,-0.000102197511296254
504576000.0,762,-3020.39697265625,-0.000103165191831067
504576000.0,763,-3030.10131835938,-0.000104149163234979
504576000.0,764,-3039.96826171875,-0.000105151360912714
504576000.0,765,-3050.0,-0.000106166771729477
504576000.0,766,-3060.03173828125,-0.000107183121144772
504576000.0,767,-3069.89868164062,-0.000108184052805882
504576000.0,768,-3079.60302734375,-0.000109168111521285
504576000.0,769,-3089.14770507812,-0.000110136585135479
504576000.0,770,-3098.53564453125,-0.000111088207631838
504576000.0,771,-3107.76904296875,-0.000112025096314028
504576000.0,772,-3116.85034179688,-0.000112945548607968
504576000.0,773,-3125.78247070312,-0.000113851579953916
504576000.0,774,-3134.5673828125,-0.000114742244477384
504576000.0,775,-3143.2080078125,-0.000115617935080081
504576000.0,776,-3151.70654296875,-0.000116480601718649
504576000.0,777,-3160.06494140625,-0.000117327181214932
504576000.0,778,-3168.2861328125,-0.000118161144200712
504576000.0,779,-3176.3720703125,-0.000118981122795958
504576000.0,780,-3184.32470703125,-0.000119786825962365
504576000.0,781,-3192.14672851562,-0.000120580261864234
504576000.0,782,-3199.84008789062,-0.000121360601042397
504576000.0,783,-3207.40673828125,-0.000122127690701745
504576000.0,784,-3214.84912109375,-0.000122882629511878
504576000.0,785,-3222.1689453125,-0.000123624660773203
504576000.0,786,-3229.3681640625,-0.000124354322906584
504576000.0,787,-3236.44921875,-0.000125072605442256
504576000.0,788,-3243.41357421875,-0.000125778373330832
504576000.0,789,-3250.26342773438,-0.000126472979900427
504576000.0,790,-3257.00073242188,-0.000127156032249331
504576000.0,791,-3263.62719726562,-0.00012782849080395
504576000.0,792,-3270.14453125,-0.000128488303744234
504576000.0,793,-3276.5546875,-0.000129138847114518
504576000.0,794,-3282.85913085938,-0.000129777501570061
504576000.0,795,-3289.06030273438,-0.000130406653624959
504576000.0,796,-3295.1591796875,-0.00013102481898386
504576000.0,797,-3301.15771484375,-0.000131632594275288
504576000.0,798,-3307.0576171875,-0.000132231347379275
504576000.0,799,-3312.86059570312,-0.000132818720885552
504576000.0,800,-3318.56787109375,-0.000133398323669098
504576000.0,801,-3324.18139648438,-0.000133967056171969
504576000.0,802,-3329.70263671875,-0.00013452632992994
504576000.0,803,-3335.1328125,-0.00013507716357708
504576000.0,804,-3340.47387695312,-0.000135618669446558
504576000.0,805,-3345.72705078125,-0.000136151400511153
504576000.0,806,-3350.8935546875,-0.000136674352688715
504576000.0,807,-3355.97534179688,-0.000137190378154628
504576000.0,808,-3360.97338867188,-0.00013769677025266
504576000.0,809,-3365.88940429688,-0.000138194664032198
504576000.0,810,-3370.72436523438,-0.000138685121783055
504576000.0,811,-3375.47973632812,-0.000139167299494147
504576000.0,812,-3380.15698242188,-0.000139641444548033
504576000.0,813,-3384.75732421875,-0.000140107178594917
504576000.0,814,-3389.28173828125,-0.000140566073241644
504576000.0,815,-3393.73193359375,-0.000141017560963519
504576000.0,816,-3398.10888671875,-0.000141460695886053
504576000.0,817,-3402.41381835938,-0.000141897515277378
504576000.0,818,-3406.64794921875,-0.0001423267822247
504576000.0,819,-3410.8125,-0.00014274864224717
504576000.0,820,-3414.90844726562,-0.000143164885230362
504576000.0,821,-3418.93701171875,-0.000143572047818452
504576000.0,822,-3422.89916992188,-0.000143973840749823
504576000.0,823,-3426.79638671875,-0.000144369405461475
504576000.0,824,-3430.62939453125,-0.000144757970701903
504576000.0,825,-3434.39916992188,-0.00014513949281536
504576000.0,826,-3438.10717773438,-0.000145515674375929
504576000.0,827,-3441.75415039062,-0.000145885176607408
504576000.0,828,-3445.34106445312,-0.000146248523378745
504576000.0,829,-3448.86889648438,-0.000146606500493363
504576000.0,830,-3452.33862304688,-0.000146957536344416
504576000.0,831,-3455.75146484375,-0.000147303624544293
504576000.0,832,-3459.10815429688,-0.000147644197568297
504576000.0,833,-3462.40966796875,-0.000147979313624091
504576000.0,834,-3465.65673828125,-0.000148308361531235
504576000.0,835,-3468.85034179688,-0.000148631617776118
504576000.0,836,-3471.99145507812,-0.000148949780850671
504576000.0,837,-3475.0810546875,-0.000149263447383419
504576000.0,838,-3478.11962890625,-0.000149571162182838
504576000.0,839,-3481.10815429688,-0.000149874642374925
504576000.0,840,-3484.04760742188,-0.000150171923451126
504576000.0,841,-3486.93872070312,-0.000150464955368079
504576000.0,842,-3489.78247070312,-0.000150753461639397
504576000.0,843,-3492.5791015625,-0.000151036772876978
504576000.0,844,-3495.32983398438,-0.000151315514813177
504576000.0,845,-3498.03540039062,-0.000151589541928843
504576000.0,846,-3500.69653320312,-0.000151859247125685
504576000.0,847,-3503.31372070312,-0.000152124383021146
504576000.0,848,-3505.88793945312,-0.000152385677210987
504576000.0,849,-3508.41967773438,-0.000152642256580293
504576000.0,850,-3510.90991210938,-0.000152894266648218
504576000.0,851,-3513.35913085938,-0.000153142827912234
504576000.0,852,-3515.76806640625,-0.000153387387399562
504576000.0,853,-3518.13720703125,-0.000153626926476136
504576000.0,854,-3520.46752929688,-0.000153863205923699
504576000.0,855,-3522.75952148438,-0.000154095294419676
504576000.0,856,-3525.01391601562,-0.00015432428335771
504576000.0,857,-3527.23095703125,-0.000154548892169259
504576000.0,858,-3529.41162109375,-0.000154769790242426
504576000.0,859,-3531.55639648438,-0.000154987152200192
504576000.0,860,-3533.666015625,-0.000155200439621694
504576000.0,861,-3535.74096679688,-0.000155411296873353
504576000.0,862,-3537.78149414062,-0.000155618399730884
504576000.0,863,-3539.78857421875,-0.000155821995576844
504576000.0,864,-3541.7626953125,-0.000156021531438455
504576000.0,865,-3543.70434570312,-0.000156218608026393
504576000.0,866,-3545.61401367188,-0.000156412017531693
504576000.0,867,-3547.49243164062,-0.000156601803610101
504576000.0,868,-3549.33984375,-0.000156789479660802
504576000.0,869,-3551.15673828125,-0.000156973459525034
504576000.0,870,-3552.94384765625,-0.000157154761836864
504576000.0,871,-3554.70141601562,-0.000157332833623514
504576000.0,872,-3556.43017578125,-0.00015750844613649
504576000.0,873,-3558.13061523438,-0.000157680668053217
504576000.0,874,-3559.80297851562,-0.000157849659444764
504576000.0,875,-3561.44775390625,-0.000158016235218383
504576000.0,876,-3563.06567382812,-0.00015818043902982
504576000.0,877,-3564.65673828125,-0.000158341688802466
504576000.0,878,-3566.2216796875,-0.000158499882672913
504576000.0,879,-3567.76098632812,-0.000158656228450127
504576000.0,880,-3569.27490234375,-0.000158809954882599
504576000.0,881,-3570.76391601562,-0.000158960247063078
504576000.0,882,-3572.228515625,-0.000159108414663933
504576000.0,883,-3573.6689453125,-0.000159254006575793
504576000.0,884,-3575.08569335938,-0.000159397066454403
504576000.0,885,-3576.47900390625,-0.000159538045409136
504576000.0,886,-3577.849609375,-0.000159675983013585
504576000.0,887,-3579.19750976562,-0.000159811184857972
504576000.0,888,-3580.52319335938,-0.0001599439419806
504576000.0,889,-3581.8271484375,-0.000160075243911706
504576000.0,890,-3583.10986328125,-0.000160202733241022
504576000.0,891,-3584.37109375,-0.000160330382641405
504576000.0,892,-3585.61181640625,-0.00016045144002419
504576000.0,893,-3586.83203125,-0.000160582014359534
504576000.0,894,-3588.0322265625,-0.000160690469783731
504576000.0,895,-3589.21264648438,-0.000160851195687428
504576000.0,896,-3590.37377929688,-0.000160909155965783
504576000.0,897,-3591.515625,-0.000161223637405783
504576000.0,898,-3592.638671875,-0.000161014046170749
504576000.0,899,-3593.74340820312,-0.000162090625963174
504576000.0,900,-3594.82983398438,-0.000160396171850152
504576000.0,901,-3595.8984375,-0.000165487814228982
504576000.0,902,-3596.94946289062,-0.000155341083882377
504576000.0,903,-3597.98315429688,-0.000183173760888167
504576000.0,904,-3599.0,-0.000124140526168048
946080000.0,2,-3600.0,-0.000298293511150405
946080000.0,3,-4100.0,-0.0148114357143641
946080000.0,6,-2500.0,-5.02907023474108e-05
946080000.0,35,-3601.0,-0.0111837489530444
946080000.0,36,-3602.03662109375,-0.00847721472382545
946080000.0,37,-3603.11108398438,-0.0100082997232676
946080000.0,38,-3604.22485351562,-0.00953858811408281
946080000.0,39,-3605.37939453125,-0.0099410954862833
946080000.0,40,-3606.57592773438,-0.00983276031911373
946080000.0,41,-3607.81640625,-0.0099903205409646
946080000.0,42,-3609.10229492188,-0.00996895786374807
946080000.0,43,-3610.43505859375,-0.0100557347759604
946080000.0,44,-3611.81665039062,-0.0100648468360305
946080000.0,45,-3613.24877929688,-0.0101280119270086
946080000.0,46,-3614.7333984375,-0.0101519403979182
946080000.0,47,-3616.27221679688,-0.0102071315050125
946080000.0,48,-3617.8671875,-0.0102407019585371
946080000.0,49,-3619.5205078125,-0.010294440202415
946080000.0,50,-3621.234375,-0.0103353662416339
946080000.0,51,-3623.0107421875,-0.0103901103138924
946080000.0,52,-3624.85229492188,-0.0104372426867485
946080000.0,53,-3626.76098632812,-0.0104947090148926
946080000.0,54,-3628.73974609375,-0.0105475457385182
946080000.0,55,-3630.79052734375,-0.0106086619198322
946080000.0,56,-3632.91650390625,-0.0106670735403895
946080000.0,57,-3635.1201171875,-0.0107325902208686
946080000.0,58,-3637.40454101562,-0.0107968728989363
946080000.0,59,-3639.77221679688,-0.0108672957867384
946080000.0,60,-3642.2265625,-0.0109379664063454
946080000.0,61,-3644.77075195312,-0.0110139790922403
946080000.0,62,-3647.40795898438,-0.0110908998176455
946080000.0,63,-3650.1416015625,-0.0111733805388212
946080000.0,64,-3652.97509765625,-0.0112576028332114
946080000.0,65,-3655.91235351562,-0.0113469073548913
946080000.0,66,-3658.95678710938,-0.0114388689398766
946080000.0,67,-3662.11279296875,-0.0115363216027617
946080000.0,68,-3665.38403320312,-0.0116368262097239
946080000.0,69,-3668.77514648438,-0.0117428693920374
946080000.0,70,-3672.2900390625,-0.0118528073653579
946080000.0,71,-3675.93359375,-0.0119685642421246
946080000.0,72,-3679.71020507812,-0.0120888026431203
946080000.0,73,-3683.625,-0.0122154597193003
946080000.0,74,-3687.68310546875,-0.0123472111299634
946080000.0,75,-3691.88940429688,-0.0124857192859054
946080000.0,76,-3696.24951171875,-0.0126302922144532
946080000.0,77,-3700.76928710938,-0.0127818947657943
946080000.0,78,-3705.4541015625,-0.0129409935325384
946080000.0,79,-3710.31030273438,-0.0131073724478483
946080000.0,80,-3715.34423828125,-0.0132825626060367
946080000.0,81,-3720.56201171875,-0.0134644471108913
946080000.0,82,-3725.970703125,-0.0136586874723434
946080000.0,83,-3731.5771484375,-0.0138564566150308
946080000.0,84,-3737.388671875,-0.0140772862359881
946080000.0,85,-3743.41259765625,-0.014282189309597
946080000.0,86,-3749.65698242188,-0.0145549234002829
946080000.0,87,-3756.12939453125,-0.0147250648587942
946080000.0,88,-3762.8388671875,-0.0147339608520269
946080000.0,89,-3769.79345703125,-0.0147506464272738
946080000.0,90,-3777.00244140625,-0.014752191491425
946080000.0,91,-3784.47509765625,-0.0147617012262344
946080000.0,92,-3792.220703125,-0.014762188307941
946080000.0,93,-3800.25,-0.0147688770666718
946080000.0,94,-3808.57250976562,-0.0147691639140248
946080000.0,95,-3817.19970703125,-0.0147744119167328
946080000.0,96,-3826.14208984375,-0.0147745255380869
946080000.0,97,-3835.41162109375,-0.0147790284827352
946080000.0,98,-3845.02001953125,-0.0147788338363171
946080000.0,99,-3854.97998046875,-0.0147822285071015
946080000.0,100,-3864.58837890625,-0.0147834522649646
946080000.0,101,-3873.85791015625,-0.0147857144474983
946080000.0,102,-3882.80029296875,-0.0147865135222673
946080000.0,103,-3891.42749023438,-0.0147884823381901
946080000.0,104,-3899.75,-0.0147891482338309
946080000.0,105,-3907.779296875,-0.014790803194046
946080000.0,106,-3915.52490234375,-0.0147914327681065
946080000.0,107,-3922.99755859375,-0.0147927990183234
946080000.0,108,-3930.20654296875,-0.0147934025153518
946080000.0,109,-3937.1611328125,-0.0147945703938603
946080000.0,110,-3943.87060546875,-0.0147951664403081
946080000.0,111,-3950.34301757812,-0.0147961499169469
946080000.0,112,-3956.58740234375,-0.0147966938093305
946080000.0,113,-3962.611328125,-0.0147976037114859
946080000.0,114,-3968.4228515625,-0.0147980535402894
946080000.0,115,-3974.029296875,-0.0147989317774773
946080000.0,116,-3979.43798828125,-0.0147992912679911
946080000.0,117,-3984.65576171875,-0.0148000931367278
946080000.0,118,-3989.68969726562,-0.0148004805669188
946080000.0,119,-3994.5458984375,-0.0148011296987534
946080000.0,120,-3999.23071289062,-0.0148015776649117
946080000.0,121,-4003.75048828125,-0.0148021075874567
946080000.0,122,-4008.11059570312,-0.0148025499656796
946080000.0,123,-4012.31689453125,-0.0148029858246446
946080000.0,124,-4016.375,-0.0148034198209643
946080000.0,125,-4020.28979492188,-0.0148038435727358
946080000.0,126,-4024.06640625,-0.0148041835054755
946080000.0,127,-4027.7099609375,-0.0148045774549246
946080000.0,128,-4031.22485351562,-0.0148049360141158
946080000.0,129,-4034.61596679688,-0.0148053001612425
946080000.0,130,-4037.88720703125,-0.0148057248443365
946080000.0,131,-4041.04321289062,-0.0148059464991093
946080000.0,132,-4044.08764648438,-0.0148062510415912
946080000.0,133,-4047.02490234375,-0.014806623570621
946080000.0,134,-4049.8583984375,-0.014806822873652
946080000.0,135,-4052.59204101562,-0.0148070221766829
946080000.0,136,-4055.22924804688,-0.0148075157776475
946080000.0,137,-4057.7734375,-0.0148074785247445
946080000.0,138,-4060.22778320312,-0.0148079935461283
946080000.0,139,-4062.59545898438,-0.0148078966885805
946080000.0,140,-4064.8798828125,-0.0148084498941898
946080000.0,141,-4067.08349609375,-0.0148084778338671
946080000.0,142,-4069.20947265625,-0.0148088112473488
946080000.0,143,-4071.26025390625,-0.014808775857091
946080000.0,144,-4073.23901367188,-0.0148091819137335
946080000.0,145,-4075.14770507812,-0.0148092359304428
946080000.0,146,-4076.9892578125,-0.0148095581680536
946080000.0,147,-4078.765625,-0.0148097863420844
946080000.0,148,-4080.4794921875,-0.0148096727207303
946080000.0,149,-4082.1328125,-0.0148100908845663
946080000.0,150,-4083.72778320312,-0.0148100014775991
946080000.0,151,-4085.2666015625,-0.0148103423416615
946080000.0,152,-4086.75122070312,-0.0148103293031454
946080000.0,153,-4088.18334960938,-0.0148103581741452
946080000.0,154,-4089.56494140625,-0.01481082290411
946080000.0,155,-4090.89770507812,-0.0148107893764973
946080000.0,156,-4092.18359375,-0.0148107679560781
946080000.0,157,-4093.42407226562,-0.0148110762238503
946080000.0,158,-4094.62060546875,-0.0148111740127206
946080000.0,159,-4095.77514648438,-0.0148112373426557
946080000.0,160,-4096.88916015625,-0.0148115046322346
946080000.0,161,-4097.96337890625,-0.0148109877482057
946080000.0,162,-4099.0,-0.0148112112656236
946080000.0,626,-2501.0,-5.03634691995103e-05
946080000.0,627,-2502.01684570312,-5.04796225868631e-05
946080000.0,628,-2503.05053710938,-5.05787465954199e-05
946080000.0,629,-2504.1015625,-5.06876640429255e-05
946080000.0,630,-2505.17016601562,-5.07958975504152e-05
946080000.0,631,-2506.25659179688,-5.09056917508133e-05
946080000.0,632,-2507.361328125,-5.10177051182836e-05
946080000.0,633,-2508.484375,-5.11320613441058e-05
946080000.0,634,-2509.62622070312,-5.12479455210268e-05
946080000.0,635,-2510.78735351562,-5.13658415002283e-05
946080000.0,636,-2511.9677734375,-5.14855855726637e-05
946080000.0,637,-2513.16796875,-5.16073450853582e-05
946080000.0,638,-2514.38818359375,-5.17310982104391e-05
946080000.0,639,-2515.62890625,-5.18570450367406e-05
946080000.0,640,-2516.89013671875,-5.19849309057463e-05
946080000.0,641,-2518.1728515625,-5.21155416208785e-05
946080000.0,642,-2519.47680664062,-5.22474401805084e-05
946080000.0,643,-2520.80249023438,-5.23819217050914e-05
946080000.0,644,-2522.150390625,-5.25191899214406e-05
946080000.0,645,-2523.52099609375,-5.26578005519696e-05
946080000.0,646,-2524.91430664062,-5.27997726749163e-05
946080000.0,647,-2526.3310546875,-5.29434219060931e-05
946080000.0,648,-2527.771484375,-5.3089577704668e-05
946080000.0,649,-2529.23608398438,-5.32381636730861e-05
946080000.0,650,-2530.72509765625,-5.33888305653818e-05
946080000.0,651,-2532.23901367188,-5.35428735020105e-05
946080000.0,652,-2533.7783203125,-5.36995139555074e-05
946080000.0,653,-2535.34326171875,-5.38579624844715e-05
946080000.0,654,-2536.93432617188,-5.40194632776547e-05
946080000.0,655,-2538.55224609375,-5.41839035577141e-05
946080000.0,656,-2540.19702148438,-5.43507121619768e-05
946080000.0,657,-2541.86938476562,-5.45199291082099e-05
946080000.0,658,-2543.56982421875,-5.46924129594117e-05
946080000.0,659,-2545.29858398438,-5.4868207371328e-05
946080000.0,660,-2547.05615234375,-5.50466320419218e-05
946080000.0,661,-2548.84326171875,-5.52279379917309e-05
946080000.0,662,-2550.66015625,-5.54126199858729e-05
946080000.0,663,-2552.50756835938,-5.55996084585786e-05
946080000.0,664,-2554.38598632812,-5.57896746613551e-05
946080000.0,665,-2556.29565429688,-5.59842083021067e-05
946080000.0,666,-2558.2373046875,-5.61811393708922e-05
946080000.0,667,-2560.21142578125,-5.63810463063419e-05
946080000.0,668,-2562.21850585938,-5.65850095881615e-05
946080000.0,669,-2564.25903320312,-5.67919814784545e-05
946080000.0,670,-2566.333984375,-5.70021620660555e-05
946080000.0,671,-2568.44360351562,-5.7216650020564e-05
946080000.0,672,-2570.58837890625,-5.74347468500491e-05
946080000.0,673,-2572.76904296875,-5.76556667510886e-05
946080000.0,674,-2574.98608398438,-5.78807193960529e-05
946080000.0,675,-2577.24047851562,-5.81098393013235e-05
946080000.0,676,-2579.53247070312,-5.83424007345457e-05
946080000.0,677,-2581.86279296875,-5.8578672906151e-05
946080000.0,678,-2584.23193359375,-5.8819045079872e-05
946080000.0,679,-2586.64086914062,-5.90628660575021e-05
946080000.0,680,-2589.09008789062,-5.9311896620784e-05
946080000.0,681,-2591.58032226562,-5.95648634771351e-05
946080000.0,682,-2594.11206054688,-5.98217775404919e-05
946080000.0,683,-2596.68627929688,-6.00826679146849e-05
946080000.0,684,-2599.30346679688,-6.03480111749377e-05
946080000.0,685,-2601.96459960938,-6.06190369580872e-05
946080000.0,686,-2604.67016601562,-6.0892849433003e-05
946080000.0,687,-2607.4208984375,-6.11721989116631e-05
946080000.0,688,-2610.21752929688,-6.14556774962693e-05
946080000.0,689,-2613.06127929688,-6.17445912212133e-05
946080000.0,690,-2615.95239257812,-6.20379214524291e-05
946080000.0,691,-2618.89184570312,-6.23355517745949e-05
946080000.0,692,-2621.88037109375,-6.26393739366904e-05
946080000.0,693,-2624.9189453125,-6.29474161542021e-05
946080000.0,694,-2628.00854492188,-6.32614755886607e-05
946080000.0,695,-2631.14965820312,-6.35799078736454e-05
946080000.0,696,-2634.34326171875,-6.39036516076885e-05
946080000.0,697,-2637.59033203125,-6.42328086541966e-05
946080000.0,698,-2640.89184570312,-6.45687250653282e-05
946080000.0,699,-2644.24853515625,-6.4908861531876e-05
946080000.0,700,-2647.66137695312,-6.52550152153708e-05
946080000.0,701,-2651.13110351562,-6.56079282634892e-05
946080000.0,702,-2654.65893554688,-6.59647485008463e-05
946080000.0,703,-2658.24584960938,-6.63288301439025e-05
946080000.0,704,-2661.89282226562,-6.66994019411504e-05
946080000.0,705,-2665.60083007812,-6.70757071929984e-05
946080000.0,706,-2669.37060546875,-6.74575494485907e-05
946080000.0,707,-2673.20361328125,-6.78468932164833e-05
946080000.0,708,-2677.10083007812,-6.82419704389758e-05
946080000.0,709,-2681.06298828125,-6.86440544086508e-05
946080000.0,710,-2685.09155273438,-6.90527231199667e-05
946080000.0,711,-2689.1875,-6.94685659254901e-05
946080000.0,712,-2693.35205078125,-6.98915682733059e-05
946080000.0,713,-2697.58618164062,-7.0320260419976e-05
946080000.0,714,-2701.89111328125,-7.07572835381143e-05
946080000.0,715,-2706.26806640625,-7.12022738298401e-05
946080000.0,716,-2710.71826171875,-7.16526774340309e-05
946080000.0,717,-2715.24267578125,-7.21122705726884e-05
946080000.0,718,-2719.84301757812,-7.25792124285363e-05
946080000.0,719,-2724.52026367188,-7.30533138266765e-05
946080000.0,720,-2729.27563476562,-7.35361463739537e-05
946080000.0,721,-2734.11059570312,-7.40268733352423e-05
946080000.0,722,-2739.02661132812,-7.45252691558562e-05
946080000.0,723,-2744.02465820312,-7.50320104998536e-05
946080000.0,724,-2749.1064453125,-7.55484797991812e-05
946080000.0,725,-2754.27294921875,-7.60718248784542e-05
946080000.0,726,-2759.52612304688,-7.66049706726335e-05
946080000.0,727,-2764.8671875,-7.71468767197803e-05
946080000.0,728,-2770.29736328125,-7.76981250965036e-05
946080000.0,729,-2775.81860351562,-7.82577990321442e-05
946080000.0,730,-2781.43212890625,-7.88269389886409e-05
946080000.0,731,-2787.13940429688,-7.94069346738979e-05
946080000.0,732,-2792.9423828125,-7.99947010818869e-05
946080000.0,733,-2798.84228515625,-8.05938543635421e-05
946080000.0,734,-2804.8408203125,-8.12020225566812e-05
946080000.0,735,-2810.93969726562,-8.1820588093251e-05
946080000.0,736,-2817.14086914062,-8.24501184979454e-05
946080000.0,737,-2823.4453125,-8.30891658551991e-05
946080000.0,738,-2829.85546875,-8.37400802993216e-05
946080000.0,739,-2836.37280273438,-8.44002788653597e-05
946080000.0,740,-2842.99926757812,-8.50730866659433e-05
946080000.0,741,-2849.73657226562,-8.57565391925164e-05
946080000.0,742,-2856.58642578125,-8.64514513523318e-05
946080000.0,743,-2863.55078125,-8.71576339704916e-05
946080000.0,744,-2870.6318359375,-8.78761711646803e-05
946080000.0,745,-2877.8310546875,-8.86063135112636e-05
946080000.0,746,-2885.15087890625,-8.93484539119527e-05
946080000.0,747,-2892.59326171875,-9.01040330063552e-05
946080000.0,748,-2900.15991210938,-9.08709334908053e-05
946080000.0,749,-2907.85327148438,-9.16523931664415e-05
946080000.0,750,-2915.67529296875,-9.24447231227532e-05
946080000.0,751,-2923.6279296875,-9.32513357838616e-05
946080000.0,752,-2931.7138671875,-9.4071525381878e-05
946080000.0,753,-2939.93505859375,-9.49052118812688e-05
946080000.0,754,-2948.29345703125,-9.57533120526932e-05
946080000.0,755,-2956.7919921875,-9.66154693742283e-05
946080000.0,756,-2965.4326171875,-9.74917784333229e-05
946080000.0,757,-2974.21752929688,-9.83824138529599e-05
946080000.0,758,-2983.14965820312,-9.92886780295521e-05
946080000.0,759,-2992.23095703125,-0.000100209363154136
946080000.0,760,-3001.46435546875,-0.000101146135421004
946080000.0,761,-3010.85229492188,-0.00010209834726993
946080000.0,762,-3020.39697265625,-0.000103066027804743
946080000.0,763,-3030.10131835938,-0.000104049999208655
946080000.0,764,-3039.96826171875,-0.000105052204162348
946080000.0,765,-3050.0,-0.000106067614979111
946080000.0,766,-3060.03173828125,-0.000107083964394405
946080000.0,767,-3069.89868164062,-0.000108084896055516
946080000.0,768,-3079.60302734375,-0.000109068954770919
946080000.0,769,-3089.14770507812,-0.00011003743566107
946080000.0,770,-3098.53564453125,-0.000110989058157429
946080000.0,771,-3107.76904296875,-0.000111925939563662
946080000.0,772,-3116.85034179688,-0.000112846399133559
946080000.0,773,-3125.78247070312,-0.000113752430479508
946080000.0,774,-3134.5673828125,-0.000114643095002975
946080000.0,775,-3143.2080078125,-0.000115518785605673
946080000.0,776,-3151.70654296875,-0.000116381459520198
946080000.0,777,-3160.06494140625,-0.000117228031740524
946080000.0,778,-3168.2861328125,-0.000118062002002262
946080000.0,779,-3176.3720703125,-0.000118881980597507
946080000.0,780,-3184.32470703125,-0.000119687691039871
946080000.0,781,-3192.14672851562,-0.000120481119665783
946080000.0,782,-3199.84008789062,-0.000121261458843946
946080000.0,783,-3207.40673828125,-0.000122028548503295
946080000.0,784,-3214.84912109375,-0.000122783501865342
946080000.0,785,-3222.1689453125,-0.000123525518574752
946080000.0,786,-3229.3681640625,-0.000124255195260048
946080000.0,787,-3236.44921875,-0.000124973463243805
946080000.0,788,-3243.41357421875,-0.000125679245684296
946080000.0,789,-3250.26342773438,-0.000126373837701976
946080000.0,790,-3257.00073242188,-0.000127056904602796
946080000.0,791,-3263.62719726562,-0.000127729363157414
946080000.0,792,-3270.14453125,-0.000128389176097699
946080000.0,793,-3276.5546875,-0.000129039719467983
946080000.0,794,-3282.85913085938,-0.000129678373923525
946080000.0,795,-3289.06030273438,-0.000130307525978424
946080000.0,796,-3295.1591796875,-0.00013092570588924
946080000.0,797,-3301.15771484375,-0.000131533466628753
946080000.0,798,-3307.0576171875,-0.000132132234284654
946080000.0,799,-3312.86059570312,-0.000132719593239017
946080000.0,800,-3318.56787109375,-0.000133299196022563
946080000.0,801,-3324.18139648438,-0.000133867928525433
946080000.0,802,-3329.70263671875,-0.000134427202283405
946080000.0,803,-3335.1328125,-0.000134978035930544
946080000.0,804,-3340.47387695312,-0.000135519541800022
946080000.0,805,-3345.72705078125,-0.000136052272864617
946080000.0,806,-3350.8935546875,-0.000136575225042179
946080000.0,807,-3355.97534179688,-0.000137091265060008
946080000.0,808,-3360.97338867188,-0.000137597642606124
946080000.0,809,-3365.88940429688,-0.000138095550937578
946080000.0,810,-3370.72436523438,-0.000138586008688435
946080000.0,811,-3375.47973632812,-0.000139068186399527
946080000.0,812,-3380.15698242188,-0.000139542316901498
946080000.0,813,-3384.75732421875,-0.000140008065500297
946080000.0,814,-3389.28173828125,-0.000140466960147023
946080000.0,815,-3393.73193359375,-0.000140918447868899
946080000.0,816,-3398.10888671875,-0.000141361582791433
946080000.0,817,-3402.41381835938,-0.000141798402182758
946080000.0,818,-3406.64794921875,-0.000142227669130079
946080000.0,819,-3410.8125,-0.00014264952915255
946080000.0,820,-3414.90844726562,-0.000143065772135742
946080000.0,821,-3418.93701171875,-0.000143472934723832
946080000.0,822,-3422.89916992188,-0.000143874727655202
946080000.0,823,-3426.79638671875,-0.000144270292366855
946080000.0,824,-3430.62939453125,-0.000144658857607283
946080000.0,825,-3434.39916992188,-0.00014504037972074
946080000.0,826,-3438.10717773438,-0.000145416561281309
946080000.0,827,-3441.75415039062,-0.000145786063512787
946080000.0,828,-3445.34106445312,-0.000146149410284124
946080000.0,829,-3448.86889648438,-0.000146507401950657
946080000.0,830,-3452.33862304688,-0.000146858437801711
946080000.0,831,-3455.75146484375,-0.000147204511449672
946080000.0,832,-3459.10815429688,-0.000147545099025592
946080000.0,833,-3462.40966796875,-0.000147880215081386
946080000.0,834,-3465.65673828125,-0.000148209248436615
946080000.0,835,-3468.85034179688,-0.000148532519233413
946080000.0,836,-3471.99145507812,-0.000148850667756051
946080000.0,837,-3475.0810546875,-0.000149164348840714
946080000.0,838,-3478.11962890625,-0.000149472063640133
946080000.0,839,-3481.10815429688,-0.00014977554383222
946080000.0,840,-3484.04760742188,-0.00015007282490842
946080000.0,841,-3486.93872070312,-0.000150365856825374
946080000.0,842,-3489.78247070312,-0.000150654363096692
946080000.0,843,-3492.5791015625,-0.000150937659782358
946080000.0,844,-3495.32983398438,-0.000151216416270472
946080000.0,845,-3498.03540039062,-0.000151490428834222
946080000.0,846,-3500.69653320312,-0.00015176014858298
946080000.0,847,-3503.31372070312,-0.000152025284478441
946080000.0,848,-3505.88793945312,-0.000152286578668281
946080000.0,849,-3508.41967773438,-0.000152543158037588
946080000.0,850,-3510.90991210938,-0.000152795168105513
946080000.0,851,-3513.35913085938,-0.000153043729369529
946080000.0,852,-3515.76806640625,-0.000153288303408772
946080000.0,853,-3518.13720703125,-0.000153527827933431
946080000.0,854,-3520.46752929688,-0.000153764107380994
946080000.0,855,-3522.75952148438,-0.000153996195876971
946080000.0,856,-3525.01391601562,-0.000154225184815004
946080000.0,857,-3527.23095703125,-0.000154449793626554
946080000.0,858,-3529.41162109375,-0.000154670691699721
946080000.0,859,-3531.55639648438,-0.000154888053657487
946080000.0,860,-3533.666015625,-0.000155101341078989
946080000.0,861,-3535.74096679688,-0.000155312212882563
946080000.0,862,-3537.78149414062,-0.000155519315740094
946080000.0,863,-3539.78857421875,-0.000155722897034138
946080000.0,864,-3541.7626953125,-0.00015592243289575
946080000.0,865,-3543.70434570312,-0.000156119509483688
946080000.0,866,-3545.61401367188,-0.000156312918988988
946080000.0,867,-3547.49243164062,-0.000156502705067396
946080000.0,868,-3549.33984375,-0.000156690395670012
946080000.0,869,-3551.15673828125,-0.000156874360982329
946080000.0,870,-3552.94384765625,-0.000157055663294159
946080000.0,871,-3554.70141601562,-0.000157233735080808
946080000.0,872,-3556.43017578125,-0.000157409347593784
946080000.0,873,-3558.13061523438,-0.000157581569510512
946080000.0,874,-3559.80297851562,-0.000157750575453974
946080000.0,875,-3561.44775390625,-0.000157917136675678
946080000.0,876,-3563.06567382812,-0.000158081340487115
946080000.0,877,-3564.65673828125,-0.000158242575707845
946080000.0,878,-3566.2216796875,-0.000158400769578293
946080000.0,879,-3567.76098632812,-0.000158557115355507
946080000.0,880,-3569.27490234375,-0.000158710827236064
946080000.0,881,-3570.76391601562,-0.000158861104864627
946080000.0,882,-3572.228515625,-0.000159009257913567
946080000.0,883,-3573.6689453125,-0.000159154820721596
946080000.0,884,-3575.08569335938,-0.000159297880600207
946080000.0,885,-3576.47900390625,-0.000159438845003024
946080000.0,886,-3577.849609375,-0.000159576811711304
946080000.0,887,-3579.19750976562,-0.000159712071763352
946080000.0,888,-3580.52319335938,-0.000159845003508963
946080000.0,889,-3581.8271484375,-0.000159976669237949
946080000.0,890,-3583.10986328125,-0.00016010484250728
946080000.0,891,-3584.37109375,-0.000160233656060882
946080000.0,892,-3585.61181640625,-0.00016035686712712
946080000.0,893,-3586.83203125,-0.000160490759299137
946080000.0,894,-3588.0322265625,-0.000160605370183475
946080000.0,895,-3589.21264648438,-0.00016077452164609
946080000.0,896,-3590.37377929688,-0.000160849653184414
946080000.0,897,-3591.515625,-0.00016118329949677
946080000.0,898,-3592.638671875,-0.000161024072440341
946080000.0,899,-3593.74340820312,-0.000162135547725484
946080000.0,900,-3594.82983398438,-0.000160611380124465
946080000.0,901,-3595.8984375,-0.000165710589499213
946080000.0,902,-3596.94946289062,-0.000156286376295611
946080000.0,903,-3597.98315429688,-0.000183586424100213
946080000.0,904,-3599.0,-0.000128443600260653
